night,dow,checkout,hotel,room,bathroom,price_jpy,price_thb,under_cap_2800thb,review_score,review_count,free_cancellation,breakfast_included,source,url
2026-11-06,Fri,2026-11-07,池袋 4 丁目に位置するHanano Sato Lumiere 新宿 銀座 上野 秋葉原など東京主要観光地へのアクセスが非常に良好です 徒歩圏内に 24 時間コンビニ 銭湯がございます,New to Booking.com,unverified,7004,1465,yes,8.5,2,no,no,Booking (review>=8 filter),https://www.booking.com/hotel/jp/hanano-sato-lumiere.html?checkin=2026-11-06&checkout=2026-11-07&group_adults=2&no_rooms=1&selected_currency=JPY
2026-11-06,Fri,2026-11-07,HANANOsato 池袋四丁目 東京中心の好立地 新宿 銀座 大型ショッピング街へ電車ですぐ周辺に銭湯も多数あり 無料Wi-Fi完備で観光滞在に最適です,,private,7073,1480,yes,,0,yes,no,Booking (hotel/apartment filter),https://www.booking.com/hotel/jp/hananosato-chi-dai-si-ding-mu.html?checkin=2026-11-06&checkout=2026-11-07&group_adults=2&no_rooms=1&selected_currency=JPY
2026-11-06,Fri,2026-11-07,サクラシャドウ東池袋,One-Bedroom Apartment,private,7746,1620,yes,5.4,13,yes,no,Booking (hotel/apartment filter),https://www.booking.com/hotel/jp/sakurasiyadoudong-chi-dai.html?checkin=2026-11-06&checkout=2026-11-07&group_adults=2&no_rooms=1&selected_currency=JPY
2026-11-06,Fri,2026-11-07,愛の屋ホテル池袋,One-Bedroom Apartment,private,9000,1883,yes,3.6,9,no,no,Booking (hotel/apartment filter),https://www.booking.com/hotel/jp/ai-nowu-hoteruchi-dai.html?checkin=2026-11-06&checkout=2026-11-07&group_adults=2&no_rooms=1&selected_currency=JPY
2026-11-06,Fri,2026-11-07,雲海池袋 101貸切 要町駅徒歩7分 池袋バスまで6分 高速WiFi スマートロック 最大3名,,private,9000,1883,yes,10.0,0,no,no,Booking (hotel/apartment filter),https://www.booking.com/hotel/jp/yun-hai-chi-dai-101dai-qie-yao-ting-yi-tu-bu-7fen-chi-dai-basumade6fen-gao-su-wi.html?checkin=2026-11-06&checkout=2026-11-07&group_adults=2&no_rooms=1&selected_currency=JPY
2026-11-06,Fri,2026-11-07,雲海池袋 101貸切 要町駅徒歩7分 池袋バスまで6分 高速WiFi スマートロック 最大3名,,unverified,9000,1883,yes,10.0,0,no,no,Booking (review>=8 filter),https://www.booking.com/hotel/jp/yun-hai-chi-dai-101dai-qie-yao-ting-yi-tu-bu-7fen-chi-dai-basumade6fen-gao-su-wi.html?checkin=2026-11-06&checkout=2026-11-07&group_adults=2&no_rooms=1&selected_currency=JPY
2026-11-06,Fri,2026-11-07,Business Hotel Kankokukan - Vacation STAY 45862v,Apartment,unverified,9013,1886,yes,8.0,12,yes,no,Booking (review>=8 filter),https://www.booking.com/hotel/jp/business-kankokukan-vacation-stay-45862v.html?checkin=2026-11-06&checkout=2026-11-07&group_adults=2&no_rooms=1&selected_currency=JPY
2026-11-06,Fri,2026-11-07,愛の屋民泊池袋,One-Bedroom Apartment,private,9818,2054,yes,6.2,45,no,no,Booking (hotel/apartment filter),https://www.booking.com/hotel/jp/ai-nowu-min-bo-chi-dai.html?checkin=2026-11-06&checkout=2026-11-07&group_adults=2&no_rooms=1&selected_currency=JPY
2026-11-06,Fri,2026-11-07,Tabist Hotel Aurora Ikebukuro,Double Room - Smoking,private,9909,2073,yes,6.7,480,yes,no,Booking (hotel/apartment filter),https://www.booking.com/hotel/jp/hoteruorora.html?checkin=2026-11-06&checkout=2026-11-07&group_adults=2&no_rooms=1&selected_currency=JPY
2026-11-06,Fri,2026-11-07,アイリスコート,One-Bedroom Apartment,private,10163,2126,yes,9.3,17,no,no,Booking (hotel/apartment filter),https://www.booking.com/hotel/jp/airisukoto101hao-shi.html?checkin=2026-11-06&checkout=2026-11-07&group_adults=2&no_rooms=1&selected_currency=JPY
2026-11-06,Fri,2026-11-07,アイリスコート,One-Bedroom Apartment,unverified,10163,2126,yes,9.3,17,no,no,Booking (review>=8 filter),https://www.booking.com/hotel/jp/airisukoto101hao-shi.html?checkin=2026-11-06&checkout=2026-11-07&group_adults=2&no_rooms=1&selected_currency=JPY
2026-11-06,Fri,2026-11-07,メリス池袋East 402,One-Bedroom Apartment,unverified,10898,2280,yes,8.7,16,no,no,Booking (review>=8 filter),https://www.booking.com/hotel/jp/merisuchi-dai-east-402.html?checkin=2026-11-06&checkout=2026-11-07&group_adults=2&no_rooms=1&selected_currency=JPY
2026-11-06,Fri,2026-11-07,House Ikebukuro,Japanese Style Economy Room,shared,10909,2282,yes,8.4,1381,yes,no,Booking (hotel/apartment filter),https://www.booking.com/hotel/jp/house-ikebukuro.html?checkin=2026-11-06&checkout=2026-11-07&group_adults=2&no_rooms=1&selected_currency=JPY
2026-11-06,Fri,2026-11-07,House Ikebukuro,Japanese Style Economy Room,shared,10909,2282,yes,8.4,1381,yes,no,Booking (review>=8 filter),https://www.booking.com/hotel/jp/house-ikebukuro.html?checkin=2026-11-06&checkout=2026-11-07&group_adults=2&no_rooms=1&selected_currency=JPY
2026-11-06,Fri,2026-11-07,"BRT102 Near Ikebukuro, Easy Tokyo Access",,unverified,11008,2303,yes,8.0,0,yes,no,Booking (review>=8 filter),https://www.booking.com/hotel/jp/brt102-apartment-102-for-2-people-direct-access-to-shinjuku-and-shibuya-on-the-y.html?checkin=2026-11-06&checkout=2026-11-07&group_adults=2&no_rooms=1&selected_currency=JPY
2026-11-06,Fri,2026-11-07,パインセンターハイツ池袋,,private,11045,2311,yes,,0,no,no,Booking (hotel/apartment filter),https://www.booking.com/hotel/jp/painsentahaituchi-dai.html?checkin=2026-11-06&checkout=2026-11-07&group_adults=2&no_rooms=1&selected_currency=JPY
2026-11-06,Fri,2026-11-07,Tabist Hotel Florida Ikebukuro,Double Room - Smoking,private,11091,2320,yes,6.7,161,yes,no,Booking (hotel/apartment filter),https://www.booking.com/hotel/jp/florida-dong-jing.html?checkin=2026-11-06&checkout=2026-11-07&group_adults=2&no_rooms=1&selected_currency=JPY
2026-11-06,Fri,2026-11-07,nestay miriz tokyo ikebukuro,Late Escape Deal,unverified,11092,2320,yes,8.4,179,no,no,Booking (review>=8 filter),https://www.booking.com/hotel/jp/nestay-miriz-tokyo-ikebukuro.html?checkin=2026-11-06&checkout=2026-11-07&group_adults=2&no_rooms=1&selected_currency=JPY
2026-11-06,Fri,2026-11-07,Reimi Mondo703,Two-Bedroom Apartment,private,11160,2335,yes,8.0,3,no,no,Booking (hotel/apartment filter),https://www.booking.com/hotel/jp/reimi-mondo703.html?checkin=2026-11-06&checkout=2026-11-07&group_adults=2&no_rooms=1&selected_currency=JPY
2026-11-06,Fri,2026-11-07,Reimi Mondo703,Two-Bedroom Apartment,unverified,11160,2335,yes,8.0,3,no,no,Booking (review>=8 filter),https://www.booking.com/hotel/jp/reimi-mondo703.html?checkin=2026-11-06&checkout=2026-11-07&group_adults=2&no_rooms=1&selected_currency=JPY
2026-11-06,Fri,2026-11-07,愛の屋ホテル池袋,Studio,private,11181,2339,yes,3.0,3,no,no,Booking (hotel/apartment filter),https://www.booking.com/hotel/jp/ai-nowu-hoteruchi-dai-dong-jing-du.html?checkin=2026-11-06&checkout=2026-11-07&group_adults=2&no_rooms=1&selected_currency=JPY
2026-11-06,Fri,2026-11-07,Kimi Ryokan,Twin Room,shared,11500,2406,yes,8.3,1035,yes,no,Booking (review>=8 filter),https://www.booking.com/hotel/jp/kimi-ryokan.html?checkin=2026-11-06&checkout=2026-11-07&group_adults=2&no_rooms=1&selected_currency=JPY
2026-11-06,Fri,2026-11-07,Ryoma Ikebukuro male only -Guest House - Vacation STAY 14547v,Holiday Home,private,11563,2419,yes,4.4,18,yes,no,Booking (hotel/apartment filter),https://www.booking.com/hotel/jp/ryoma-ikebukuro-guest-house-vacation-stay-14547v.html?checkin=2026-11-06&checkout=2026-11-07&group_adults=2&no_rooms=1&selected_currency=JPY
2026-11-06,Fri,2026-11-07,Ryoma Ikebukuro female only Guest House Vacation STAY 16032v,Holiday Home,private,11563,2419,yes,5.4,25,yes,no,Booking (hotel/apartment filter),https://www.booking.com/hotel/jp/ryoma-ikebukuro-guest-house-vacation-stay-16032v.html?checkin=2026-11-06&checkout=2026-11-07&group_adults=2&no_rooms=1&selected_currency=JPY
2026-11-06,Fri,2026-11-07,Hotel Amethyst,Double Room - Smoking,private,11636,2434,yes,6.4,75,yes,no,Booking (hotel/apartment filter),https://www.booking.com/hotel/jp/hoteru-amezisuto.html?checkin=2026-11-06&checkout=2026-11-07&group_adults=2&no_rooms=1&selected_currency=JPY
2026-11-06,Fri,2026-11-07,Hananogo Ikebukuro - Vacation STAY 16064v,,private,11784,2465,yes,5.0,0,yes,no,Booking (hotel/apartment filter),https://www.booking.com/hotel/jp/hananogo-ikebukuro-vacation-stay-16064v.html?checkin=2026-11-06&checkout=2026-11-07&group_adults=2&no_rooms=1&selected_currency=JPY
2026-11-06,Fri,2026-11-07,japan house Ikebukuro 2,Double Room with Private Bathroom,unverified,11867,2483,yes,8.5,249,no,no,Booking (review>=8 filter),https://www.booking.com/hotel/jp/japan-house-ikebukuro-2-toshima-city.html?checkin=2026-11-06&checkout=2026-11-07&group_adults=2&no_rooms=1&selected_currency=JPY
2026-11-06,Fri,2026-11-07,"7-minute walk from Otsuka Station,Yamanote Line 3-person Shared garden",One-Bedroom Apartment,unverified,12273,2568,yes,9.2,8,no,no,Booking (review>=8 filter),https://www.booking.com/hotel/jp/7-minute-walk-from-otsuka-station.html?checkin=2026-11-06&checkout=2026-11-07&group_adults=2&no_rooms=1&selected_currency=JPY
2026-11-06,Fri,2026-11-07,Ikebukuro Central Hotel,Standard Double Room,private,12545,2624,yes,5.8,225,yes,no,Booking (hotel/apartment filter),https://www.booking.com/hotel/jp/chi-dai-sentoraruhoteru.html?checkin=2026-11-06&checkout=2026-11-07&group_adults=2&no_rooms=1&selected_currency=JPY
2026-11-06,Fri,2026-11-07,Hotel Suntargas Otsuka - Vacation STAY 08513v,Studio,private,12545,2624,yes,6.6,19,yes,no,Booking (hotel/apartment filter),https://www.booking.com/hotel/jp/suntargas-otsuka-vacation-stay-08513v.html?checkin=2026-11-06&checkout=2026-11-07&group_adults=2&no_rooms=1&selected_currency=JPY
2026-11-06,Fri,2026-11-07,KOSUMOSU Ikebukuro Shinjuku Private House,Double Room,unverified,12727,2662,yes,8.4,146,no,no,Booking (review>=8 filter),https://www.booking.com/hotel/jp/kosumosu.html?checkin=2026-11-06&checkout=2026-11-07&group_adults=2&no_rooms=1&selected_currency=JPY
2026-11-06,Fri,2026-11-07,HOTEL PAL Otsuka -Adult Only-,Economy Double Room (Check-in after 19:00),unverified,13455,2815,no,9.2,97,yes,no,Booking (review>=8 filter),https://www.booking.com/hotel/jp/pal.html?checkin=2026-11-06&checkout=2026-11-07&group_adults=2&no_rooms=1&selected_currency=JPY
2026-11-06,Fri,2026-11-07,Hotel Suntargas Otsuka,Single Room -Smoking,private,13636,2853,no,7.6,128,yes,no,Booking (hotel/apartment filter),https://www.booking.com/hotel/jp/suntargas-otsuka.html?checkin=2026-11-06&checkout=2026-11-07&group_adults=2&no_rooms=1&selected_currency=JPY
2026-11-06,Fri,2026-11-07,Ikebukuro Center# Ikebukuro 5min walk#池袋中心地带# 池袋车站步行5分#无限制wifi#306,,unverified,13770,2881,no,9.0,0,no,no,Booking (review>=8 filter),https://www.booking.com/hotel/jp/ikebukuro-center-ikebukuro-5min-walk-chi-dai-zhong-xin-di-dai-chi-d-toshima-cit2.html?checkin=2026-11-06&checkout=2026-11-07&group_adults=2&no_rooms=1&selected_currency=JPY
2026-11-06,Fri,2026-11-07,Frame HIGASHI IKEBUKURO,Double or Twin Room,unverified,14193,2969,no,8.6,31,no,no,Booking (review>=8 filter),https://www.booking.com/hotel/jp/frame-higashiikebukuro.html?checkin=2026-11-06&checkout=2026-11-07&group_adults=2&no_rooms=1&selected_currency=JPY
2026-11-06,Fri,2026-11-07,HOTEL CHECK INN BALI adult only,Economy Double Room,private,14727,3081,no,7.2,316,yes,no,Booking (hotel/apartment filter),https://www.booking.com/hotel/jp/check-inn-bali.html?checkin=2026-11-06&checkout=2026-11-07&group_adults=2&no_rooms=1&selected_currency=JPY
2026-11-06,Fri,2026-11-07,Home Story in Tokyo JR山手線大塚駅Otsuka &東京屋語,Late Escape Deal,unverified,14760,3088,no,9.0,6,yes,no,Booking (review>=8 filter),https://www.booking.com/hotel/jp/tokyo-house-asakusa.html?checkin=2026-11-06&checkout=2026-11-07&group_adults=2&no_rooms=1&selected_currency=JPY
2026-11-06,Fri,2026-11-07,ルチル池袋東京,Late Escape Deal,unverified,14780,3092,no,8.3,187,no,no,Booking (review>=8 filter),https://www.booking.com/hotel/jp/rutile-ikebukuro.html?checkin=2026-11-06&checkout=2026-11-07&group_adults=2&no_rooms=1&selected_currency=JPY
2026-11-06,Fri,2026-11-07,桜の川 池袋駅7分 2-4人丨7 minutes from Ikebukuro Station 2-4 people,Late Escape Deal,unverified,14988,3135,no,8.2,46,no,no,Booking (review>=8 filter),https://www.booking.com/hotel/jp/ikebukuro-8min-modern-stay.html?checkin=2026-11-06&checkout=2026-11-07&group_adults=2&no_rooms=1&selected_currency=JPY
2026-11-06,Fri,2026-11-07,池袋レトロなホテル,Superior Double Room,private,15000,3138,no,7.8,138,yes,no,Booking (hotel/apartment filter),https://www.booking.com/hotel/jp/aroma-plus.html?checkin=2026-11-06&checkout=2026-11-07&group_adults=2&no_rooms=1&selected_currency=JPY
2026-11-06,Fri,2026-11-07,ジェミニス池袋303,One-Bedroom Apartment,unverified,15300,3201,no,8.5,2,yes,no,Booking (review>=8 filter),https://www.booking.com/hotel/jp/zieminisuchi-dai-303.html?checkin=2026-11-06&checkout=2026-11-07&group_adults=2&no_rooms=1&selected_currency=JPY
2026-11-06,Fri,2026-11-07,今和Hotel,One-Bedroom Apartment,unverified,15455,3233,no,8.7,95,no,no,Booking (review>=8 filter),https://www.booking.com/hotel/jp/jin-he-dong-jing-du.html?checkin=2026-11-06&checkout=2026-11-07&group_adults=2&no_rooms=1&selected_currency=JPY
2026-11-06,Fri,2026-11-07,ARM ikebukuro,One-Bedroom Apartment,unverified,15803,3306,no,8.2,45,yes,no,Booking (review>=8 filter),https://www.booking.com/hotel/jp/arm-ikebukuro.html?checkin=2026-11-06&checkout=2026-11-07&group_adults=2&no_rooms=1&selected_currency=JPY
2026-11-06,Fri,2026-11-07,池袋徒歩圏 l Mizuken Home Three bedrooms For Family Team,Three-Bedroom Apartment,unverified,15818,3309,no,8.3,20,no,no,Booking (review>=8 filter),https://www.booking.com/hotel/jp/mizuken-home-three-bedrooms-for-family-team.html?checkin=2026-11-06&checkout=2026-11-07&group_adults=2&no_rooms=1&selected_currency=JPY
2026-11-06,Fri,2026-11-07,Ikebukuro Warmハウス306,One-Bedroom Apartment,unverified,15873,3321,no,8.9,17,no,no,Booking (review>=8 filter),https://www.booking.com/hotel/jp/ikebukuro-warmhausu306.html?checkin=2026-11-06&checkout=2026-11-07&group_adults=2&no_rooms=1&selected_currency=JPY
2026-11-06,Fri,2026-11-07,HOTEL MYSTAYS Higashi Ikebukuro,Superior Semi Double - Non-Smoking - House Keeping is Optional with Additional Cost,private,15909,3328,no,8.3,1699,yes,no,Booking (hotel/apartment filter),https://www.booking.com/hotel/jp/flexstay-higashi-ikebukuro-inn.html?checkin=2026-11-06&checkout=2026-11-07&group_adults=2&no_rooms=1&selected_currency=JPY
2026-11-06,Fri,2026-11-07,HOTEL MYSTAYS Higashi Ikebukuro,Superior Semi Double - Non-Smoking - House Keeping is Optional with Additional Cost,unverified,15909,3328,no,8.3,1699,yes,no,Booking (review>=8 filter),https://www.booking.com/hotel/jp/flexstay-higashi-ikebukuro-inn.html?checkin=2026-11-06&checkout=2026-11-07&group_adults=2&no_rooms=1&selected_currency=JPY
2026-11-06,Fri,2026-11-07,HOTEL PARK SIDE,Deluxe Double Room,private,16182,3385,no,7.5,71,yes,no,Booking (hotel/apartment filter),https://www.booking.com/hotel/jp/park-side-dong-jing.html?checkin=2026-11-06&checkout=2026-11-07&group_adults=2&no_rooms=1&selected_currency=JPY
2026-11-06,Fri,2026-11-07,Garden Otsuka 302,One-Bedroom Apartment,unverified,16233,3396,no,8.2,42,yes,no,Booking (review>=8 filter),https://www.booking.com/hotel/jp/garden-otsuka-gadenda-zhong-hoteru.html?checkin=2026-11-06&checkout=2026-11-07&group_adults=2&no_rooms=1&selected_currency=JPY
2026-11-06,Fri,2026-11-07,Washington R&B Hotel Otsuka Eki Kitaguchi,Double Room with Small Double Bed - Non-Smoking,private,16364,3423,no,8.2,953,yes,no,Booking (hotel/apartment filter),https://www.booking.com/hotel/jp/r-and-b-otsukaeki-kitaguchi.html?checkin=2026-11-06&checkout=2026-11-07&group_adults=2&no_rooms=1&selected_currency=JPY
2026-11-06,Fri,2026-11-07,KOKO HOTEL Ikebukuro East,Standard Double Room - Non-Smoking,private,16364,3423,no,8.4,1366,yes,no,Booking (hotel/apartment filter),https://www.booking.com/hotel/jp/wing-international-ikebukuro.html?checkin=2026-11-06&checkout=2026-11-07&group_adults=2&no_rooms=1&selected_currency=JPY
2026-11-06,Fri,2026-11-07,Washington R&B Hotel Otsuka Eki Kitaguchi,Double Room with Small Double Bed - Non-Smoking,unverified,16364,3423,no,8.2,953,yes,no,Booking (review>=8 filter),https://www.booking.com/hotel/jp/r-and-b-otsukaeki-kitaguchi.html?checkin=2026-11-06&checkout=2026-11-07&group_adults=2&no_rooms=1&selected_currency=JPY
2026-11-06,Fri,2026-11-07,KOKO HOTEL Ikebukuro East,Standard Double Room - Non-Smoking,unverified,16364,3423,no,8.4,1366,yes,no,Booking (review>=8 filter),https://www.booking.com/hotel/jp/wing-international-ikebukuro.html?checkin=2026-11-06&checkout=2026-11-07&group_adults=2&no_rooms=1&selected_currency=JPY
2026-11-06,Fri,2026-11-07,BUSHIDO Ikebukuro -Tokyo,One-Bedroom Apartment,unverified,16515,3455,no,8.9,7,yes,no,Booking (review>=8 filter),https://www.booking.com/hotel/jp/ri-ben-rasisawogan-zirugu-min-jia-yin-rejia-wodai-qie-ri.html?checkin=2026-11-06&checkout=2026-11-07&group_adults=2&no_rooms=1&selected_currency=JPY
2026-11-06,Fri,2026-11-07,Shiratori306 B036,New to Booking.com,unverified,16936,3543,no,8.3,3,yes,no,Booking (review>=8 filter),https://www.booking.com/hotel/jp/b036po-wei-sanbai-niao-306a.html?checkin=2026-11-06&checkout=2026-11-07&group_adults=2&no_rooms=1&selected_currency=JPY
2026-11-06,Fri,2026-11-07,KOKO HOTEL Ikebukuro,Small Double Room - Non-Smoking,unverified,17437,3648,no,8.6,1616,yes,no,Booking (review>=8 filter),https://www.booking.com/hotel/jp/wing-international-select-ikebukuro.html?checkin=2026-11-06&checkout=2026-11-07&group_adults=2&no_rooms=1&selected_currency=JPY
2026-11-06,Fri,2026-11-07,Ikebukuro center#池袋中心#高级阳光公寓车站步行5分#高速wifi1208,One-Bedroom Apartment,unverified,17618,3686,no,8.5,7,no,no,Booking (review>=8 filter),https://www.booking.com/hotel/jp/ikebukuro-center-chi-dai-zhong-xin-gao-ji-yang-guang-gong-yu-che-zh-toshima-city.html?checkin=2026-11-06&checkout=2026-11-07&group_adults=2&no_rooms=1&selected_currency=JPY
2026-11-06,Fri,2026-11-07,japan house Otsuka,One-Bedroom Apartment,unverified,17836,3731,no,9.0,141,no,no,Booking (review>=8 filter),https://www.booking.com/hotel/jp/japan-house-otsuka.html?checkin=2026-11-06&checkout=2026-11-07&group_adults=2&no_rooms=1&selected_currency=JPY
2026-11-06,Fri,2026-11-07,APA Hotel Yamanote Otsuka Ekimae Tower,Standard Double Room - Non-Smoking,unverified,18164,3800,no,8.5,8714,yes,no,Booking (review>=8 filter),https://www.booking.com/hotel/jp/apa-yamanote-otsuka-eki-tower.html?checkin=2026-11-06&checkout=2026-11-07&group_adults=2&no_rooms=1&selected_currency=JPY
2026-11-06,Fri,2026-11-07,Reimi Mondo301,Suite,unverified,18182,3804,no,8.2,9,no,no,Booking (review>=8 filter),https://www.booking.com/hotel/jp/reimi-mondo-tokyo.html?checkin=2026-11-06&checkout=2026-11-07&group_adults=2&no_rooms=1&selected_currency=JPY
2026-11-06,Fri,2026-11-07,R&B Hotel Otsuka Eki Kitaguchi - Vacation STAY 14227v,,unverified,18182,3804,no,10.0,0,yes,yes,Booking (review>=8 filter),https://www.booking.com/hotel/jp/r-b-otsuka-eki-kitaguchi-vacation-stay-14227v.html?checkin=2026-11-06&checkout=2026-11-07&group_adults=2&no_rooms=1&selected_currency=JPY
2026-11-06,Fri,2026-11-07,"10min walk Ikebukuro Sta JR , 10min Shinjuku Sta, Wi-Fi, PocketWiFi",One-Bedroom Apartment,unverified,18612,3894,no,8.0,73,yes,no,Booking (review>=8 filter),https://www.booking.com/hotel/jp/ikebukuro-li-dao-qu.html?checkin=2026-11-06&checkout=2026-11-07&group_adults=2&no_rooms=1&selected_currency=JPY
2026-11-06,Fri,2026-11-07,Petit Bali Ikebukuro,Economy Double Room - Smoking,unverified,18655,3903,no,8.4,281,yes,no,Booking (review>=8 filter),https://www.booking.com/hotel/jp/hoteruputeibarichi-dai-dian-dong-jing.html?checkin=2026-11-06&checkout=2026-11-07&group_adults=2&no_rooms=1&selected_currency=JPY
2026-11-06,Fri,2026-11-07,Swan Park Ikebukuro,One-Bedroom Apartment,unverified,18954,3965,no,8.2,33,no,no,Booking (review>=8 filter),https://www.booking.com/hotel/jp/suwanpakuchi-dai.html?checkin=2026-11-06&checkout=2026-11-07&group_adults=2&no_rooms=1&selected_currency=JPY
2026-11-06,Fri,2026-11-07,Laluna Higashiikebukuro,One-Bedroom Apartment,unverified,18962,3967,no,8.1,85,yes,no,Booking (review>=8 filter),https://www.booking.com/hotel/jp/laluna-higashiikebukuro-dong-jing-du.html?checkin=2026-11-06&checkout=2026-11-07&group_adults=2&no_rooms=1&selected_currency=JPY
2026-11-06,Fri,2026-11-07,Super Hotel Ikebukuro-Eki Kitaguchi,Double Room with Small Double Bed,unverified,19246,4026,no,8.2,841,no,no,Booking (review>=8 filter),https://www.booking.com/hotel/jp/super-hotel-inn-ikebukuroeki-kitaguchi.html?checkin=2026-11-06&checkout=2026-11-07&group_adults=2&no_rooms=1&selected_currency=JPY
2026-11-06,Fri,2026-11-07,Maison Highway Ikebukuro,One-Bedroom Apartment,unverified,19753,4132,no,9.0,5,yes,no,Booking (review>=8 filter),https://www.booking.com/hotel/jp/maison-highway-ikebukuro.html?checkin=2026-11-06&checkout=2026-11-07&group_adults=2&no_rooms=1&selected_currency=JPY
2026-11-06,Fri,2026-11-07,SUPER HOTEL Ikebukuro West Natural Hot Spring,Room Selected at Check-In,unverified,19949,4173,no,8.7,1349,no,yes,Booking (review>=8 filter),https://www.booking.com/hotel/jp/super-hotel-jr-ikebukuro-nishiguchi.html?checkin=2026-11-06&checkout=2026-11-07&group_adults=2&no_rooms=1&selected_currency=JPY
2026-11-06,Fri,2026-11-07,"YFhouse池袋ikebukuro-Direct to Ginza, Tokyo Dome, and the Harry Potter Studio Tour Tokyo",Studio with Balcony,unverified,20000,4184,no,9.1,8,yes,no,Booking (review>=8 filter),https://www.booking.com/hotel/jp/yfhousechi-dai-ikebukuro.html?checkin=2026-11-06&checkout=2026-11-07&group_adults=2&no_rooms=1&selected_currency=JPY
2026-11-06,Fri,2026-11-07,HOTEL APERTO (Adult Only),Check-in after 9pm - Standard Double Room,unverified,20127,4211,no,8.7,1297,yes,no,Booking (review>=8 filter),https://www.booking.com/hotel/jp/aperto.html?checkin=2026-11-06&checkout=2026-11-07&group_adults=2&no_rooms=1&selected_currency=JPY
2026-11-06,Fri,2026-11-07,Ostay Ikebukuro Dairaku Hotel Apartment,One-Bedroom Apartment,unverified,20403,4268,no,8.9,29,no,no,Booking (review>=8 filter),https://www.booking.com/hotel/jp/ostay-ikebukuro-dairaku-apartment-toshima-city1.html?checkin=2026-11-06&checkout=2026-11-07&group_adults=2&no_rooms=1&selected_currency=JPY
2026-11-06,Fri,2026-11-07,tokyo Japandi apartment ikebukuro,Late Escape Deal,unverified,20538,4297,no,8.6,80,no,no,Booking (review>=8 filter),https://www.booking.com/hotel/jp/citorine-ikebukuro.html?checkin=2026-11-06&checkout=2026-11-07&group_adults=2&no_rooms=1&selected_currency=JPY
2026-11-06,Fri,2026-11-07,HOTEL VARKIN ANNEX,Standard Double Room,unverified,20791,4349,no,8.6,741,no,no,Booking (review>=8 filter),https://www.booking.com/hotel/jp/varkin-annex.html?checkin=2026-11-06&checkout=2026-11-07&group_adults=2&no_rooms=1&selected_currency=JPY
2026-11-06,Fri,2026-11-07,Exquisite business hotel Bella,Double Room with Private Bathroom,unverified,20933,4379,no,8.4,220,yes,no,Booking (review>=8 filter),https://www.booking.com/hotel/jp/bella-toshima-city1.html?checkin=2026-11-06&checkout=2026-11-07&group_adults=2&no_rooms=1&selected_currency=JPY
2026-11-06,Fri,2026-11-07,Super Hotel Tokyo Otsuka,Double Room,unverified,21344,4465,no,8.8,750,no,yes,Booking (review>=8 filter),https://www.booking.com/hotel/jp/super-tokyo-otsuka.html?checkin=2026-11-06&checkout=2026-11-07&group_adults=2&no_rooms=1&selected_currency=JPY
2026-11-06,Fri,2026-11-07,Wellsquareism Ikebukuro East,One-Bedroom Apartment,unverified,21772,4555,no,8.7,41,yes,no,Booking (review>=8 filter),https://www.booking.com/hotel/jp/well-square-ikebukuro-east.html?checkin=2026-11-06&checkout=2026-11-07&group_adults=2&no_rooms=1&selected_currency=JPY
2026-11-06,Fri,2026-11-07,AM's 502 Movie 5 min to Ikebukuro 13 min to Shinjuku Station 19 min to Shibuya Station with coworking space,One-Bedroom Apartment,unverified,22091,4621,no,8.5,4,no,no,Booking (review>=8 filter),https://www.booking.com/hotel/jp/ams-502-movie-5-min-to-ikebukuro-13-min-to-shinjuku-station-19-min-to-shibuya-st.html?checkin=2026-11-06&checkout=2026-11-07&group_adults=2&no_rooms=1&selected_currency=JPY
2026-11-06,Fri,2026-11-07,Keio Presso Inn Ikebukuro,Double Room with Small Double Bed - Non-Smoking,unverified,22187,4642,no,8.5,1433,yes,no,Booking (review>=8 filter),https://www.booking.com/hotel/jp/keio-presson-inn-ikebukuro.html?checkin=2026-11-06&checkout=2026-11-07&group_adults=2&no_rooms=1&selected_currency=JPY
2026-11-06,Fri,2026-11-07,Ciel東池袋,New to Booking.com,unverified,22402,4686,no,8.5,16,no,no,Booking (review>=8 filter),https://www.booking.com/hotel/jp/cieldong-chi-dai.html?checkin=2026-11-06&checkout=2026-11-07&group_adults=2&no_rooms=1&selected_currency=JPY
2026-11-06,Fri,2026-11-07,フクロウ庵101,Apartment,unverified,22429,4692,no,9.0,5,yes,no,Booking (review>=8 filter),https://www.booking.com/hotel/jp/kopogang-qi-101.html?checkin=2026-11-06&checkout=2026-11-07&group_adults=2&no_rooms=1&selected_currency=JPY
2026-11-06,Fri,2026-11-07,Jr山手线大塚站步行2分钟 東南社3号,Two-Bedroom Apartment with Balcony,unverified,22745,4758,no,8.8,9,no,no,Booking (review>=8 filter),https://www.booking.com/hotel/jp/jrshan-shou-xian-da-zhong-zhan-bu-xing-2fen-zhong-dong-nan-she-3hao.html?checkin=2026-11-06&checkout=2026-11-07&group_adults=2&no_rooms=1&selected_currency=JPY
2026-11-06,Fri,2026-11-07,"Luce Ikebukuro - Cozy APT Stay in Ikebukuro Tokyo, with Direct Access to Shinjuku & Shibuya",Late Escape Deal,unverified,23509,4918,no,8.1,68,no,no,Booking (review>=8 filter),https://www.booking.com/hotel/jp/lucechi-dai.html?checkin=2026-11-06&checkout=2026-11-07&group_adults=2&no_rooms=1&selected_currency=JPY
2026-11-06,Fri,2026-11-07,Shiratori303 B035,New to Booking.com,unverified,23579,4933,no,,0,yes,no,Booking (review>=8 filter),https://www.booking.com/hotel/jp/b035po-wei-sanbai-niao-303a.html?checkin=2026-11-06&checkout=2026-11-07&group_adults=2&no_rooms=1&selected_currency=JPY
2026-11-06,Fri,2026-11-07,Y's INN Ikebukuro 013T,Villa,unverified,23677,4953,no,8.9,9,yes,no,Booking (review>=8 filter),https://www.booking.com/hotel/jp/dong-chi-dai-jrda-zhong-yi-tu-bu-6fen-sansiyainsoba3dk-54mchi-dai-tu-bu-17fen-ji.html?checkin=2026-11-06&checkout=2026-11-07&group_adults=2&no_rooms=1&selected_currency=JPY
2026-11-06,Fri,2026-11-07,Super Hotel Premier Ikebukuro Natural Hot Spring,Room Selected at Check-In,unverified,23858,4991,no,8.8,1985,no,no,Booking (review>=8 filter),https://www.booking.com/hotel/jp/supahoterupremierchi-dai-tian-ran-wen-quan.html?checkin=2026-11-06&checkout=2026-11-07&group_adults=2&no_rooms=1&selected_currency=JPY
2026-11-06,Fri,2026-11-07,Cross Bridge Ikebukuro,Two-Bedroom Apartment,unverified,23888,4997,no,8.4,22,no,no,Booking (review>=8 filter),https://www.booking.com/hotel/jp/cross-bridge-ikebukuro.html?checkin=2026-11-06&checkout=2026-11-07&group_adults=2&no_rooms=1&selected_currency=JPY
2026-11-06,Fri,2026-11-07,Centurion Hotel Ikebukuro Station,Standard Semi-Double Room - Non Smoking,unverified,23933,5007,no,8.1,1745,yes,no,Booking (review>=8 filter),https://www.booking.com/hotel/jp/centurion-ikebukuro.html?checkin=2026-11-06&checkout=2026-11-07&group_adults=2&no_rooms=1&selected_currency=JPY
2026-11-06,Fri,2026-11-07,Sakura Bella Ikebukuro,Double Room,unverified,25585,5352,no,8.1,606,yes,no,Booking (review>=8 filter),https://www.booking.com/hotel/jp/bella.html?checkin=2026-11-06&checkout=2026-11-07&group_adults=2&no_rooms=1&selected_currency=JPY
2026-11-06,Fri,2026-11-07,MSTAY池袋one,Three-Bedroom Villa,unverified,26161,5473,no,9.1,7,yes,no,Booking (review>=8 filter),https://www.booking.com/hotel/jp/mstaychi-dai-one.html?checkin=2026-11-06&checkout=2026-11-07&group_adults=2&no_rooms=1&selected_currency=JPY
2026-11-06,Fri,2026-11-07,COCOYO Hotel Otsuka,Economy Twin Room,unverified,26182,5477,no,8.6,440,yes,no,Booking (review>=8 filter),https://www.booking.com/hotel/jp/cocoyo.html?checkin=2026-11-06&checkout=2026-11-07&group_adults=2&no_rooms=1&selected_currency=JPY
2026-11-06,Fri,2026-11-07,Ikebukuro 2Room D3,Two-Bedroom Apartment,unverified,26190,5479,no,8.7,7,no,no,Booking (review>=8 filter),https://www.booking.com/hotel/jp/ikebukuro-2room-d3.html?checkin=2026-11-06&checkout=2026-11-07&group_adults=2&no_rooms=1&selected_currency=JPY
2026-11-06,Fri,2026-11-07,OMO5 Tokyo Otsuka by Hoshino Resorts,YAGURA Room,unverified,26509,5546,no,8.8,1371,no,no,Booking (review>=8 filter),https://www.booking.com/hotel/jp/xing-ye-rizoto-omo5-da-zhong.html?checkin=2026-11-06&checkout=2026-11-07&group_adults=2&no_rooms=1&selected_currency=JPY
2026-11-06,Fri,2026-11-07,BaliAn Resort Forest Ikebukuro,Comfort Double Room - Smoking,unverified,27098,5669,no,9.0,90,yes,no,Booking (review>=8 filter),https://www.booking.com/hotel/jp/hoterubarianrizotohuoresutochi-dai-xi-kou-dian.html?checkin=2026-11-06&checkout=2026-11-07&group_adults=2&no_rooms=1&selected_currency=JPY
2026-11-06,Fri,2026-11-07,别墅A棟 池袋商圈 大塚站7分钟 3个房间 交通便利 最大8人 Ikebukuro center 7 mins to ST Max 8P 直达新宿 涉谷 表参道 池袋 上野 代代木 银座 原宿,Three-Bedroom Villa,unverified,27818,5820,no,9.5,4,yes,no,Booking (review>=8 filter),https://www.booking.com/hotel/jp/bie-shu-chi-dai-shang-quan-da-zhong-zhan-7fen-zhong-3ge-fang-jian-jiao-tong-bian.html?checkin=2026-11-06&checkout=2026-11-07&group_adults=2&no_rooms=1&selected_currency=JPY
2026-11-06,Fri,2026-11-07,"2 Minutes Walk to Ikebukuro Station, Central Tokyo and Very Convenient",One-Bedroom Apartment,unverified,27982,5854,no,9.6,16,no,no,Booking (review>=8 filter),https://www.booking.com/hotel/jp/2-min-walk-to-ikebukuro-station.html?checkin=2026-11-06&checkout=2026-11-07&group_adults=2&no_rooms=1&selected_currency=JPY
2026-11-06,Fri,2026-11-07,R&B Hotel Otsuka Eki Kitaguchi - Vacation STAY 40484v,Studio,unverified,28356,5932,no,8.3,113,yes,no,Booking (review>=8 filter),https://www.booking.com/hotel/jp/r-b-otsuka-eki-kitaguchi-vacation-stay-40484v.html?checkin=2026-11-06&checkout=2026-11-07&group_adults=2&no_rooms=1&selected_currency=JPY
2026-11-06,Fri,2026-11-07,Nishi-Ikebukuro japanesestyle,,unverified,29091,6086,no,8.0,0,yes,no,Booking (review>=8 filter),https://www.booking.com/hotel/jp/japanesestyle-dian-che-dexin-su-made6fen-qian-cao-made30fen.html?checkin=2026-11-06&checkout=2026-11-07&group_adults=2&no_rooms=1&selected_currency=JPY
2026-11-06,Fri,2026-11-07,R&B Hotel Otsuka Eki Kitaguchi - Vacation STAY 14221v,Studio,unverified,29455,6162,no,8.2,18,yes,no,Booking (review>=8 filter),https://www.booking.com/hotel/jp/r-b-otsuka-eki-kitaguchi-vacation-stay-14221v.html?checkin=2026-11-06&checkout=2026-11-07&group_adults=2&no_rooms=1&selected_currency=JPY
2026-11-06,Fri,2026-11-07,Tokyu Stay Ikebukuro,Moderate double Room - Non Smoking,unverified,29553,6182,no,8.7,1137,no,no,Booking (review>=8 filter),https://www.booking.com/hotel/jp/tokyu-stay-ikebukuro.html?checkin=2026-11-06&checkout=2026-11-07&group_adults=2&no_rooms=1&selected_currency=JPY
2026-11-06,Fri,2026-11-07,池袋4丁目貸切一軒家最大七名,Three-Bedroom Apartment,unverified,30227,6323,no,9.1,6,yes,no,Booking (review>=8 filter),https://www.booking.com/hotel/jp/ikebukuro-walking-distance-family-villa-max-7-people-whole-rental-wi-fi.html?checkin=2026-11-06&checkout=2026-11-07&group_adults=2&no_rooms=1&selected_currency=JPY
2026-11-06,Fri,2026-11-07,Cosmy-2 IC53,One-Bedroom Apartment,unverified,30291,6337,no,8.1,8,yes,no,Booking (review>=8 filter),https://www.booking.com/hotel/jp/cosmy-2-ic53.html?checkin=2026-11-06&checkout=2026-11-07&group_adults=2&no_rooms=1&selected_currency=JPY
2026-11-06,Fri,2026-11-07,Hotel Moana Otsuka (Adult Only),Quadruple Room,unverified,30909,6466,no,8.0,303,yes,no,Booking (review>=8 filter),https://www.booking.com/hotel/jp/hoteru-moana-otsuka.html?checkin=2026-11-06&checkout=2026-11-07&group_adults=2&no_rooms=1&selected_currency=JPY
2026-11-06,Fri,2026-11-07,新宿 涉谷 原宿可多线直达 有Wifi 山手线大站池袋车站一戸建,,unverified,31091,6504,no,10.0,0,no,no,Booking (review>=8 filter),https://www.booking.com/hotel/jp/xin-su-she-gu-yuan-su-ke-duo-xian-zhi-da-you-wifi-shan-shou-xian-da-zhan-chi-dai.html?checkin=2026-11-06&checkout=2026-11-07&group_adults=2&no_rooms=1&selected_currency=JPY
2026-11-06,Fri,2026-11-07,Y's INN Ikefukuro 109T,Villa,unverified,31371,6563,no,8.3,3,yes,no,Booking (review>=8 filter),https://www.booking.com/hotel/jp/chi-dai-chi-dai-yi-madetu-bu-11fen-xin-su-shibui-gu-qian-cao-yin-zuo-qiu-xie-yua.html?checkin=2026-11-06&checkout=2026-11-07&group_adults=2&no_rooms=1&selected_currency=JPY
2026-11-06,Fri,2026-11-07,Owl inn,Apartment,unverified,31418,6573,no,8.0,5,no,no,Booking (review>=8 filter),https://www.booking.com/hotel/jp/owl-inn.html?checkin=2026-11-06&checkout=2026-11-07&group_adults=2&no_rooms=1&selected_currency=JPY
2026-11-06,Fri,2026-11-07,悠悠之家 池袋商业区 7分钟步行到池袋车站 3层独栋别墅 全新 3房2厅厨卫齐全 免费车库 奈飞影院,Three-Bedroom Villa,unverified,31818,6656,no,9.5,2,no,no,Booking (review>=8 filter),https://www.booking.com/hotel/jp/you-you-zhi-jia-chi-dai-shang-ye-qu-7fen-zhong-bu-xing-dao-chi-dai-che-zhan-3cen.html?checkin=2026-11-06&checkout=2026-11-07&group_adults=2&no_rooms=1&selected_currency=JPY
2026-11-06,Fri,2026-11-07,SLEEPLAB THE STAY 池袋 -Ikebukuro-,One-Bedroom Family Apartment,unverified,32318,6761,no,8.1,12,no,no,Booking (review>=8 filter),https://www.booking.com/hotel/jp/sleeplab-the-stay-chi-dai-ikebukuro.html?checkin=2026-11-06&checkout=2026-11-07&group_adults=2&no_rooms=1&selected_currency=JPY
2026-11-06,Fri,2026-11-07,桜の川65 池袋駅C6口 8分 2-10人丨Ikebukuro JR Line C6 Exit 8 minutes 2-10 people,Late Escape Deal,unverified,32989,6901,no,9.5,27,no,no,Booking (review>=8 filter),https://www.booking.com/hotel/jp/ying-nochuan-65-ikebukuro-area.html?checkin=2026-11-06&checkout=2026-11-07&group_adults=2&no_rooms=1&selected_currency=JPY
2026-11-06,Fri,2026-11-07,Oasis IKEBUKURO,Late Escape Deal,unverified,33840,7079,no,8.0,2,no,no,Booking (review>=8 filter),https://www.booking.com/hotel/jp/oasis-ikebukuro.html?checkin=2026-11-06&checkout=2026-11-07&group_adults=2&no_rooms=1&selected_currency=JPY
2026-11-06,Fri,2026-11-07,Yume No Yado Irodori 127t,Villa,unverified,35648,7458,no,,0,yes,no,Booking (review>=8 filter),https://www.booking.com/hotel/jp/127t-meng-nosu-cai-ri-3ldkyi-xuan-jia-dai-qie-chi-dai-yi-tu-bu-10fen-siyotupingu.html?checkin=2026-11-06&checkout=2026-11-07&group_adults=2&no_rooms=1&selected_currency=JPY
2026-11-06,Fri,2026-11-07,Dormy Inn Ikebukuro - Natural Hot Spring,Late Escape Deal,unverified,37182,7778,no,8.7,1808,yes,no,Booking (review>=8 filter),https://www.booking.com/hotel/jp/domiinchi-dai.html?checkin=2026-11-06&checkout=2026-11-07&group_adults=2&no_rooms=1&selected_currency=JPY
2026-11-06,Fri,2026-11-07,"SCD155 Private House for 9 with Rooftop in Ikebukuro, Direct Access to Tokyo's Core Commercial Districts",Villa,unverified,37183,7779,no,8.8,5,yes,no,Booking (review>=8 filter),https://www.booking.com/hotel/jp/spacious-villa-in-ikebukuro-suburbs-direct-access-to-tokyos-core-commercial-dist.html?checkin=2026-11-06&checkout=2026-11-07&group_adults=2&no_rooms=1&selected_currency=JPY
2026-11-06,Fri,2026-11-07,SCD2 Fully Equipped House for 9 in Ikebukuro,Three-Bedroom Villa,unverified,37391,7822,no,8.0,6,yes,no,Booking (review>=8 filter),https://www.booking.com/hotel/jp/ikebukuro-commercial-district-premium-homestay.html?checkin=2026-11-06&checkout=2026-11-07&group_adults=2&no_rooms=1&selected_currency=JPY
2026-11-06,Fri,2026-11-07,Yume No Yado Tsubasa 132t,Standard Villa,unverified,37742,7896,no,9.0,13,yes,no,Booking (review>=8 filter),https://www.booking.com/hotel/jp/meng-nosu-yi-5ldk-7min-to-ikebukuro-full-renovation-easy-access.html?checkin=2026-11-06&checkout=2026-11-07&group_adults=2&no_rooms=1&selected_currency=JPY
2026-11-06,Fri,2026-11-07,Ikebukuro 3-Chome Stay,,unverified,38250,8002,no,10.0,0,no,no,Booking (review>=8 filter),https://www.booking.com/hotel/jp/chi-dai-3ding-mu-stay.html?checkin=2026-11-06&checkout=2026-11-07&group_adults=2&no_rooms=1&selected_currency=JPY
2026-11-06,Fri,2026-11-07,ixtupinnenn 020T,,unverified,38291,8010,no,10.0,0,yes,no,Booking (review>=8 filter),https://www.booking.com/hotel/jp/yi-pin-yuan-4ldkhu-jian-108m-riniyuaru-wu-liao-zhu-che-chang-ari-da-xing-wei-she.html?checkin=2026-11-06&checkout=2026-11-07&group_adults=2&no_rooms=1&selected_currency=JPY
2026-11-06,Fri,2026-11-07,"9-min walk to Ikebukuro Station, 1-min walk to Kanamecho Station Max 8 guests 70 sqm Free parking Direct access to Shinjuku, Shibuya, Ueno",Two-Bedroom Apartment,unverified,42751,8944,no,8.8,6,no,no,Booking (review>=8 filter),https://www.booking.com/hotel/jp/9-min-walk-to-ikebukuro-station-1-min-walk-to-kanamecho-station-max-8-guests-70.html?checkin=2026-11-06&checkout=2026-11-07&group_adults=2&no_rooms=1&selected_currency=JPY
2026-11-06,Fri,2026-11-07,Sunshine City Prince Hotel Ikebukuro Tokyo,Triple Room - Non-Smoking 26-32nd Floor,unverified,43924,9189,no,8.5,3151,yes,no,Booking (review>=8 filter),https://www.booking.com/hotel/jp/sunshine-city-prince.html?checkin=2026-11-06&checkout=2026-11-07&group_adults=2&no_rooms=1&selected_currency=JPY
2026-11-06,Fri,2026-11-07,Hotel Metropolitan Tokyo Ikebukuro,City View Queen Room - Non-Smoking,unverified,46340,9694,no,8.8,3049,yes,no,Booking (review>=8 filter),https://www.booking.com/hotel/jp/metropolitan-tokyo.html?checkin=2026-11-06&checkout=2026-11-07&group_adults=2&no_rooms=1&selected_currency=JPY
2026-11-06,Fri,2026-11-07,hotel hisoca ikebukuro,Superior Double Room with Two Double Beds,unverified,56891,11902,no,9.3,327,yes,no,Booking (review>=8 filter),https://www.booking.com/hotel/jp/hisoca.html?checkin=2026-11-06&checkout=2026-11-07&group_adults=2&no_rooms=1&selected_currency=JPY
2026-11-06,Fri,2026-11-07,MIMARU Tokyo Ikebukuro,One-Bedroom Japanese Apartment,unverified,58140,12163,no,9.1,1045,yes,no,Booking (review>=8 filter),https://www.booking.com/hotel/jp/mimarudong-jing-chi-dai.html?checkin=2026-11-06&checkout=2026-11-07&group_adults=2&no_rooms=1&selected_currency=JPY
2026-11-06,Fri,2026-11-07,Ikebukuro 3 Chome,Villa,unverified,66431,13897,no,9.5,2,yes,no,Booking (review>=8 filter),https://www.booking.com/hotel/jp/ikebukuro-3-chome.html?checkin=2026-11-06&checkout=2026-11-07&group_adults=2&no_rooms=1&selected_currency=JPY
2026-11-06,Fri,2026-11-07,Corpo Okazaki - Vacation STAY 20516,,unverified,68142,14255,no,8.0,0,yes,no,Booking (review>=8 filter),https://www.booking.com/hotel/jp/corpo-okazaki-vacation-stay-20516.html?checkin=2026-11-06&checkout=2026-11-07&group_adults=2&no_rooms=1&selected_currency=JPY
2026-11-06,Fri,2026-11-07,Felizstay Ikebukuro,New to Booking.com,unverified,72858,15242,no,,0,yes,no,Booking (review>=8 filter),https://www.booking.com/hotel/jp/felizstay-ikebukuro.html?checkin=2026-11-06&checkout=2026-11-07&group_adults=2&no_rooms=1&selected_currency=JPY
2026-11-06,Fri,2026-11-07,8路線使用可能！アクセス抜群/池袋駅より徒歩5分/最大11名/Wi-Fi完備/まるごと3LDK,Three-Bedroom Apartment,unverified,173551,36307,no,8.6,39,yes,no,Booking (review>=8 filter),https://www.booking.com/hotel/jp/8lu-xian-shi-yong-ke-neng-akusesuba-qun-chi-dai-yi-yoritu-bu-5fen-zui-da-11ming.html?checkin=2026-11-06&checkout=2026-11-07&group_adults=2&no_rooms=1&selected_currency=JPY
2026-11-07,Sat,2026-11-08,池袋 4 丁目に位置するHanano Sato Lumiere 新宿 銀座 上野 秋葉原など東京主要観光地へのアクセスが非常に良好です 徒歩圏内に 24 時間コンビニ 銭湯がございます,New to Booking.com,unverified,8240,1724,yes,8.5,2,no,no,Booking (review>=8 filter),https://www.booking.com/hotel/jp/hanano-sato-lumiere.html?checkin=2026-11-07&checkout=2026-11-08&group_adults=2&no_rooms=1&selected_currency=JPY
2026-11-07,Sat,2026-11-08,愛の屋ホテル池袋,One-Bedroom Apartment,private,9000,1883,yes,3.6,9,no,no,Booking (hotel/apartment filter),https://www.booking.com/hotel/jp/ai-nowu-hoteruchi-dai.html?checkin=2026-11-07&checkout=2026-11-08&group_adults=2&no_rooms=1&selected_currency=JPY
2026-11-07,Sat,2026-11-08,雲海池袋 101貸切 要町駅徒歩7分 池袋バスまで6分 高速WiFi スマートロック 最大3名,,private,9000,1883,yes,10.0,0,no,no,Booking (hotel/apartment filter),https://www.booking.com/hotel/jp/yun-hai-chi-dai-101dai-qie-yao-ting-yi-tu-bu-7fen-chi-dai-basumade6fen-gao-su-wi.html?checkin=2026-11-07&checkout=2026-11-08&group_adults=2&no_rooms=1&selected_currency=JPY
2026-11-07,Sat,2026-11-08,雲海池袋 101貸切 要町駅徒歩7分 池袋バスまで6分 高速WiFi スマートロック 最大3名,,unverified,9000,1883,yes,10.0,0,no,no,Booking (review>=8 filter),https://www.booking.com/hotel/jp/yun-hai-chi-dai-101dai-qie-yao-ting-yi-tu-bu-7fen-chi-dai-basumade6fen-gao-su-wi.html?checkin=2026-11-07&checkout=2026-11-08&group_adults=2&no_rooms=1&selected_currency=JPY
2026-11-07,Sat,2026-11-08,愛の屋民泊池袋,One-Bedroom Apartment,private,9818,2054,yes,6.2,45,no,no,Booking (hotel/apartment filter),https://www.booking.com/hotel/jp/ai-nowu-min-bo-chi-dai.html?checkin=2026-11-07&checkout=2026-11-08&group_adults=2&no_rooms=1&selected_currency=JPY
2026-11-07,Sat,2026-11-08,Business Hotel Kankokukan - Vacation STAY 45862v,Apartment,unverified,10652,2228,yes,8.0,12,yes,no,Booking (review>=8 filter),https://www.booking.com/hotel/jp/business-kankokukan-vacation-stay-45862v.html?checkin=2026-11-07&checkout=2026-11-08&group_adults=2&no_rooms=1&selected_currency=JPY
2026-11-07,Sat,2026-11-08,"BRT203 Cook & Relax, Private Kitchen & Double Bed",One-Bedroom Apartment,private,11008,2303,yes,8.5,4,yes,no,Booking (hotel/apartment filter),https://www.booking.com/hotel/jp/brt203-ikebukuro-station-double-apartment-in-a-busy-business-district-yamanote-l.html?checkin=2026-11-07&checkout=2026-11-08&group_adults=2&no_rooms=1&selected_currency=JPY
2026-11-07,Sat,2026-11-08,"BRT102 Near Ikebukuro, Easy Tokyo Access",,private,11008,2303,yes,8.0,0,yes,no,Booking (hotel/apartment filter),https://www.booking.com/hotel/jp/brt102-apartment-102-for-2-people-direct-access-to-shinjuku-and-shibuya-on-the-y.html?checkin=2026-11-07&checkout=2026-11-08&group_adults=2&no_rooms=1&selected_currency=JPY
2026-11-07,Sat,2026-11-08,愛の屋ホテル池袋,Studio,private,11181,2339,yes,3.0,3,no,no,Booking (hotel/apartment filter),https://www.booking.com/hotel/jp/ai-nowu-hoteruchi-dai-dong-jing-du.html?checkin=2026-11-07&checkout=2026-11-08&group_adults=2&no_rooms=1&selected_currency=JPY
2026-11-07,Sat,2026-11-08,Ikebukuro home 18,Two-Bedroom Apartment,private,11659,2439,yes,6.2,12,no,no,Booking (hotel/apartment filter),https://www.booking.com/hotel/jp/ikebukuro-coze-home.html?checkin=2026-11-07&checkout=2026-11-08&group_adults=2&no_rooms=1&selected_currency=JPY
2026-11-07,Sat,2026-11-08,池袋 Aurora 7,One-Bedroom Apartment,private,11659,2439,yes,7.3,16,no,no,Booking (hotel/apartment filter),https://www.booking.com/hotel/jp/chi-dai-yi-zui-da-6ren-b09.html?checkin=2026-11-07&checkout=2026-11-08&group_adults=2&no_rooms=1&selected_currency=JPY
2026-11-07,Sat,2026-11-08,Ikebukuro Base,One-Bedroom Apartment,private,11753,2459,yes,6.5,32,no,no,Booking (hotel/apartment filter),https://www.booking.com/hotel/jp/ikebukuro-base.html?checkin=2026-11-07&checkout=2026-11-08&group_adults=2&no_rooms=1&selected_currency=JPY
2026-11-07,Sat,2026-11-08,japan house Ikebukuro 2,Double Room,private,11867,2483,yes,8.5,249,no,no,Booking (hotel/apartment filter),https://www.booking.com/hotel/jp/japan-house-ikebukuro-2-toshima-city.html?checkin=2026-11-07&checkout=2026-11-08&group_adults=2&no_rooms=1&selected_currency=JPY
2026-11-07,Sat,2026-11-08,Ryoma Ikebukuro male only -Guest House - Vacation STAY 14547v,Holiday Home,private,12116,2535,yes,4.4,18,yes,no,Booking (hotel/apartment filter),https://www.booking.com/hotel/jp/ryoma-ikebukuro-guest-house-vacation-stay-14547v.html?checkin=2026-11-07&checkout=2026-11-08&group_adults=2&no_rooms=1&selected_currency=JPY
2026-11-07,Sat,2026-11-08,"BRT302 Twin Room, Ideal for Friends in Tokyo",One-Bedroom Apartment,private,12231,2559,yes,7.5,2,yes,no,Booking (hotel/apartment filter),https://www.booking.com/hotel/jp/brt302-ikebukuro-station-double-apartment-yamanote-line-direct-access-to-shinjuk.html?checkin=2026-11-07&checkout=2026-11-08&group_adults=2&no_rooms=1&selected_currency=JPY
2026-11-07,Sat,2026-11-08,"BRT202 Tokyo City Base, Double Room for Two",,private,12231,2559,yes,1.0,0,yes,no,Booking (hotel/apartment filter),https://www.booking.com/hotel/jp/brt202-ikebukuro-station-apartment-for-2-people-direct-access-to-shinjuku-and-sh.html?checkin=2026-11-07&checkout=2026-11-08&group_adults=2&no_rooms=1&selected_currency=JPY
2026-11-07,Sat,2026-11-08,"BRT203 Cook & Relax, Private Kitchen & Double Bed",One-Bedroom Apartment,unverified,12231,2559,yes,8.5,4,yes,no,Booking (review>=8 filter),https://www.booking.com/hotel/jp/brt203-ikebukuro-station-double-apartment-in-a-busy-business-district-yamanote-l.html?checkin=2026-11-07&checkout=2026-11-08&group_adults=2&no_rooms=1&selected_currency=JPY
2026-11-07,Sat,2026-11-08,"BRT102 Near Ikebukuro, Easy Tokyo Access",,unverified,12231,2559,yes,8.0,0,yes,no,Booking (review>=8 filter),https://www.booking.com/hotel/jp/brt102-apartment-102-for-2-people-direct-access-to-shinjuku-and-shibuya-on-the-y.html?checkin=2026-11-07&checkout=2026-11-08&group_adults=2&no_rooms=1&selected_currency=JPY
2026-11-07,Sat,2026-11-08,池袋駅徒歩7分 山手線交通便利 設備完備,One-Bedroom Apartment,private,12955,2710,yes,7.7,8,yes,no,Booking (hotel/apartment filter),https://www.booking.com/hotel/jp/chi-dai-yi-tu-bu-7fen-shan-shou-xian-jiao-tong-bian-li-she-bei-wan-bei.html?checkin=2026-11-07&checkout=2026-11-08&group_adults=2&no_rooms=1&selected_currency=JPY
2026-11-07,Sat,2026-11-08,japan house Ikebukuro 2,Double Room,unverified,13186,2759,yes,8.5,249,no,no,Booking (review>=8 filter),https://www.booking.com/hotel/jp/japan-house-ikebukuro-2-toshima-city.html?checkin=2026-11-07&checkout=2026-11-08&group_adults=2&no_rooms=1&selected_currency=JPY
2026-11-07,Sat,2026-11-08,GrAce Room IKEBUKURO,Apartment,private,13191,2760,yes,6.4,5,yes,no,Booking (hotel/apartment filter),https://www.booking.com/hotel/jp/at-ikebukuro-no5.html?checkin=2026-11-07&checkout=2026-11-08&group_adults=2&no_rooms=1&selected_currency=JPY
2026-11-07,Sat,2026-11-08,Reimi Mondo703,Two-Bedroom Apartment,private,13342,2791,yes,8.0,3,no,no,Booking (hotel/apartment filter),https://www.booking.com/hotel/jp/reimi-mondo703.html?checkin=2026-11-07&checkout=2026-11-08&group_adults=2&no_rooms=1&selected_currency=JPY
2026-11-07,Sat,2026-11-08,Reimi Mondo703,Two-Bedroom Apartment,unverified,13342,2791,yes,8.0,3,no,no,Booking (review>=8 filter),https://www.booking.com/hotel/jp/reimi-mondo703.html?checkin=2026-11-07&checkout=2026-11-08&group_adults=2&no_rooms=1&selected_currency=JPY
2026-11-07,Sat,2026-11-08,Ikebukuro Center# Ikebukuro 5min walk#池袋中心地带# 池袋车站步行5分#无限制wifi#306,,private,13770,2881,no,9.0,0,no,no,Booking (hotel/apartment filter),https://www.booking.com/hotel/jp/ikebukuro-center-ikebukuro-5min-walk-chi-dai-zhong-xin-di-dai-chi-d-toshima-cit2.html?checkin=2026-11-07&checkout=2026-11-08&group_adults=2&no_rooms=1&selected_currency=JPY
2026-11-07,Sat,2026-11-08,"Ikebukuro 8 min walk, Kanamecho 6 min walk, 25sqm room, 2 guests, Direct access to Shinjuku, Shibuya, Tokyo, Ueno, 1 double bed",One-Bedroom Apartment,private,13813,2890,no,6.7,15,yes,no,Booking (hotel/apartment filter),https://www.booking.com/hotel/jp/8-min-walk-to-ikebukuro-6-min-walk-to-yanagibashi-station25m-max-2-people-direct.html?checkin=2026-11-07&checkout=2026-11-08&group_adults=2&no_rooms=1&selected_currency=JPY
2026-11-07,Sat,2026-11-08,"7-minute walk from Otsuka Station,Yamanote Line 3-person Shared garden",One-Bedroom Apartment,private,13909,2910,no,9.2,8,no,no,Booking (hotel/apartment filter),https://www.booking.com/hotel/jp/7-minute-walk-from-otsuka-station.html?checkin=2026-11-07&checkout=2026-11-08&group_adults=2&no_rooms=1&selected_currency=JPY
2026-11-07,Sat,2026-11-08,Otsuka 7 mins one stop to Ikebukuro mansion with garden,One-Bedroom Apartment,private,13909,2910,no,7.1,6,no,no,Booking (hotel/apartment filter),https://www.booking.com/hotel/jp/otsuka-7-mins.html?checkin=2026-11-07&checkout=2026-11-08&group_adults=2&no_rooms=1&selected_currency=JPY
2026-11-07,Sat,2026-11-08,Ikebukuro 8min walk#kebukuro center#Living room#bidet toilet#池袋中心#池袋车站步行8分钟#有客厅#卧室#智能马桶#干湿分离202,,private,13909,2910,no,,0,no,no,Booking (hotel/apartment filter),https://www.booking.com/hotel/jp/chi-dai-zhong-xin-chi-dai-che-zhan-bu-xing-7fen-zhong-ke-ting-wo-shi-zhi-neng-ma.html?checkin=2026-11-07&checkout=2026-11-08&group_adults=2&no_rooms=1&selected_currency=JPY
2026-11-07,Sat,2026-11-08,"7-minute walk from Otsuka Station,Yamanote Line 3-person Shared garden",One-Bedroom Apartment,unverified,13909,2910,no,9.2,8,no,no,Booking (review>=8 filter),https://www.booking.com/hotel/jp/7-minute-walk-from-otsuka-station.html?checkin=2026-11-07&checkout=2026-11-08&group_adults=2&no_rooms=1&selected_currency=JPY
2026-11-07,Sat,2026-11-08,nestay miriz tokyo ikebukuro,Late Escape Deal,unverified,13991,2927,no,8.4,179,no,no,Booking (review>=8 filter),https://www.booking.com/hotel/jp/nestay-miriz-tokyo-ikebukuro.html?checkin=2026-11-07&checkout=2026-11-08&group_adults=2&no_rooms=1&selected_currency=JPY
2026-11-07,Sat,2026-11-08,Frame HIGASHI IKEBUKURO,Double or Twin Room,unverified,14193,2969,no,8.6,31,no,no,Booking (review>=8 filter),https://www.booking.com/hotel/jp/frame-higashiikebukuro.html?checkin=2026-11-07&checkout=2026-11-08&group_adults=2&no_rooms=1&selected_currency=JPY
2026-11-07,Sat,2026-11-08,池袋 Bodo House 9 A5,One-Bedroom Apartment,private,14285,2988,no,6.9,36,no,no,Booking (hotel/apartment filter),https://www.booking.com/hotel/jp/chi-dai-bodo-house-9.html?checkin=2026-11-07&checkout=2026-11-08&group_adults=2&no_rooms=1&selected_currency=JPY
2026-11-07,Sat,2026-11-08,Hananogo Ikebukuro - Vacation STAY 16098v,Studio,private,14546,3043,no,7.8,7,yes,no,Booking (hotel/apartment filter),https://www.booking.com/hotel/jp/hananogo-ikebukuro-vacation-stay-16098v.html?checkin=2026-11-07&checkout=2026-11-08&group_adults=2&no_rooms=1&selected_currency=JPY
2026-11-07,Sat,2026-11-08,Karasawa Hotel,One-Bedroom Apartment,private,14580,3050,no,6.4,39,no,no,Booking (hotel/apartment filter),https://www.booking.com/hotel/jp/tang-ze-hoteru-karasawa.html?checkin=2026-11-07&checkout=2026-11-08&group_adults=2&no_rooms=1&selected_currency=JPY
2026-11-07,Sat,2026-11-08,Garden Otsuka,Late Escape Deal,private,14774,3091,no,7.0,182,no,no,Booking (hotel/apartment filter),https://www.booking.com/hotel/jp/garden-otsuka-203.html?checkin=2026-11-07&checkout=2026-11-08&group_adults=2&no_rooms=1&selected_currency=JPY
2026-11-07,Sat,2026-11-08,桜の川 池袋駅7分 2-4人丨7 minutes from Ikebukuro Station 2-4 people,Late Escape Deal,unverified,14988,3135,no,8.2,46,no,no,Booking (review>=8 filter),https://www.booking.com/hotel/jp/ikebukuro-8min-modern-stay.html?checkin=2026-11-07&checkout=2026-11-08&group_adults=2&no_rooms=1&selected_currency=JPY
2026-11-07,Sat,2026-11-08,"Ikebukuro 8 min walk, Kanamecho 6 min walk, 25sqm room, 2 guests, Direct access to Shinjuku, Shibuya, Tokyo, Ueno, 2 single beds",,private,15068,3152,no,1.0,0,yes,no,Booking (hotel/apartment filter),https://www.booking.com/hotel/jp/103-8-min-walk-to-ikebukuro-6-min-walk-to-kanamecho-station25m-max-2-people-dire.html?checkin=2026-11-07&checkout=2026-11-08&group_adults=2&no_rooms=1&selected_currency=JPY
2026-11-07,Sat,2026-11-08,ジェミニス池袋303,One-Bedroom Apartment,private,15300,3201,no,8.5,2,yes,no,Booking (hotel/apartment filter),https://www.booking.com/hotel/jp/zieminisuchi-dai-303.html?checkin=2026-11-07&checkout=2026-11-08&group_adults=2&no_rooms=1&selected_currency=JPY
2026-11-07,Sat,2026-11-08,Ikebukuro Center# Ikebukuro 5min walk#池袋中心地带# 池袋车站步行5分#无限制wifi#306,,unverified,15300,3201,no,9.0,0,no,no,Booking (review>=8 filter),https://www.booking.com/hotel/jp/ikebukuro-center-ikebukuro-5min-walk-chi-dai-zhong-xin-di-dai-chi-d-toshima-cit2.html?checkin=2026-11-07&checkout=2026-11-08&group_adults=2&no_rooms=1&selected_currency=JPY
2026-11-07,Sat,2026-11-08,ジェミニス池袋303,One-Bedroom Apartment,unverified,15300,3201,no,8.5,2,yes,no,Booking (review>=8 filter),https://www.booking.com/hotel/jp/zieminisuchi-dai-303.html?checkin=2026-11-07&checkout=2026-11-08&group_adults=2&no_rooms=1&selected_currency=JPY
2026-11-07,Sat,2026-11-08,KOSUMOSU Ikebukuro Shinjuku Private House,Double Room with Two Double Beds,unverified,15455,3233,no,8.4,146,no,no,Booking (review>=8 filter),https://www.booking.com/hotel/jp/kosumosu.html?checkin=2026-11-07&checkout=2026-11-08&group_adults=2&no_rooms=1&selected_currency=JPY
2026-11-07,Sat,2026-11-08,The house Urban IKEBUKURO near station,New to Booking.com,private,15648,3274,no,8.6,12,yes,no,Booking (hotel/apartment filter),https://www.booking.com/hotel/jp/the-house-urban-ikebukuro-near-station.html?checkin=2026-11-07&checkout=2026-11-08&group_adults=2&no_rooms=1&selected_currency=JPY
2026-11-07,Sat,2026-11-08,池袋 Energy CA0 a9,One-Bedroom Apartment,private,15873,3321,no,7.4,19,no,no,Booking (hotel/apartment filter),https://www.booking.com/hotel/jp/chi-dai-energy-ca0-a9.html?checkin=2026-11-07&checkout=2026-11-08&group_adults=2&no_rooms=1&selected_currency=JPY
2026-11-07,Sat,2026-11-08,Ikebukuro Warmハウス306,One-Bedroom Apartment,private,15873,3321,no,8.9,17,no,no,Booking (hotel/apartment filter),https://www.booking.com/hotel/jp/ikebukuro-warmhausu306.html?checkin=2026-11-07&checkout=2026-11-08&group_adults=2&no_rooms=1&selected_currency=JPY
2026-11-07,Sat,2026-11-08,Ikebukuro IVY House Ao6,One-Bedroom Apartment,private,15873,3321,no,6.3,17,no,no,Booking (hotel/apartment filter),https://www.booking.com/hotel/jp/ikebukuro-ivy-house-ao6.html?checkin=2026-11-07&checkout=2026-11-08&group_adults=2&no_rooms=1&selected_currency=JPY
2026-11-07,Sat,2026-11-08,Ikebukuro Warmハウス306,One-Bedroom Apartment,unverified,15873,3321,no,8.9,17,no,no,Booking (review>=8 filter),https://www.booking.com/hotel/jp/ikebukuro-warmhausu306.html?checkin=2026-11-07&checkout=2026-11-08&group_adults=2&no_rooms=1&selected_currency=JPY
2026-11-07,Sat,2026-11-08,Toshima-ku - House - Vacation STAY 17454,,private,16314,3413,no,,0,yes,no,Booking (hotel/apartment filter),https://www.booking.com/hotel/jp/toshima-ku-house-vacation-stay-17454.html?checkin=2026-11-07&checkout=2026-11-08&group_adults=2&no_rooms=1&selected_currency=JPY
2026-11-07,Sat,2026-11-08,the Jeminith Ikebukuro 501,,private,16364,3423,no,,0,yes,no,Booking (hotel/apartment filter),https://www.booking.com/hotel/jp/jeminith-ikebukuro-tokyo.html?checkin=2026-11-07&checkout=2026-11-08&group_adults=2&no_rooms=1&selected_currency=JPY
2026-11-07,Sat,2026-11-08,今和Hotel,One-Bedroom Apartment,private,16364,3423,no,8.7,95,no,no,Booking (hotel/apartment filter),https://www.booking.com/hotel/jp/jin-he-dong-jing-du.html?checkin=2026-11-07&checkout=2026-11-08&group_adults=2&no_rooms=1&selected_currency=JPY
2026-11-07,Sat,2026-11-08,Stay in TOKYO Ikebukuro Convenient for Shopping & Long Stays!,One-Bedroom Apartment,private,16364,3423,no,7.6,6,yes,no,Booking (hotel/apartment filter),https://www.booking.com/hotel/jp/geminis-ikebukuro-double-room-for-2-8min-walk-from-ikebukuro-station.html?checkin=2026-11-07&checkout=2026-11-08&group_adults=2&no_rooms=1&selected_currency=JPY
2026-11-07,Sat,2026-11-08,今和Hotel,One-Bedroom Apartment,unverified,16364,3423,no,8.7,95,no,no,Booking (review>=8 filter),https://www.booking.com/hotel/jp/jin-he-dong-jing-du.html?checkin=2026-11-07&checkout=2026-11-08&group_adults=2&no_rooms=1&selected_currency=JPY
2026-11-07,Sat,2026-11-08,3-20-9 - Vacation STAY 92310v,,private,16644,3482,no,,0,yes,no,Booking (hotel/apartment filter),https://www.booking.com/hotel/jp/3-20-9-vacation-stay-92310v.html?checkin=2026-11-07&checkout=2026-11-08&group_adults=2&no_rooms=1&selected_currency=JPY
2026-11-07,Sat,2026-11-08,Ikebukuro Cozy ハウス5,One-Bedroom Apartment,private,16666,3487,no,6.7,13,no,no,Booking (hotel/apartment filter),https://www.booking.com/hotel/jp/ikebukuro-cozy-hausu5.html?checkin=2026-11-07&checkout=2026-11-08&group_adults=2&no_rooms=1&selected_currency=JPY
2026-11-07,Sat,2026-11-08,Hotel Amethyst,Double Room - Smoking,private,17091,3575,no,6.4,75,yes,no,Booking (hotel/apartment filter),https://www.booking.com/hotel/jp/hoteru-amezisuto.html?checkin=2026-11-07&checkout=2026-11-08&group_adults=2&no_rooms=1&selected_currency=JPY
2026-11-07,Sat,2026-11-08,"Ikebukuro 8 min walk, Kanamecho 6 min walk, 25sqm room, 3 guests, Direct access to Shinjuku, Shibuya, Tokyo, Ueno, 3 single beds",One-Bedroom Apartment,private,17386,3637,no,7.4,5,yes,no,Booking (hotel/apartment filter),https://www.booking.com/hotel/jp/304-8-min-walk-to-ikebukuro-6-min-walk-to-kanamecho-station25m-max-2-people-dire.html?checkin=2026-11-07&checkout=2026-11-08&group_adults=2&no_rooms=1&selected_currency=JPY
2026-11-07,Sat,2026-11-08,The house Urban IKEBUKURO near station,New to Booking.com,unverified,17386,3637,no,8.6,12,yes,no,Booking (review>=8 filter),https://www.booking.com/hotel/jp/the-house-urban-ikebukuro-near-station.html?checkin=2026-11-07&checkout=2026-11-08&group_adults=2&no_rooms=1&selected_currency=JPY
2026-11-07,Sat,2026-11-08,ザ・ジェミニス池袋101,One-Bedroom Apartment,private,17606,3683,no,5.5,2,yes,no,Booking (hotel/apartment filter),https://www.booking.com/hotel/jp/zazieminisuchi-dai-101.html?checkin=2026-11-07&checkout=2026-11-08&group_adults=2&no_rooms=1&selected_currency=JPY
2026-11-07,Sat,2026-11-08,Ikebukuro center#池袋中心#高级阳光公寓车站步行5分#高速wifi1208,One-Bedroom Apartment,private,17618,3686,no,8.5,7,no,no,Booking (hotel/apartment filter),https://www.booking.com/hotel/jp/ikebukuro-center-chi-dai-zhong-xin-gao-ji-yang-guang-gong-yu-che-zh-toshima-city.html?checkin=2026-11-07&checkout=2026-11-08&group_adults=2&no_rooms=1&selected_currency=JPY
2026-11-07,Sat,2026-11-08,Ikebukuro center#池袋中心#高级阳光公寓车站步行5分#高速wifi1208,One-Bedroom Apartment,unverified,17618,3686,no,8.5,7,no,no,Booking (review>=8 filter),https://www.booking.com/hotel/jp/ikebukuro-center-chi-dai-zhong-xin-gao-ji-yang-guang-gong-yu-che-zh-toshima-city.html?checkin=2026-11-07&checkout=2026-11-08&group_adults=2&no_rooms=1&selected_currency=JPY
2026-11-07,Sat,2026-11-08,NEST BASE Ikebukuro 302,Apartment,private,17686,3700,no,7.6,5,yes,no,Booking (hotel/apartment filter),https://www.booking.com/hotel/jp/kopogang-qi-302.html?checkin=2026-11-07&checkout=2026-11-08&group_adults=2&no_rooms=1&selected_currency=JPY
2026-11-07,Sat,2026-11-08,池袋レトロなホテル,Superior Double Room,private,17727,3708,no,7.8,138,yes,no,Booking (hotel/apartment filter),https://www.booking.com/hotel/jp/aroma-plus.html?checkin=2026-11-07&checkout=2026-11-08&group_adults=2&no_rooms=1&selected_currency=JPY
2026-11-07,Sat,2026-11-08,japan house Otsuka,One-Bedroom Apartment,private,17836,3731,no,9.0,141,no,no,Booking (hotel/apartment filter),https://www.booking.com/hotel/jp/japan-house-otsuka.html?checkin=2026-11-07&checkout=2026-11-08&group_adults=2&no_rooms=1&selected_currency=JPY
2026-11-07,Sat,2026-11-08,japan house Otsuka,One-Bedroom Apartment,unverified,17836,3731,no,9.0,141,no,no,Booking (review>=8 filter),https://www.booking.com/hotel/jp/japan-house-otsuka.html?checkin=2026-11-07&checkout=2026-11-08&group_adults=2&no_rooms=1&selected_currency=JPY
2026-11-07,Sat,2026-11-08,Ikebukuro Central Hotel,Standard Double Room,private,18000,3766,no,5.8,225,yes,no,Booking (hotel/apartment filter),https://www.booking.com/hotel/jp/chi-dai-sentoraruhoteru.html?checkin=2026-11-07&checkout=2026-11-08&group_adults=2&no_rooms=1&selected_currency=JPY
2026-11-07,Sat,2026-11-08,The underz suite residence Ikebukuro by Tranova,One-Bedroom Apartment,private,18174,3802,no,7.9,22,yes,no,Booking (hotel/apartment filter),https://www.booking.com/hotel/jp/the-underz-suite-residence-ikebukuro.html?checkin=2026-11-07&checkout=2026-11-08&group_adults=2&no_rooms=1&selected_currency=JPY
2026-11-07,Sat,2026-11-08,NEST BASE Ikebukuro 301,,private,18215,3811,no,7.0,0,yes,no,Booking (hotel/apartment filter),https://www.booking.com/hotel/jp/kopogang-qi-301.html?checkin=2026-11-07&checkout=2026-11-08&group_adults=2&no_rooms=1&selected_currency=JPY
2026-11-07,Sat,2026-11-08,"10min walk Ikebukuro Sta JR , 10min Shinjuku Sta, Wi-Fi, PocketWiFi",One-Bedroom Apartment,private,18612,3894,no,8.0,73,yes,no,Booking (hotel/apartment filter),https://www.booking.com/hotel/jp/ikebukuro-li-dao-qu.html?checkin=2026-11-07&checkout=2026-11-08&group_adults=2&no_rooms=1&selected_currency=JPY
2026-11-07,Sat,2026-11-08,Shiratori306 B036,New to Booking.com,private,18941,3962,no,8.3,3,yes,no,Booking (hotel/apartment filter),https://www.booking.com/hotel/jp/b036po-wei-sanbai-niao-306a.html?checkin=2026-11-07&checkout=2026-11-08&group_adults=2&no_rooms=1&selected_currency=JPY
2026-11-07,Sat,2026-11-08,タスキスマート池袋一号館Tasuki Smart Ikebukuro1,Family Room with Bath,private,19505,4080,no,8.7,186,no,no,Booking (hotel/apartment filter),https://www.booking.com/hotel/jp/japan-house-ikebukuro-1.html?checkin=2026-11-07&checkout=2026-11-08&group_adults=2&no_rooms=1&selected_currency=JPY
2026-11-07,Sat,2026-11-08,タスキスマート池袋一号館Tasuki Smart Ikebukuro1,Family Room with Bath,unverified,19505,4080,no,8.7,186,no,no,Booking (review>=8 filter),https://www.booking.com/hotel/jp/japan-house-ikebukuro-1.html?checkin=2026-11-07&checkout=2026-11-08&group_adults=2&no_rooms=1&selected_currency=JPY
2026-11-07,Sat,2026-11-08,NEST BASE Ikebukuro 202,,private,19667,4114,no,,0,yes,no,Booking (hotel/apartment filter),https://www.booking.com/hotel/jp/nest-base-ikebukuro-202.html?checkin=2026-11-07&checkout=2026-11-08&group_adults=2&no_rooms=1&selected_currency=JPY
2026-11-07,Sat,2026-11-08,NEST BASE Ikebukuro 201,,private,19667,4114,no,,0,yes,no,Booking (hotel/apartment filter),https://www.booking.com/hotel/jp/nest-base-ikebukuro-201.html?checkin=2026-11-07&checkout=2026-11-08&group_adults=2&no_rooms=1&selected_currency=JPY
2026-11-07,Sat,2026-11-08,"YFhouse池袋ikebukuro-Direct to Ginza, Tokyo Dome, and the Harry Potter Studio Tour Tokyo",Studio with Balcony,private,20000,4184,no,9.1,8,yes,no,Booking (hotel/apartment filter),https://www.booking.com/hotel/jp/yfhousechi-dai-ikebukuro.html?checkin=2026-11-07&checkout=2026-11-08&group_adults=2&no_rooms=1&selected_currency=JPY
2026-11-07,Sat,2026-11-08,"YFhouse池袋ikebukuro-Direct to Ginza, Tokyo Dome, and the Harry Potter Studio Tour Tokyo",Studio with Balcony,unverified,20000,4184,no,9.1,8,yes,no,Booking (review>=8 filter),https://www.booking.com/hotel/jp/yfhousechi-dai-ikebukuro.html?checkin=2026-11-07&checkout=2026-11-08&group_adults=2&no_rooms=1&selected_currency=JPY
2026-11-07,Sat,2026-11-08,"10min walk Ikebukuro Sta JR , 10min Shinjuku Sta, Wi-Fi, PocketWiFi",One-Bedroom Apartment,unverified,20680,4326,no,8.0,73,yes,no,Booking (review>=8 filter),https://www.booking.com/hotel/jp/ikebukuro-li-dao-qu.html?checkin=2026-11-07&checkout=2026-11-08&group_adults=2&no_rooms=1&selected_currency=JPY
2026-11-07,Sat,2026-11-08,Garden Otsuka 302,One-Bedroom Apartment,private,20682,4327,no,8.2,42,yes,no,Booking (hotel/apartment filter),https://www.booking.com/hotel/jp/garden-otsuka-gadenda-zhong-hoteru.html?checkin=2026-11-07&checkout=2026-11-08&group_adults=2&no_rooms=1&selected_currency=JPY
2026-11-07,Sat,2026-11-08,Shiratori306 B036,New to Booking.com,unverified,21046,4403,no,8.3,3,yes,no,Booking (review>=8 filter),https://www.booking.com/hotel/jp/b036po-wei-sanbai-niao-306a.html?checkin=2026-11-07&checkout=2026-11-08&group_adults=2&no_rooms=1&selected_currency=JPY
2026-11-07,Sat,2026-11-08,Swan Park Ikebukuro,One-Bedroom Apartment,private,21060,4406,no,8.2,33,no,no,Booking (hotel/apartment filter),https://www.booking.com/hotel/jp/suwanpakuchi-dai.html?checkin=2026-11-07&checkout=2026-11-08&group_adults=2&no_rooms=1&selected_currency=JPY
2026-11-07,Sat,2026-11-08,Swan Park Ikebukuro,One-Bedroom Apartment,unverified,21060,4406,no,8.2,33,no,no,Booking (review>=8 filter),https://www.booking.com/hotel/jp/suwanpakuchi-dai.html?checkin=2026-11-07&checkout=2026-11-08&group_adults=2&no_rooms=1&selected_currency=JPY
2026-11-07,Sat,2026-11-08,Ostay Ikebukuro Dairaku Hotel Apartment,One-Bedroom Apartment,private,21383,4473,no,8.9,29,no,no,Booking (hotel/apartment filter),https://www.booking.com/hotel/jp/ostay-ikebukuro-dairaku-apartment-toshima-city1.html?checkin=2026-11-07&checkout=2026-11-08&group_adults=2&no_rooms=1&selected_currency=JPY
2026-11-07,Sat,2026-11-08,北池袋戸建,Apartment,private,21600,4519,no,7.9,18,no,no,Booking (hotel/apartment filter),https://www.booking.com/hotel/jp/qing-chuan-hu-jian.html?checkin=2026-11-07&checkout=2026-11-08&group_adults=2&no_rooms=1&selected_currency=JPY
2026-11-07,Sat,2026-11-08,Otsuka Town Hotel,Double Room - Non-Smoking,private,21818,4564,no,6.9,23,yes,no,Booking (hotel/apartment filter),https://www.booking.com/hotel/jp/6102447.html?checkin=2026-11-07&checkout=2026-11-08&group_adults=2&no_rooms=1&selected_currency=JPY
2026-11-07,Sat,2026-11-08,AM's 502 Movie 5 min to Ikebukuro 13 min to Shinjuku Station 19 min to Shibuya Station with coworking space,One-Bedroom Apartment,private,22091,4621,no,8.5,4,no,no,Booking (hotel/apartment filter),https://www.booking.com/hotel/jp/ams-502-movie-5-min-to-ikebukuro-13-min-to-shinjuku-station-19-min-to-shibuya-st.html?checkin=2026-11-07&checkout=2026-11-08&group_adults=2&no_rooms=1&selected_currency=JPY
2026-11-07,Sat,2026-11-08,Ruma Inn Ikebukuro,Three-Bedroom Apartment,private,22500,4707,no,7.1,71,no,no,Booking (hotel/apartment filter),https://www.booking.com/hotel/jp/ruma-inn-ikebukuro.html?checkin=2026-11-07&checkout=2026-11-08&group_adults=2&no_rooms=1&selected_currency=JPY
2026-11-07,Sat,2026-11-08,ARstay IKEBUKURO TOKYO,,unverified,22512,4710,no,8.0,0,yes,no,Booking (review>=8 filter),https://www.booking.com/hotel/jp/arstay-ikebukuro-li-dao-qu.html?checkin=2026-11-07&checkout=2026-11-08&group_adults=2&no_rooms=1&selected_currency=JPY
2026-11-07,Sat,2026-11-08,Jr山手线大塚站步行2分钟 東南社3号,Two-Bedroom Apartment with Balcony,private,22745,4758,no,8.8,9,no,no,Booking (hotel/apartment filter),https://www.booking.com/hotel/jp/jrshan-shou-xian-da-zhong-zhan-bu-xing-2fen-zhong-dong-nan-she-3hao.html?checkin=2026-11-07&checkout=2026-11-08&group_adults=2&no_rooms=1&selected_currency=JPY
2026-11-07,Sat,2026-11-08,Jr山手线大塚站步行2分钟 東南社3号,Two-Bedroom Apartment with Balcony,unverified,22745,4758,no,8.8,9,no,no,Booking (review>=8 filter),https://www.booking.com/hotel/jp/jrshan-shou-xian-da-zhong-zhan-bu-xing-2fen-zhong-dong-nan-she-3hao.html?checkin=2026-11-07&checkout=2026-11-08&group_adults=2&no_rooms=1&selected_currency=JPY
2026-11-07,Sat,2026-11-08,Green Hill,One-Bedroom Apartment,private,22839,4778,no,5.1,56,yes,no,Booking (hotel/apartment filter),https://www.booking.com/hotel/jp/green-hill-dong-jing-du.html?checkin=2026-11-07&checkout=2026-11-08&group_adults=2&no_rooms=1&selected_currency=JPY
2026-11-07,Sat,2026-11-08,Garden Otsuka 302,One-Bedroom Apartment,unverified,22980,4807,no,8.2,42,yes,no,Booking (review>=8 filter),https://www.booking.com/hotel/jp/garden-otsuka-gadenda-zhong-hoteru.html?checkin=2026-11-07&checkout=2026-11-08&group_adults=2&no_rooms=1&selected_currency=JPY
2026-11-07,Sat,2026-11-08,HOTEL APERTO (Adult Only),Check-in after 9pm - Standard Double Room,private,23236,4861,no,8.7,1297,yes,no,Booking (hotel/apartment filter),https://www.booking.com/hotel/jp/aperto.html?checkin=2026-11-07&checkout=2026-11-08&group_adults=2&no_rooms=1&selected_currency=JPY
2026-11-07,Sat,2026-11-08,Reimi Mondo201,Deluxe Suite,private,23636,4945,no,8.2,7,no,no,Booking (hotel/apartment filter),https://www.booking.com/hotel/jp/reimi-mondo-tokyo1.html?checkin=2026-11-07&checkout=2026-11-08&group_adults=2&no_rooms=1&selected_currency=JPY
2026-11-07,Sat,2026-11-08,Reimi Mondo201,Deluxe Suite,unverified,23636,4945,no,8.2,7,no,no,Booking (review>=8 filter),https://www.booking.com/hotel/jp/reimi-mondo-tokyo1.html?checkin=2026-11-07&checkout=2026-11-08&group_adults=2&no_rooms=1&selected_currency=JPY
2026-11-07,Sat,2026-11-08,3-20-9 - Vacation STAY 92290v,,private,23683,4954,no,,0,yes,no,Booking (hotel/apartment filter),https://www.booking.com/hotel/jp/3-20-9-vacation-stay-92290v.html?checkin=2026-11-07&checkout=2026-11-08&group_adults=2&no_rooms=1&selected_currency=JPY
2026-11-07,Sat,2026-11-08,Ostay Ikebukuro Dairaku Hotel Apartment,One-Bedroom Apartment,unverified,23759,4970,no,8.9,29,no,no,Booking (review>=8 filter),https://www.booking.com/hotel/jp/ostay-ikebukuro-dairaku-apartment-toshima-city1.html?checkin=2026-11-07&checkout=2026-11-08&group_adults=2&no_rooms=1&selected_currency=JPY
2026-11-07,Sat,2026-11-08,tokyo Japandi apartment ikebukuro,Late Escape Deal,private,23897,4999,no,8.6,80,no,no,Booking (hotel/apartment filter),https://www.booking.com/hotel/jp/citorine-ikebukuro.html?checkin=2026-11-07&checkout=2026-11-08&group_adults=2&no_rooms=1&selected_currency=JPY
2026-11-07,Sat,2026-11-08,Home Story in Tokyo JR山手線大塚駅Otsuka &東京屋語,Late Escape Deal,private,24227,5068,no,9.0,6,yes,no,Booking (hotel/apartment filter),https://www.booking.com/hotel/jp/tokyo-house-asakusa.html?checkin=2026-11-07&checkout=2026-11-08&group_adults=2&no_rooms=1&selected_currency=JPY
2026-11-07,Sat,2026-11-08,Home Story in Tokyo JR山手線大塚駅Otsuka &東京屋語,Late Escape Deal,unverified,24227,5068,no,9.0,6,yes,no,Booking (review>=8 filter),https://www.booking.com/hotel/jp/tokyo-house-asakusa.html?checkin=2026-11-07&checkout=2026-11-08&group_adults=2&no_rooms=1&selected_currency=JPY
2026-11-07,Sat,2026-11-08,フクロウ庵101,Apartment,private,24512,5128,no,9.0,5,yes,no,Booking (hotel/apartment filter),https://www.booking.com/hotel/jp/kopogang-qi-101.html?checkin=2026-11-07&checkout=2026-11-08&group_adults=2&no_rooms=1&selected_currency=JPY
2026-11-07,Sat,2026-11-08,フクロウ庵101,Apartment,unverified,24512,5128,no,9.0,5,yes,no,Booking (review>=8 filter),https://www.booking.com/hotel/jp/kopogang-qi-101.html?checkin=2026-11-07&checkout=2026-11-08&group_adults=2&no_rooms=1&selected_currency=JPY
2026-11-07,Sat,2026-11-08,AM's 502 Movie 5 min to Ikebukuro 13 min to Shinjuku Station 19 min to Shibuya Station with coworking space,One-Bedroom Apartment,unverified,24545,5135,no,8.5,4,no,no,Booking (review>=8 filter),https://www.booking.com/hotel/jp/ams-502-movie-5-min-to-ikebukuro-13-min-to-shinjuku-station-19-min-to-shibuya-st.html?checkin=2026-11-07&checkout=2026-11-08&group_adults=2&no_rooms=1&selected_currency=JPY
2026-11-07,Sat,2026-11-08,Exquisite business hotel Bella,Double Room with Private Bathroom,unverified,25753,5388,no,8.4,220,yes,no,Booking (review>=8 filter),https://www.booking.com/hotel/jp/bella-toshima-city1.html?checkin=2026-11-07&checkout=2026-11-08&group_adults=2&no_rooms=1&selected_currency=JPY
2026-11-07,Sat,2026-11-08,HOTEL APERTO (Adult Only),Check-in after 9pm - Standard Double Room,unverified,25818,5401,no,8.7,1297,yes,no,Booking (review>=8 filter),https://www.booking.com/hotel/jp/aperto.html?checkin=2026-11-07&checkout=2026-11-08&group_adults=2&no_rooms=1&selected_currency=JPY
2026-11-07,Sat,2026-11-08,HOTEL VARKIN ANNEX,Standard Double Room,private,25831,5404,no,8.6,741,no,no,Booking (hotel/apartment filter),https://www.booking.com/hotel/jp/varkin-annex.html?checkin=2026-11-07&checkout=2026-11-08&group_adults=2&no_rooms=1&selected_currency=JPY
2026-11-07,Sat,2026-11-08,Hotel VARKIN,Queen Room,private,25920,5422,no,7.7,773,yes,no,Booking (hotel/apartment filter),https://www.booking.com/hotel/jp/varkin-hotel.html?checkin=2026-11-07&checkout=2026-11-08&group_adults=2&no_rooms=1&selected_currency=JPY
2026-11-07,Sat,2026-11-08,Ikebukuro Grand Hotel,Superior Double Room,private,26091,5458,no,5.3,9,yes,no,Booking (hotel/apartment filter),https://www.booking.com/hotel/jp/ikebukuro-grand-hotel.html?checkin=2026-11-07&checkout=2026-11-08&group_adults=2&no_rooms=1&selected_currency=JPY
2026-11-07,Sat,2026-11-08,Shiratori303 B035,New to Booking.com,private,26098,5460,no,,0,yes,no,Booking (hotel/apartment filter),https://www.booking.com/hotel/jp/b035po-wei-sanbai-niao-303a.html?checkin=2026-11-07&checkout=2026-11-08&group_adults=2&no_rooms=1&selected_currency=JPY
2026-11-07,Sat,2026-11-08,KOKO HOTEL Ikebukuro,Small Double Room - Non-Smoking,private,26156,5472,no,8.6,1616,yes,no,Booking (hotel/apartment filter),https://www.booking.com/hotel/jp/wing-international-select-ikebukuro.html?checkin=2026-11-07&checkout=2026-11-08&group_adults=2&no_rooms=1&selected_currency=JPY
2026-11-07,Sat,2026-11-08,Ikebukuro 2Room D3,Two-Bedroom Apartment,private,26190,5479,no,8.7,7,no,no,Booking (hotel/apartment filter),https://www.booking.com/hotel/jp/ikebukuro-2room-d3.html?checkin=2026-11-07&checkout=2026-11-08&group_adults=2&no_rooms=1&selected_currency=JPY
2026-11-07,Sat,2026-11-08,Ikebukuro 2Room D3,Two-Bedroom Apartment,unverified,26190,5479,no,8.7,7,no,no,Booking (review>=8 filter),https://www.booking.com/hotel/jp/ikebukuro-2room-d3.html?checkin=2026-11-07&checkout=2026-11-08&group_adults=2&no_rooms=1&selected_currency=JPY
2026-11-07,Sat,2026-11-08,"Luce Ikebukuro - Cozy APT Stay in Ikebukuro Tokyo, with Direct Access to Shinjuku & Shibuya",Late Escape Deal,private,26368,5516,no,8.1,68,no,no,Booking (hotel/apartment filter),https://www.booking.com/hotel/jp/lucechi-dai.html?checkin=2026-11-07&checkout=2026-11-08&group_adults=2&no_rooms=1&selected_currency=JPY
2026-11-07,Sat,2026-11-08,tokyo Japandi apartment ikebukuro,Late Escape Deal,unverified,26552,5555,no,8.6,80,no,no,Booking (review>=8 filter),https://www.booking.com/hotel/jp/citorine-ikebukuro.html?checkin=2026-11-07&checkout=2026-11-08&group_adults=2&no_rooms=1&selected_currency=JPY
2026-11-07,Sat,2026-11-08,Petit Bali Ikebukuro,Economy Double Room - Smoking,private,26836,5614,no,8.4,281,yes,no,Booking (hotel/apartment filter),https://www.booking.com/hotel/jp/hoteruputeibarichi-dai-dian-dong-jing.html?checkin=2026-11-07&checkout=2026-11-08&group_adults=2&no_rooms=1&selected_currency=JPY
2026-11-07,Sat,2026-11-08,Ciel東池袋,New to Booking.com,private,26865,5620,no,8.5,16,no,no,Booking (hotel/apartment filter),https://www.booking.com/hotel/jp/cieldong-chi-dai.html?checkin=2026-11-07&checkout=2026-11-08&group_adults=2&no_rooms=1&selected_currency=JPY
2026-11-07,Sat,2026-11-08,Ciel東池袋,New to Booking.com,unverified,26865,5620,no,8.5,16,no,no,Booking (review>=8 filter),https://www.booking.com/hotel/jp/cieldong-chi-dai.html?checkin=2026-11-07&checkout=2026-11-08&group_adults=2&no_rooms=1&selected_currency=JPY
2026-11-07,Sat,2026-11-08,HOTEL MYSTAYS Higashi Ikebukuro,Superior Semi Double - Non-Smoking - House Keeping is Optional with Additional Cost,private,27000,5648,no,8.3,1699,yes,no,Booking (hotel/apartment filter),https://www.booking.com/hotel/jp/flexstay-higashi-ikebukuro-inn.html?checkin=2026-11-07&checkout=2026-11-08&group_adults=2&no_rooms=1&selected_currency=JPY
2026-11-07,Sat,2026-11-08,HOTEL MYSTAYS Higashi Ikebukuro,Superior Semi Double - Non-Smoking - House Keeping is Optional with Additional Cost,unverified,27000,5648,no,8.3,1699,yes,no,Booking (review>=8 filter),https://www.booking.com/hotel/jp/flexstay-higashi-ikebukuro-inn.html?checkin=2026-11-07&checkout=2026-11-08&group_adults=2&no_rooms=1&selected_currency=JPY
2026-11-07,Sat,2026-11-08,别墅A棟 池袋商圈 大塚站7分钟 3个房间 交通便利 最大8人 Ikebukuro center 7 mins to ST Max 8P 直达新宿 涉谷 表参道 池袋 上野 代代木 银座 原宿,Three-Bedroom Villa,unverified,27818,5820,no,9.5,4,yes,no,Booking (review>=8 filter),https://www.booking.com/hotel/jp/bie-shu-chi-dai-shang-quan-da-zhong-zhan-7fen-zhong-3ge-fang-jian-jiao-tong-bian.html?checkin=2026-11-07&checkout=2026-11-08&group_adults=2&no_rooms=1&selected_currency=JPY
2026-11-07,Sat,2026-11-08,"2 Minutes Walk to Ikebukuro Station, Central Tokyo and Very Convenient",One-Bedroom Apartment,private,27982,5854,no,9.6,16,no,no,Booking (hotel/apartment filter),https://www.booking.com/hotel/jp/2-min-walk-to-ikebukuro-station.html?checkin=2026-11-07&checkout=2026-11-08&group_adults=2&no_rooms=1&selected_currency=JPY
2026-11-07,Sat,2026-11-08,HOTEL VARKIN ANNEX,Standard Double Room,unverified,28701,6004,no,8.6,741,no,no,Booking (review>=8 filter),https://www.booking.com/hotel/jp/varkin-annex.html?checkin=2026-11-07&checkout=2026-11-08&group_adults=2&no_rooms=1&selected_currency=JPY
2026-11-07,Sat,2026-11-08,Y's INN Ikebukuro 013T,Villa,unverified,28937,6054,no,8.9,9,yes,no,Booking (review>=8 filter),https://www.booking.com/hotel/jp/dong-chi-dai-jrda-zhong-yi-tu-bu-6fen-sansiyainsoba3dk-54mchi-dai-tu-bu-17fen-ji.html?checkin=2026-11-07&checkout=2026-11-08&group_adults=2&no_rooms=1&selected_currency=JPY
2026-11-07,Sat,2026-11-08,Shiratori303 B035,New to Booking.com,unverified,28998,6066,no,,0,yes,no,Booking (review>=8 filter),https://www.booking.com/hotel/jp/b035po-wei-sanbai-niao-303a.html?checkin=2026-11-07&checkout=2026-11-08&group_adults=2&no_rooms=1&selected_currency=JPY
2026-11-07,Sat,2026-11-08,KOKO HOTEL Ikebukuro,Small Double Room - Non-Smoking,unverified,29062,6080,no,8.6,1616,yes,no,Booking (review>=8 filter),https://www.booking.com/hotel/jp/wing-international-select-ikebukuro.html?checkin=2026-11-07&checkout=2026-11-08&group_adults=2&no_rooms=1&selected_currency=JPY
2026-11-07,Sat,2026-11-08,Nishi-Ikebukuro japanesestyle,,private,29091,6086,no,8.0,0,yes,no,Booking (hotel/apartment filter),https://www.booking.com/hotel/jp/japanesestyle-dian-che-dexin-su-made6fen-qian-cao-made30fen.html?checkin=2026-11-07&checkout=2026-11-08&group_adults=2&no_rooms=1&selected_currency=JPY
2026-11-07,Sat,2026-11-08,Nishi-Ikebukuro japanesestyle,,unverified,29091,6086,no,8.0,0,yes,no,Booking (review>=8 filter),https://www.booking.com/hotel/jp/japanesestyle-dian-che-dexin-su-made6fen-qian-cao-made30fen.html?checkin=2026-11-07&checkout=2026-11-08&group_adults=2&no_rooms=1&selected_currency=JPY
2026-11-07,Sat,2026-11-08,Cross Bridge Ikebukuro,Two-Bedroom Apartment,private,29196,6108,no,8.4,22,no,no,Booking (hotel/apartment filter),https://www.booking.com/hotel/jp/cross-bridge-ikebukuro.html?checkin=2026-11-07&checkout=2026-11-08&group_adults=2&no_rooms=1&selected_currency=JPY
2026-11-07,Sat,2026-11-08,ルチル池袋東京,Late Escape Deal,unverified,29218,6112,no,8.3,187,no,no,Booking (review>=8 filter),https://www.booking.com/hotel/jp/rutile-ikebukuro.html?checkin=2026-11-07&checkout=2026-11-08&group_adults=2&no_rooms=1&selected_currency=JPY
2026-11-07,Sat,2026-11-08,"Luce Ikebukuro - Cozy APT Stay in Ikebukuro Tokyo, with Direct Access to Shinjuku & Shibuya",Late Escape Deal,unverified,29297,6129,no,8.1,68,no,no,Booking (review>=8 filter),https://www.booking.com/hotel/jp/lucechi-dai.html?checkin=2026-11-07&checkout=2026-11-08&group_adults=2&no_rooms=1&selected_currency=JPY
2026-11-07,Sat,2026-11-08,KOKO HOTEL Ikebukuro East,Standard Double Room - Non-Smoking,private,29455,6162,no,8.4,1366,yes,no,Booking (hotel/apartment filter),https://www.booking.com/hotel/jp/wing-international-ikebukuro.html?checkin=2026-11-07&checkout=2026-11-08&group_adults=2&no_rooms=1&selected_currency=JPY
2026-11-07,Sat,2026-11-08,ARM ikebukuro,One-Bedroom Apartment,private,29470,6165,no,8.2,45,yes,no,Booking (hotel/apartment filter),https://www.booking.com/hotel/jp/arm-ikebukuro.html?checkin=2026-11-07&checkout=2026-11-08&group_adults=2&no_rooms=1&selected_currency=JPY
2026-11-07,Sat,2026-11-08,Laurea Tower Ikebukuro,One-Bedroom Apartment,private,29470,6165,no,7.5,266,yes,no,Booking (hotel/apartment filter),https://www.booking.com/hotel/jp/laurea-tower-ikebukuro.html?checkin=2026-11-07&checkout=2026-11-08&group_adults=2&no_rooms=1&selected_currency=JPY
2026-11-07,Sat,2026-11-08,SUPER HOTEL Ikebukuro West Natural Hot Spring,Room Selected at Check-In,private,29521,6176,no,8.7,1349,no,yes,Booking (hotel/apartment filter),https://www.booking.com/hotel/jp/super-hotel-jr-ikebukuro-nishiguchi.html?checkin=2026-11-07&checkout=2026-11-08&group_adults=2&no_rooms=1&selected_currency=JPY
2026-11-07,Sat,2026-11-08,Petit Bali Ikebukuro,Economy Double Room - Smoking,unverified,29818,6238,no,8.4,281,yes,no,Booking (review>=8 filter),https://www.booking.com/hotel/jp/hoteruputeibarichi-dai-dian-dong-jing.html?checkin=2026-11-07&checkout=2026-11-08&group_adults=2&no_rooms=1&selected_currency=JPY
2026-11-07,Sat,2026-11-08,APA Hotel Yamanote Otsuka Ekimae Tower,Standard Double Room - Non-Smoking,private,30205,6319,no,8.5,8714,yes,no,Booking (hotel/apartment filter),https://www.booking.com/hotel/jp/apa-yamanote-otsuka-eki-tower.html?checkin=2026-11-07&checkout=2026-11-08&group_adults=2&no_rooms=1&selected_currency=JPY
2026-11-07,Sat,2026-11-08,APA Hotel Yamanote Otsuka Ekimae Tower,Standard Double Room - Non-Smoking,unverified,30205,6319,no,8.5,8714,yes,no,Booking (review>=8 filter),https://www.booking.com/hotel/jp/apa-yamanote-otsuka-eki-tower.html?checkin=2026-11-07&checkout=2026-11-08&group_adults=2&no_rooms=1&selected_currency=JPY
2026-11-07,Sat,2026-11-08,池袋4丁目貸切一軒家最大七名,Three-Bedroom Apartment,private,30227,6323,no,9.1,6,yes,no,Booking (hotel/apartment filter),https://www.booking.com/hotel/jp/ikebukuro-walking-distance-family-villa-max-7-people-whole-rental-wi-fi.html?checkin=2026-11-07&checkout=2026-11-08&group_adults=2&no_rooms=1&selected_currency=JPY
2026-11-07,Sat,2026-11-08,池袋4丁目貸切一軒家最大七名,Three-Bedroom Apartment,unverified,30227,6323,no,9.1,6,yes,no,Booking (review>=8 filter),https://www.booking.com/hotel/jp/ikebukuro-walking-distance-family-villa-max-7-people-whole-rental-wi-fi.html?checkin=2026-11-07&checkout=2026-11-08&group_adults=2&no_rooms=1&selected_currency=JPY
2026-11-07,Sat,2026-11-08,Verde Ikebukuro,One-Bedroom Apartment,private,30561,6393,no,7.8,60,yes,no,Booking (hotel/apartment filter),https://www.booking.com/hotel/jp/verde-ikebukuro.html?checkin=2026-11-07&checkout=2026-11-08&group_adults=2&no_rooms=1&selected_currency=JPY
2026-11-07,Sat,2026-11-08,COCOYO Hotel Otsuka,Standard Twin Room,private,30909,6466,no,8.6,440,yes,no,Booking (hotel/apartment filter),https://www.booking.com/hotel/jp/cocoyo.html?checkin=2026-11-07&checkout=2026-11-08&group_adults=2&no_rooms=1&selected_currency=JPY
2026-11-07,Sat,2026-11-08,COCOYO Hotel Otsuka,Standard Twin Room,unverified,30909,6466,no,8.6,440,yes,no,Booking (review>=8 filter),https://www.booking.com/hotel/jp/cocoyo.html?checkin=2026-11-07&checkout=2026-11-08&group_adults=2&no_rooms=1&selected_currency=JPY
2026-11-07,Sat,2026-11-08,Ikebukuro no Yado detached house,Holiday Home,private,30927,6470,no,8.0,56,no,no,Booking (hotel/apartment filter),https://www.booking.com/hotel/jp/chi-dai-nosu.html?checkin=2026-11-07&checkout=2026-11-08&group_adults=2&no_rooms=1&selected_currency=JPY
2026-11-07,Sat,2026-11-08,"2 Minutes Walk to Ikebukuro Station, Central Tokyo and Very Convenient",One-Bedroom Apartment,unverified,31091,6504,no,9.6,16,no,no,Booking (review>=8 filter),https://www.booking.com/hotel/jp/2-min-walk-to-ikebukuro-station.html?checkin=2026-11-07&checkout=2026-11-08&group_adults=2&no_rooms=1&selected_currency=JPY
2026-11-07,Sat,2026-11-08,新宿 涉谷 原宿可多线直达 有Wifi 山手线大站池袋车站一戸建,,unverified,31091,6504,no,10.0,0,no,no,Booking (review>=8 filter),https://www.booking.com/hotel/jp/xin-su-she-gu-yuan-su-ke-duo-xian-zhi-da-you-wifi-shan-shou-xian-da-zhan-chi-dai.html?checkin=2026-11-07&checkout=2026-11-08&group_adults=2&no_rooms=1&selected_currency=JPY
2026-11-07,Sat,2026-11-08,Owl inn,Apartment,private,31418,6573,no,8.0,5,no,no,Booking (hotel/apartment filter),https://www.booking.com/hotel/jp/owl-inn.html?checkin=2026-11-07&checkout=2026-11-08&group_adults=2&no_rooms=1&selected_currency=JPY
2026-11-07,Sat,2026-11-08,Owl inn,Apartment,unverified,31418,6573,no,8.0,5,no,no,Booking (review>=8 filter),https://www.booking.com/hotel/jp/owl-inn.html?checkin=2026-11-07&checkout=2026-11-08&group_adults=2&no_rooms=1&selected_currency=JPY
2026-11-07,Sat,2026-11-08,Sakura Bella Ikebukuro,Double Room,unverified,31476,6585,no,8.1,606,yes,no,Booking (review>=8 filter),https://www.booking.com/hotel/jp/bella.html?checkin=2026-11-07&checkout=2026-11-08&group_adults=2&no_rooms=1&selected_currency=JPY
2026-11-07,Sat,2026-11-08,Hotel Resol Ikebukuro,Double Room (2 Adults) - Female Only - Non-Smoking,private,31636,6618,no,7.9,989,yes,no,Booking (hotel/apartment filter),https://www.booking.com/hotel/jp/resol-ikebukuro.html?checkin=2026-11-07&checkout=2026-11-08&group_adults=2&no_rooms=1&selected_currency=JPY
2026-11-07,Sat,2026-11-08,悠悠之家 池袋商业区 7分钟步行到池袋车站 3层独栋别墅 全新 3房2厅厨卫齐全 免费车库 奈飞影院,Three-Bedroom Villa,unverified,31818,6656,no,9.5,2,no,no,Booking (review>=8 filter),https://www.booking.com/hotel/jp/you-you-zhi-jia-chi-dai-shang-ye-qu-7fen-zhong-bu-xing-dao-chi-dai-che-zhan-3cen.html?checkin=2026-11-07&checkout=2026-11-08&group_adults=2&no_rooms=1&selected_currency=JPY
2026-11-07,Sat,2026-11-08,Centurion Hotel Ikebukuro Station,Standard Semi-Double Room - Non Smoking,private,32070,6709,no,8.1,1745,yes,no,Booking (hotel/apartment filter),https://www.booking.com/hotel/jp/centurion-ikebukuro.html?checkin=2026-11-07&checkout=2026-11-08&group_adults=2&no_rooms=1&selected_currency=JPY
2026-11-07,Sat,2026-11-08,Centurion Hotel Ikebukuro Station,Standard Semi-Double Room - Non Smoking,unverified,32070,6709,no,8.1,1745,yes,no,Booking (review>=8 filter),https://www.booking.com/hotel/jp/centurion-ikebukuro.html?checkin=2026-11-07&checkout=2026-11-08&group_adults=2&no_rooms=1&selected_currency=JPY
2026-11-07,Sat,2026-11-08,Super Hotel Ikebukuro-Eki Kitaguchi,Double Room with Small Double Bed,private,32300,6757,no,8.2,841,no,no,Booking (hotel/apartment filter),https://www.booking.com/hotel/jp/super-hotel-inn-ikebukuroeki-kitaguchi.html?checkin=2026-11-07&checkout=2026-11-08&group_adults=2&no_rooms=1&selected_currency=JPY
2026-11-07,Sat,2026-11-08,MSTAY池袋one,Three-Bedroom Villa,unverified,32372,6772,no,9.1,7,yes,no,Booking (review>=8 filter),https://www.booking.com/hotel/jp/mstaychi-dai-one.html?checkin=2026-11-07&checkout=2026-11-08&group_adults=2&no_rooms=1&selected_currency=JPY
2026-11-07,Sat,2026-11-08,Cross Bridge Ikebukuro,Two-Bedroom Apartment,unverified,32441,6787,no,8.4,22,no,no,Booking (review>=8 filter),https://www.booking.com/hotel/jp/cross-bridge-ikebukuro.html?checkin=2026-11-07&checkout=2026-11-08&group_adults=2&no_rooms=1&selected_currency=JPY
2026-11-07,Sat,2026-11-08,Cosmy-2 IC53,One-Bedroom Apartment,private,32547,6809,no,8.1,8,yes,no,Booking (hotel/apartment filter),https://www.booking.com/hotel/jp/cosmy-2-ic53.html?checkin=2026-11-07&checkout=2026-11-08&group_adults=2&no_rooms=1&selected_currency=JPY
2026-11-07,Sat,2026-11-08,Cosmy-2 IC53,One-Bedroom Apartment,unverified,32547,6809,no,8.1,8,yes,no,Booking (review>=8 filter),https://www.booking.com/hotel/jp/cosmy-2-ic53.html?checkin=2026-11-07&checkout=2026-11-08&group_adults=2&no_rooms=1&selected_currency=JPY
2026-11-07,Sat,2026-11-08,Tokyo Ikebukuro Garden Villa Hotel,,private,32727,6846,no,,0,no,no,Booking (hotel/apartment filter),https://www.booking.com/hotel/jp/tokyo-ikebukuro-garden-villa.html?checkin=2026-11-07&checkout=2026-11-08&group_adults=2&no_rooms=1&selected_currency=JPY
2026-11-07,Sat,2026-11-08,KOKO HOTEL Ikebukuro East,Standard Double Room - Non-Smoking,unverified,32727,6846,no,8.4,1366,yes,no,Booking (review>=8 filter),https://www.booking.com/hotel/jp/wing-international-ikebukuro.html?checkin=2026-11-07&checkout=2026-11-08&group_adults=2&no_rooms=1&selected_currency=JPY
2026-11-07,Sat,2026-11-08,ARM ikebukuro,One-Bedroom Apartment,unverified,32744,6850,no,8.2,45,yes,no,Booking (review>=8 filter),https://www.booking.com/hotel/jp/arm-ikebukuro.html?checkin=2026-11-07&checkout=2026-11-08&group_adults=2&no_rooms=1&selected_currency=JPY
2026-11-07,Sat,2026-11-08,SUPER HOTEL Ikebukuro West Natural Hot Spring,Room Selected at Check-In,unverified,32802,6862,no,8.7,1349,no,yes,Booking (review>=8 filter),https://www.booking.com/hotel/jp/super-hotel-jr-ikebukuro-nishiguchi.html?checkin=2026-11-07&checkout=2026-11-08&group_adults=2&no_rooms=1&selected_currency=JPY
2026-11-07,Sat,2026-11-08,桜の川65 池袋駅C6口 8分 2-10人丨Ikebukuro JR Line C6 Exit 8 minutes 2-10 people,Late Escape Deal,private,32989,6901,no,9.5,27,no,no,Booking (hotel/apartment filter),https://www.booking.com/hotel/jp/ying-nochuan-65-ikebukuro-area.html?checkin=2026-11-07&checkout=2026-11-08&group_adults=2&no_rooms=1&selected_currency=JPY
2026-11-07,Sat,2026-11-08,APA Hotel Ikebukuro Eki Kitaguchi,Double Room - Non-Smoking,private,33055,6915,no,7.9,1496,yes,no,Booking (hotel/apartment filter),https://www.booking.com/hotel/jp/apa-ikebukuro-kitaguchi.html?checkin=2026-11-07&checkout=2026-11-08&group_adults=2&no_rooms=1&selected_currency=JPY
2026-11-07,Sat,2026-11-08,Garden Otsuka,One-Bedroom Apartment,private,33153,6936,no,7.9,69,yes,no,Booking (hotel/apartment filter),https://www.booking.com/hotel/jp/garden-otsuka.html?checkin=2026-11-07&checkout=2026-11-08&group_adults=2&no_rooms=1&selected_currency=JPY
2026-11-07,Sat,2026-11-08,Oasis IKEBUKURO,Late Escape Deal,unverified,33840,7079,no,8.0,2,no,no,Booking (review>=8 filter),https://www.booking.com/hotel/jp/oasis-ikebukuro.html?checkin=2026-11-07&checkout=2026-11-08&group_adults=2&no_rooms=1&selected_currency=JPY
2026-11-07,Sat,2026-11-08,Super Hotel Tokyo Otsuka,Double Room,private,33982,7109,no,8.8,750,no,yes,Booking (hotel/apartment filter),https://www.booking.com/hotel/jp/super-tokyo-otsuka.html?checkin=2026-11-07&checkout=2026-11-08&group_adults=2&no_rooms=1&selected_currency=JPY
2026-11-07,Sat,2026-11-08,Tokyu Stay Ikebukuro,Moderate double Room - Non Smoking,private,33986,7110,no,8.7,1137,no,no,Booking (hotel/apartment filter),https://www.booking.com/hotel/jp/tokyu-stay-ikebukuro.html?checkin=2026-11-07&checkout=2026-11-08&group_adults=2&no_rooms=1&selected_currency=JPY
2026-11-07,Sat,2026-11-08,Ikebukuro no Yado detached house,Vacation Home,unverified,34364,7189,no,8.0,56,no,no,Booking (review>=8 filter),https://www.booking.com/hotel/jp/chi-dai-nosu.html?checkin=2026-11-07&checkout=2026-11-08&group_adults=2&no_rooms=1&selected_currency=JPY
2026-11-07,Sat,2026-11-08,Super Hotel Premier Ikebukuro Natural Hot Spring,Room Selected at Check-In,private,34388,7194,no,8.8,1985,no,no,Booking (hotel/apartment filter),https://www.booking.com/hotel/jp/supahoterupremierchi-dai-tian-ran-wen-quan.html?checkin=2026-11-07&checkout=2026-11-08&group_adults=2&no_rooms=1&selected_currency=JPY
2026-11-07,Sat,2026-11-08,Laluna Higashiikebukuro,One-Bedroom Apartment,private,35363,7398,no,8.1,85,yes,no,Booking (hotel/apartment filter),https://www.booking.com/hotel/jp/laluna-higashiikebukuro-dong-jing-du.html?checkin=2026-11-07&checkout=2026-11-08&group_adults=2&no_rooms=1&selected_currency=JPY
2026-11-07,Sat,2026-11-08,Laluna Higashiikebukuro,One-Bedroom Apartment,unverified,35363,7398,no,8.1,85,yes,no,Booking (review>=8 filter),https://www.booking.com/hotel/jp/laluna-higashiikebukuro-dong-jing-du.html?checkin=2026-11-07&checkout=2026-11-08&group_adults=2&no_rooms=1&selected_currency=JPY
2026-11-07,Sat,2026-11-08,Keio Presso Inn Ikebukuro,Double Room with Small Double Bed - Non-Smoking,private,35634,7455,no,8.5,1433,yes,no,Booking (hotel/apartment filter),https://www.booking.com/hotel/jp/keio-presson-inn-ikebukuro.html?checkin=2026-11-07&checkout=2026-11-08&group_adults=2&no_rooms=1&selected_currency=JPY
2026-11-07,Sat,2026-11-08,Super Hotel Ikebukuro-Eki Kitaguchi,Double Room with Small Double Bed,unverified,35888,7508,no,8.2,841,no,no,Booking (review>=8 filter),https://www.booking.com/hotel/jp/super-hotel-inn-ikebukuroeki-kitaguchi.html?checkin=2026-11-07&checkout=2026-11-08&group_adults=2&no_rooms=1&selected_currency=JPY
2026-11-07,Sat,2026-11-08,SLEEPLAB THE STAY 池袋 -Ikebukuro-,One-Bedroom Family Apartment,private,36409,7617,no,8.1,12,no,no,Booking (hotel/apartment filter),https://www.booking.com/hotel/jp/sleeplab-the-stay-chi-dai-ikebukuro.html?checkin=2026-11-07&checkout=2026-11-08&group_adults=2&no_rooms=1&selected_currency=JPY
2026-11-07,Sat,2026-11-08,SLEEPLAB THE STAY 池袋 -Ikebukuro-,One-Bedroom Family Apartment,unverified,36409,7617,no,8.1,12,no,no,Booking (review>=8 filter),https://www.booking.com/hotel/jp/sleeplab-the-stay-chi-dai-ikebukuro.html?checkin=2026-11-07&checkout=2026-11-08&group_adults=2&no_rooms=1&selected_currency=JPY
2026-11-07,Sat,2026-11-08,桜の川65 池袋駅C6口 8分 2-10人丨Ikebukuro JR Line C6 Exit 8 minutes 2-10 people,Late Escape Deal,unverified,36655,7668,no,9.5,27,no,no,Booking (review>=8 filter),https://www.booking.com/hotel/jp/ying-nochuan-65-ikebukuro-area.html?checkin=2026-11-07&checkout=2026-11-08&group_adults=2&no_rooms=1&selected_currency=JPY
2026-11-07,Sat,2026-11-08,Maison Highway Ikebukuro,One-Bedroom Apartment,private,36837,7706,no,9.0,5,yes,no,Booking (hotel/apartment filter),https://www.booking.com/hotel/jp/maison-highway-ikebukuro.html?checkin=2026-11-07&checkout=2026-11-08&group_adults=2&no_rooms=1&selected_currency=JPY
2026-11-07,Sat,2026-11-08,Dormy Inn Ikebukuro - Natural Hot Spring,Late Escape Deal,private,37182,7778,no,8.7,1808,yes,no,Booking (hotel/apartment filter),https://www.booking.com/hotel/jp/domiinchi-dai.html?checkin=2026-11-07&checkout=2026-11-08&group_adults=2&no_rooms=1&selected_currency=JPY
2026-11-07,Sat,2026-11-08,Dormy Inn Ikebukuro - Natural Hot Spring,Late Escape Deal,unverified,37182,7778,no,8.7,1808,yes,no,Booking (review>=8 filter),https://www.booking.com/hotel/jp/domiinchi-dai.html?checkin=2026-11-07&checkout=2026-11-08&group_adults=2&no_rooms=1&selected_currency=JPY
2026-11-07,Sat,2026-11-08,Super Hotel Tokyo Otsuka,Double Room,unverified,37758,7899,no,8.8,750,no,yes,Booking (review>=8 filter),https://www.booking.com/hotel/jp/super-tokyo-otsuka.html?checkin=2026-11-07&checkout=2026-11-08&group_adults=2&no_rooms=1&selected_currency=JPY
2026-11-07,Sat,2026-11-08,Tokyu Stay Ikebukuro,Moderate double Room - Non Smoking,unverified,37762,7900,no,8.7,1137,no,no,Booking (review>=8 filter),https://www.booking.com/hotel/jp/tokyu-stay-ikebukuro.html?checkin=2026-11-07&checkout=2026-11-08&group_adults=2&no_rooms=1&selected_currency=JPY
2026-11-07,Sat,2026-11-08,Super Hotel Premier Ikebukuro Natural Hot Spring,Room Selected at Check-In,unverified,38209,7993,no,8.8,1985,no,no,Booking (review>=8 filter),https://www.booking.com/hotel/jp/supahoterupremierchi-dai-tian-ran-wen-quan.html?checkin=2026-11-07&checkout=2026-11-08&group_adults=2&no_rooms=1&selected_currency=JPY
2026-11-07,Sat,2026-11-08,Ikebukuro 3-Chome Stay,,private,38250,8002,no,10.0,0,no,no,Booking (hotel/apartment filter),https://www.booking.com/hotel/jp/chi-dai-3ding-mu-stay.html?checkin=2026-11-07&checkout=2026-11-08&group_adults=2&no_rooms=1&selected_currency=JPY
2026-11-07,Sat,2026-11-08,Ikebukuro 3-Chome Stay,,unverified,38250,8002,no,10.0,0,no,no,Booking (review>=8 filter),https://www.booking.com/hotel/jp/chi-dai-3ding-mu-stay.html?checkin=2026-11-07&checkout=2026-11-08&group_adults=2&no_rooms=1&selected_currency=JPY
2026-11-07,Sat,2026-11-08,OMO5 Tokyo Otsuka by Hoshino Resorts,YAGURA Room,private,38291,8010,no,8.8,1371,no,no,Booking (hotel/apartment filter),https://www.booking.com/hotel/jp/xing-ye-rizoto-omo5-da-zhong.html?checkin=2026-11-07&checkout=2026-11-08&group_adults=2&no_rooms=1&selected_currency=JPY
2026-11-07,Sat,2026-11-08,OMO5 Tokyo Otsuka by Hoshino Resorts,YAGURA Room,unverified,38291,8010,no,8.8,1371,no,no,Booking (review>=8 filter),https://www.booking.com/hotel/jp/xing-ye-rizoto-omo5-da-zhong.html?checkin=2026-11-07&checkout=2026-11-08&group_adults=2&no_rooms=1&selected_currency=JPY
2026-11-07,Sat,2026-11-08,BaliAn Resort Forest Ikebukuro,Comfort Double Room - Smoking,unverified,38291,8010,no,9.0,90,yes,no,Booking (review>=8 filter),https://www.booking.com/hotel/jp/hoterubarianrizotohuoresutochi-dai-xi-kou-dian.html?checkin=2026-11-07&checkout=2026-11-08&group_adults=2&no_rooms=1&selected_currency=JPY
2026-11-07,Sat,2026-11-08,Y's INN Ikefukuro 109T,Villa,unverified,38341,8021,no,8.3,3,yes,no,Booking (review>=8 filter),https://www.booking.com/hotel/jp/chi-dai-chi-dai-yi-madetu-bu-11fen-xin-su-shibui-gu-qian-cao-yin-zuo-qiu-xie-yua.html?checkin=2026-11-07&checkout=2026-11-08&group_adults=2&no_rooms=1&selected_currency=JPY
2026-11-07,Sat,2026-11-08,HOTEL LiVEMAX Tokyo-Otsuka Ekimae,Single Room with Small Double Bed - Non-Smoking,private,38463,8046,no,7.2,169,yes,no,Booking (hotel/apartment filter),https://www.booking.com/hotel/jp/livemax-tokyo-otsuka-ekimae.html?checkin=2026-11-07&checkout=2026-11-08&group_adults=2&no_rooms=1&selected_currency=JPY
2026-11-07,Sat,2026-11-08,Yume No Yado Irodori 127t,Villa,unverified,39212,8203,no,,0,yes,no,Booking (review>=8 filter),https://www.booking.com/hotel/jp/127t-meng-nosu-cai-ri-3ldkyi-xuan-jia-dai-qie-chi-dai-yi-tu-bu-10fen-siyotupingu.html?checkin=2026-11-07&checkout=2026-11-08&group_adults=2&no_rooms=1&selected_currency=JPY
2026-11-07,Sat,2026-11-08,Hotel Metropolitan Tokyo Ikebukuro,Standard Queen Room - Non-Smoking,private,39533,8270,no,8.8,3049,yes,no,Booking (hotel/apartment filter),https://www.booking.com/hotel/jp/metropolitan-tokyo.html?checkin=2026-11-07&checkout=2026-11-08&group_adults=2&no_rooms=1&selected_currency=JPY
2026-11-07,Sat,2026-11-08,Keio Presso Inn Ikebukuro,Double Room with Small Double Bed - Non-Smoking,unverified,39593,8283,no,8.5,1433,yes,no,Booking (review>=8 filter),https://www.booking.com/hotel/jp/keio-presson-inn-ikebukuro.html?checkin=2026-11-07&checkout=2026-11-08&group_adults=2&no_rooms=1&selected_currency=JPY
2026-11-07,Sat,2026-11-08,"F2 Ikebukuro Business District hotel, 9 mins to ST Max 4P 池袋商务区 全新装修 交通中心 车站9分钟 最大4人 直达新宿 涉谷 表参道 品川 池袋 上野 代代木 银座 原宿",,private,40909,8558,no,,0,no,no,Booking (hotel/apartment filter),https://www.booking.com/hotel/jp/f2-ikebukuro-business-district-9-mins-to-st-max-4p-chi-dai-shang-wu-qu-quan-xin.html?checkin=2026-11-07&checkout=2026-11-08&group_adults=2&no_rooms=1&selected_currency=JPY
2026-11-07,Sat,2026-11-08,Maison Highway Ikebukuro,One-Bedroom Apartment,unverified,40930,8563,no,9.0,5,yes,no,Booking (review>=8 filter),https://www.booking.com/hotel/jp/maison-highway-ikebukuro.html?checkin=2026-11-07&checkout=2026-11-08&group_adults=2&no_rooms=1&selected_currency=JPY
2026-11-07,Sat,2026-11-08,HOTEL LiVEMAX Ikebukuro Ekimae,Double Room with Small Double Bed - Smoking,private,41027,8583,no,6.8,152,yes,no,Booking (hotel/apartment filter),https://www.booking.com/hotel/jp/hoteruribumatukusuchi-dai-yi-qian.html?checkin=2026-11-07&checkout=2026-11-08&group_adults=2&no_rooms=1&selected_currency=JPY
2026-11-07,Sat,2026-11-08,Hotel Moana Otsuka (Adult Only),Quadruple Room,unverified,41091,8596,no,8.0,303,yes,no,Booking (review>=8 filter),https://www.booking.com/hotel/jp/hoteru-moana-otsuka.html?checkin=2026-11-07&checkout=2026-11-08&group_adults=2&no_rooms=1&selected_currency=JPY
2026-11-07,Sat,2026-11-08,"SCD155 Private House for 9 with Rooftop in Ikebukuro, Direct Access to Tokyo's Core Commercial Districts",Villa,unverified,41315,8643,no,8.8,5,yes,no,Booking (review>=8 filter),https://www.booking.com/hotel/jp/spacious-villa-in-ikebukuro-suburbs-direct-access-to-tokyos-core-commercial-dist.html?checkin=2026-11-07&checkout=2026-11-08&group_adults=2&no_rooms=1&selected_currency=JPY
2026-11-07,Sat,2026-11-08,SCD2 Fully Equipped House for 9 in Ikebukuro,Three-Bedroom Villa,unverified,41546,8691,no,8.0,6,yes,no,Booking (review>=8 filter),https://www.booking.com/hotel/jp/ikebukuro-commercial-district-premium-homestay.html?checkin=2026-11-07&checkout=2026-11-08&group_adults=2&no_rooms=1&selected_currency=JPY
2026-11-07,Sat,2026-11-08,"9-min walk to Ikebukuro Station, 1-min walk to Kanamecho Station Max 8 guests 70 sqm Free parking Direct access to Shinjuku, Shibuya, Ueno",Two-Bedroom Apartment,private,42751,8944,no,8.8,6,no,no,Booking (hotel/apartment filter),https://www.booking.com/hotel/jp/9-min-walk-to-ikebukuro-station-1-min-walk-to-kanamecho-station-max-8-guests-70.html?checkin=2026-11-07&checkout=2026-11-08&group_adults=2&no_rooms=1&selected_currency=JPY
2026-11-07,Sat,2026-11-08,"9-min walk to Ikebukuro Station, 1-min walk to Kanamecho Station Max 8 guests 70 sqm Free parking Direct access to Shinjuku, Shibuya, Ueno",Two-Bedroom Apartment,unverified,42751,8944,no,8.8,6,no,no,Booking (review>=8 filter),https://www.booking.com/hotel/jp/9-min-walk-to-ikebukuro-station-1-min-walk-to-kanamecho-station-max-8-guests-70.html?checkin=2026-11-07&checkout=2026-11-08&group_adults=2&no_rooms=1&selected_currency=JPY
2026-11-07,Sat,2026-11-08,Wellsquareism Ikebukuro East,One-Bedroom Apartment,unverified,45113,9438,no,8.7,41,yes,no,Booking (review>=8 filter),https://www.booking.com/hotel/jp/well-square-ikebukuro-east.html?checkin=2026-11-07&checkout=2026-11-08&group_adults=2&no_rooms=1&selected_currency=JPY
2026-11-07,Sat,2026-11-08,Wellsquareism Ikebukuro East,One-Bedroom Apartment,private,45677,9556,no,8.7,41,yes,no,Booking (hotel/apartment filter),https://www.booking.com/hotel/jp/well-square-ikebukuro-east.html?checkin=2026-11-07&checkout=2026-11-08&group_adults=2&no_rooms=1&selected_currency=JPY
2026-11-07,Sat,2026-11-08,Yume No Yado Tsubasa 132t,Standard Villa,unverified,46127,9650,no,9.0,13,yes,no,Booking (review>=8 filter),https://www.booking.com/hotel/jp/meng-nosu-yi-5ldk-7min-to-ikebukuro-full-renovation-easy-access.html?checkin=2026-11-07&checkout=2026-11-08&group_adults=2&no_rooms=1&selected_currency=JPY
2026-11-07,Sat,2026-11-08,ixtupinnenn 020T,,unverified,46800,9791,no,10.0,0,yes,no,Booking (review>=8 filter),https://www.booking.com/hotel/jp/yi-pin-yuan-4ldkhu-jian-108m-riniyuaru-wu-liao-zhu-che-chang-ari-da-xing-wei-she.html?checkin=2026-11-07&checkout=2026-11-08&group_adults=2&no_rooms=1&selected_currency=JPY
2026-11-07,Sat,2026-11-08,Hotel Grand City,Single Room - Non-Smoking,private,47999,10041,no,7.9,2100,yes,no,Booking (hotel/apartment filter),https://www.booking.com/hotel/jp/grand-city-tokyo.html?checkin=2026-11-07&checkout=2026-11-08&group_adults=2&no_rooms=1&selected_currency=JPY
2026-11-07,Sat,2026-11-08,Corpo Okazaki 302 - Vacation STAY 20120,,private,53733,11241,no,,0,yes,no,Booking (hotel/apartment filter),https://www.booking.com/hotel/jp/corpo-okazaki-302-vacation-stay-20120.html?checkin=2026-11-07&checkout=2026-11-08&group_adults=2&no_rooms=1&selected_currency=JPY
2026-11-07,Sat,2026-11-08,Hotel フルール301,,private,58500,12238,no,,0,no,no,Booking (hotel/apartment filter),https://www.booking.com/hotel/jp/hururu-toshima-city.html?checkin=2026-11-07&checkout=2026-11-08&group_adults=2&no_rooms=1&selected_currency=JPY
2026-11-07,Sat,2026-11-08,Ikebukuro 3 Chome,Villa,private,67100,14037,no,9.5,2,yes,no,Booking (hotel/apartment filter),https://www.booking.com/hotel/jp/ikebukuro-3-chome.html?checkin=2026-11-07&checkout=2026-11-08&group_adults=2&no_rooms=1&selected_currency=JPY
2026-11-07,Sat,2026-11-08,Ikebukuro 3 Chome,Villa,unverified,67100,14037,no,9.5,2,yes,no,Booking (review>=8 filter),https://www.booking.com/hotel/jp/ikebukuro-3-chome.html?checkin=2026-11-07&checkout=2026-11-08&group_adults=2&no_rooms=1&selected_currency=JPY
2026-11-07,Sat,2026-11-08,MIMARU Tokyo Ikebukuro,Late Escape Deal,private,68400,14309,no,9.1,1045,yes,no,Booking (hotel/apartment filter),https://www.booking.com/hotel/jp/mimarudong-jing-chi-dai.html?checkin=2026-11-07&checkout=2026-11-08&group_adults=2&no_rooms=1&selected_currency=JPY
2026-11-07,Sat,2026-11-08,Corpo Okazaki - Vacation STAY 20516,,private,74470,15579,no,8.0,0,yes,no,Booking (hotel/apartment filter),https://www.booking.com/hotel/jp/corpo-okazaki-vacation-stay-20516.html?checkin=2026-11-07&checkout=2026-11-08&group_adults=2&no_rooms=1&selected_currency=JPY
2026-11-07,Sat,2026-11-08,Corpo Okazaki - Vacation STAY 20516,,unverified,74470,15579,no,8.0,0,yes,no,Booking (review>=8 filter),https://www.booking.com/hotel/jp/corpo-okazaki-vacation-stay-20516.html?checkin=2026-11-07&checkout=2026-11-08&group_adults=2&no_rooms=1&selected_currency=JPY
2026-11-07,Sat,2026-11-08,hotel hisoca ikebukuro,Deluxe King Room,private,75600,15816,no,9.3,327,yes,no,Booking (hotel/apartment filter),https://www.booking.com/hotel/jp/hisoca.html?checkin=2026-11-07&checkout=2026-11-08&group_adults=2&no_rooms=1&selected_currency=JPY
2026-11-07,Sat,2026-11-08,hotel hisoca ikebukuro,Deluxe King Room,unverified,75600,15816,no,9.3,327,yes,no,Booking (review>=8 filter),https://www.booking.com/hotel/jp/hisoca.html?checkin=2026-11-07&checkout=2026-11-08&group_adults=2&no_rooms=1&selected_currency=JPY
2026-11-07,Sat,2026-11-08,MIMARU Tokyo Ikebukuro,Late Escape Deal,unverified,76000,15899,no,9.1,1045,yes,no,Booking (review>=8 filter),https://www.booking.com/hotel/jp/mimarudong-jing-chi-dai.html?checkin=2026-11-07&checkout=2026-11-08&group_adults=2&no_rooms=1&selected_currency=JPY
2026-11-07,Sat,2026-11-08,Felizstay Ikebukuro,New to Booking.com,private,89306,18683,no,,0,yes,no,Booking (hotel/apartment filter),https://www.booking.com/hotel/jp/felizstay-ikebukuro.html?checkin=2026-11-07&checkout=2026-11-08&group_adults=2&no_rooms=1&selected_currency=JPY
2026-11-07,Sat,2026-11-08,Felizstay Ikebukuro,New to Booking.com,unverified,89306,18683,no,,0,yes,no,Booking (review>=8 filter),https://www.booking.com/hotel/jp/felizstay-ikebukuro.html?checkin=2026-11-07&checkout=2026-11-08&group_adults=2&no_rooms=1&selected_currency=JPY
2026-11-07,Sat,2026-11-08,Sunshine City Prince Hotel Ikebukuro Tokyo,Japanese Style Room - Non-Smoking,private,101507,21235,no,8.5,3151,yes,no,Booking (hotel/apartment filter),https://www.booking.com/hotel/jp/sunshine-city-prince.html?checkin=2026-11-07&checkout=2026-11-08&group_adults=2&no_rooms=1&selected_currency=JPY
2026-11-07,Sat,2026-11-08,Sunshine City Prince Hotel Ikebukuro Tokyo,Japanese Style Room - Non-Smoking,unverified,112785,23595,no,8.5,3151,yes,no,Booking (review>=8 filter),https://www.booking.com/hotel/jp/sunshine-city-prince.html?checkin=2026-11-07&checkout=2026-11-08&group_adults=2&no_rooms=1&selected_currency=JPY
2026-11-07,Sat,2026-11-08,8路線使用可能！アクセス抜群/池袋駅より徒歩5分/最大11名/Wi-Fi完備/まるごと3LDK,Three-Bedroom Apartment,unverified,224609,46988,no,8.6,39,yes,no,Booking (review>=8 filter),https://www.booking.com/hotel/jp/8lu-xian-shi-yong-ke-neng-akusesuba-qun-chi-dai-yi-yoritu-bu-5fen-zui-da-11ming.html?checkin=2026-11-07&checkout=2026-11-08&group_adults=2&no_rooms=1&selected_currency=JPY
2026-11-08,Sun,2026-11-09,Business Hotel Kankokukan - Vacation STAY 45862v,Apartment,unverified,7374,1543,yes,8.0,12,yes,no,Booking (review>=8 filter),https://www.booking.com/hotel/jp/business-kankokukan-vacation-stay-45862v.html?checkin=2026-11-08&checkout=2026-11-09&group_adults=2&no_rooms=1&selected_currency=JPY
2026-11-08,Sun,2026-11-09,Pure Rest Otsuka 302 JR Otsuka Station,,private,7875,1647,yes,,0,yes,no,Booking (hotel/apartment filter),https://www.booking.com/hotel/jp/pure-rest-otsuka-302-jr-otsuka-station.html?checkin=2026-11-08&checkout=2026-11-09&group_adults=2&no_rooms=1&selected_currency=JPY
2026-11-08,Sun,2026-11-09,Green Hill,One-Bedroom Apartment,private,8002,1674,yes,5.1,56,yes,no,Booking (hotel/apartment filter),https://www.booking.com/hotel/jp/green-hill-dong-jing-du.html?checkin=2026-11-08&checkout=2026-11-09&group_adults=2&no_rooms=1&selected_currency=JPY
2026-11-08,Sun,2026-11-09,池袋 4 丁目に位置するHanano Sato Lumiere 新宿 銀座 上野 秋葉原など東京主要観光地へのアクセスが非常に良好です 徒歩圏内に 24 時間コンビニ 銭湯がございます,New to Booking.com,unverified,8240,1724,yes,8.5,2,no,no,Booking (review>=8 filter),https://www.booking.com/hotel/jp/hanano-sato-lumiere.html?checkin=2026-11-08&checkout=2026-11-09&group_adults=2&no_rooms=1&selected_currency=JPY
2026-11-08,Sun,2026-11-09,クオリティハイツ101号室,Studio,private,8364,1750,yes,7.0,11,no,no,Booking (hotel/apartment filter),https://www.booking.com/hotel/jp/kuoriteihaitu101hao-shi.html?checkin=2026-11-08&checkout=2026-11-09&group_adults=2&no_rooms=1&selected_currency=JPY
2026-11-08,Sun,2026-11-09,Hotel Suntargas Otsuka - Vacation STAY 08516v,Studio,private,8455,1769,yes,6.0,2,yes,no,Booking (hotel/apartment filter),https://www.booking.com/hotel/jp/suntargas-otsuka-vacation-stay-08516v.html?checkin=2026-11-08&checkout=2026-11-09&group_adults=2&no_rooms=1&selected_currency=JPY
2026-11-08,Sun,2026-11-09,Hotel Suntargas Otsuka - Vacation STAY 08508v,Studio,private,8455,1769,yes,6.5,2,yes,no,Booking (hotel/apartment filter),https://www.booking.com/hotel/jp/suntargas-otsuka-vacation-stay-08508v.html?checkin=2026-11-08&checkout=2026-11-09&group_adults=2&no_rooms=1&selected_currency=JPY
2026-11-08,Sun,2026-11-09,Hotel Suntargas Otsuka - Vacation STAY 08520v,Studio,private,8455,1769,yes,5.5,2,yes,no,Booking (hotel/apartment filter),https://www.booking.com/hotel/jp/suntargas-otsuka-vacation-stay-08520v.html?checkin=2026-11-08&checkout=2026-11-09&group_adults=2&no_rooms=1&selected_currency=JPY
2026-11-08,Sun,2026-11-09,Otsuka Town Hotel,Double Room - Non-Smoking,private,8909,1864,yes,6.9,23,yes,no,Booking (hotel/apartment filter),https://www.booking.com/hotel/jp/6102447.html?checkin=2026-11-08&checkout=2026-11-09&group_adults=2&no_rooms=1&selected_currency=JPY
2026-11-08,Sun,2026-11-09,愛の屋ホテル池袋,One-Bedroom Apartment,private,9000,1883,yes,3.6,9,no,no,Booking (hotel/apartment filter),https://www.booking.com/hotel/jp/ai-nowu-hoteruchi-dai.html?checkin=2026-11-08&checkout=2026-11-09&group_adults=2&no_rooms=1&selected_currency=JPY
2026-11-08,Sun,2026-11-09,雲海池袋 101貸切 要町駅徒歩7分 池袋バスまで6分 高速WiFi スマートロック 最大3名,,private,9000,1883,yes,10.0,0,no,no,Booking (hotel/apartment filter),https://www.booking.com/hotel/jp/yun-hai-chi-dai-101dai-qie-yao-ting-yi-tu-bu-7fen-chi-dai-basumade6fen-gao-su-wi.html?checkin=2026-11-08&checkout=2026-11-09&group_adults=2&no_rooms=1&selected_currency=JPY
2026-11-08,Sun,2026-11-09,雲海池袋 101貸切 要町駅徒歩7分 池袋バスまで6分 高速WiFi スマートロック 最大3名,,unverified,9000,1883,yes,10.0,0,no,no,Booking (review>=8 filter),https://www.booking.com/hotel/jp/yun-hai-chi-dai-101dai-qie-yao-ting-yi-tu-bu-7fen-chi-dai-basumade6fen-gao-su-wi.html?checkin=2026-11-08&checkout=2026-11-09&group_adults=2&no_rooms=1&selected_currency=JPY
2026-11-08,Sun,2026-11-09,Ikebukuro Base,One-Bedroom Apartment,private,9041,1891,yes,6.5,32,no,no,Booking (hotel/apartment filter),https://www.booking.com/hotel/jp/ikebukuro-base.html?checkin=2026-11-08&checkout=2026-11-09&group_adults=2&no_rooms=1&selected_currency=JPY
2026-11-08,Sun,2026-11-09,池袋駅至近！静かで独立した生活空間（クオリティハイツ）,One-Bedroom Apartment,private,9068,1897,yes,6.0,46,no,no,Booking (hotel/apartment filter),https://www.booking.com/hotel/jp/chi-dai-yi-zhi-jin-jing-kadedu-li-sitasheng-huo-kong-jian-kuoriteihaitu.html?checkin=2026-11-08&checkout=2026-11-09&group_adults=2&no_rooms=1&selected_currency=JPY
2026-11-08,Sun,2026-11-09,Hotel Amethyst,Double Room - Smoking,private,9818,2054,yes,6.4,75,yes,no,Booking (hotel/apartment filter),https://www.booking.com/hotel/jp/hoteru-amezisuto.html?checkin=2026-11-08&checkout=2026-11-09&group_adults=2&no_rooms=1&selected_currency=JPY
2026-11-08,Sun,2026-11-09,愛の屋民泊池袋,One-Bedroom Apartment,private,9818,2054,yes,6.2,45,no,no,Booking (hotel/apartment filter),https://www.booking.com/hotel/jp/ai-nowu-min-bo-chi-dai.html?checkin=2026-11-08&checkout=2026-11-09&group_adults=2&no_rooms=1&selected_currency=JPY
2026-11-08,Sun,2026-11-09,Hotel en ホテル エン-Adult Only-,,unverified,10000,2092,yes,9.0,0,yes,no,Booking (review>=8 filter),https://www.booking.com/hotel/jp/en-hoteruen.html?checkin=2026-11-08&checkout=2026-11-09&group_adults=2&no_rooms=1&selected_currency=JPY
2026-11-08,Sun,2026-11-09,Ikebukuro home 18,Two-Bedroom Apartment,private,10105,2114,yes,6.2,12,no,no,Booking (hotel/apartment filter),https://www.booking.com/hotel/jp/ikebukuro-coze-home.html?checkin=2026-11-08&checkout=2026-11-09&group_adults=2&no_rooms=1&selected_currency=JPY
2026-11-08,Sun,2026-11-09,池袋 Aurora 7,One-Bedroom Apartment,private,10105,2114,yes,7.3,16,no,no,Booking (hotel/apartment filter),https://www.booking.com/hotel/jp/chi-dai-yi-zui-da-6ren-b09.html?checkin=2026-11-08&checkout=2026-11-09&group_adults=2&no_rooms=1&selected_currency=JPY
2026-11-08,Sun,2026-11-09,メリス池袋East 103,,private,10162,2126,yes,,0,no,no,Booking (hotel/apartment filter),https://www.booking.com/hotel/jp/merisuchi-dai-east-103.html?checkin=2026-11-08&checkout=2026-11-09&group_adults=2&no_rooms=1&selected_currency=JPY
2026-11-08,Sun,2026-11-09,Ryoma Ikebukuro male only -Guest House - Vacation STAY 14547v,Holiday Home,private,10275,2150,yes,4.4,18,yes,no,Booking (hotel/apartment filter),https://www.booking.com/hotel/jp/ryoma-ikebukuro-guest-house-vacation-stay-14547v.html?checkin=2026-11-08&checkout=2026-11-09&group_adults=2&no_rooms=1&selected_currency=JPY
2026-11-08,Sun,2026-11-09,Ryoma Ikebukuro female only Guest House Vacation STAY 16032v,Holiday Home,private,10275,2150,yes,5.4,25,yes,no,Booking (hotel/apartment filter),https://www.booking.com/hotel/jp/ryoma-ikebukuro-guest-house-vacation-stay-16032v.html?checkin=2026-11-08&checkout=2026-11-09&group_adults=2&no_rooms=1&selected_currency=JPY
2026-11-08,Sun,2026-11-09,House Ikebukuro,Japanese Style Economy Room,shared,10455,2187,yes,8.4,1381,yes,no,Booking (hotel/apartment filter),https://www.booking.com/hotel/jp/house-ikebukuro.html?checkin=2026-11-08&checkout=2026-11-09&group_adults=2&no_rooms=1&selected_currency=JPY
2026-11-08,Sun,2026-11-09,House Ikebukuro,Japanese Style Economy Room,shared,10455,2187,yes,8.4,1381,yes,no,Booking (review>=8 filter),https://www.booking.com/hotel/jp/house-ikebukuro.html?checkin=2026-11-08&checkout=2026-11-09&group_adults=2&no_rooms=1&selected_currency=JPY
2026-11-08,Sun,2026-11-09,Kimi Ryokan,Twin Room,shared,10500,2197,yes,8.3,1035,yes,no,Booking (review>=8 filter),https://www.booking.com/hotel/jp/kimi-ryokan.html?checkin=2026-11-08&checkout=2026-11-09&group_adults=2&no_rooms=1&selected_currency=JPY
2026-11-08,Sun,2026-11-09,Karasawa Hotel,One-Bedroom Apartment,private,10530,2203,yes,6.4,39,no,no,Booking (hotel/apartment filter),https://www.booking.com/hotel/jp/tang-ze-hoteru-karasawa.html?checkin=2026-11-08&checkout=2026-11-09&group_adults=2&no_rooms=1&selected_currency=JPY
2026-11-08,Sun,2026-11-09,Tabist Hotel Aurora Ikebukuro,Double Room - Smoking,private,10636,2225,yes,6.7,480,yes,no,Booking (hotel/apartment filter),https://www.booking.com/hotel/jp/hoteruorora.html?checkin=2026-11-08&checkout=2026-11-09&group_adults=2&no_rooms=1&selected_currency=JPY
2026-11-08,Sun,2026-11-09,"7-minute walk from Otsuka Station,Yamanote Line 3-person Shared garden",One-Bedroom Apartment,private,10636,2225,yes,9.2,8,no,no,Booking (hotel/apartment filter),https://www.booking.com/hotel/jp/7-minute-walk-from-otsuka-station.html?checkin=2026-11-08&checkout=2026-11-09&group_adults=2&no_rooms=1&selected_currency=JPY
2026-11-08,Sun,2026-11-09,Otsuka 7 mins one stop to Ikebukuro mansion with garden,One-Bedroom Apartment,private,10636,2225,yes,7.1,6,no,no,Booking (hotel/apartment filter),https://www.booking.com/hotel/jp/otsuka-7-mins.html?checkin=2026-11-08&checkout=2026-11-09&group_adults=2&no_rooms=1&selected_currency=JPY
2026-11-08,Sun,2026-11-09,"7-minute walk from Otsuka Station,Yamanote Line 3-person Shared garden",One-Bedroom Apartment,unverified,10636,2225,yes,9.2,8,no,no,Booking (review>=8 filter),https://www.booking.com/hotel/jp/7-minute-walk-from-otsuka-station.html?checkin=2026-11-08&checkout=2026-11-09&group_adults=2&no_rooms=1&selected_currency=JPY
2026-11-08,Sun,2026-11-09,HOTEL PARK SIDE,Standard Double Room,private,10727,2244,yes,7.5,71,yes,no,Booking (hotel/apartment filter),https://www.booking.com/hotel/jp/park-side-dong-jing.html?checkin=2026-11-08&checkout=2026-11-09&group_adults=2&no_rooms=1&selected_currency=JPY
2026-11-08,Sun,2026-11-09,Hotel Moana Otsuka (Adult Only),Small Double Room,unverified,10909,2282,yes,8.0,303,yes,no,Booking (review>=8 filter),https://www.booking.com/hotel/jp/hoteru-moana-otsuka.html?checkin=2026-11-08&checkout=2026-11-09&group_adults=2&no_rooms=1&selected_currency=JPY
2026-11-08,Sun,2026-11-09,"BRT203 Cook & Relax, Private Kitchen & Double Bed",One-Bedroom Apartment,unverified,11008,2303,yes,8.5,4,yes,no,Booking (review>=8 filter),https://www.booking.com/hotel/jp/brt203-ikebukuro-station-double-apartment-in-a-busy-business-district-yamanote-l.html?checkin=2026-11-08&checkout=2026-11-09&group_adults=2&no_rooms=1&selected_currency=JPY
2026-11-08,Sun,2026-11-09,"BRT102 Near Ikebukuro, Easy Tokyo Access",,unverified,11008,2303,yes,8.0,0,yes,no,Booking (review>=8 filter),https://www.booking.com/hotel/jp/brt102-apartment-102-for-2-people-direct-access-to-shinjuku-and-shibuya-on-the-y.html?checkin=2026-11-08&checkout=2026-11-09&group_adults=2&no_rooms=1&selected_currency=JPY
2026-11-08,Sun,2026-11-09,Tabist Hotel Florida Ikebukuro,Double Room - Smoking,private,11091,2320,yes,6.7,161,yes,no,Booking (hotel/apartment filter),https://www.booking.com/hotel/jp/florida-dong-jing.html?checkin=2026-11-08&checkout=2026-11-09&group_adults=2&no_rooms=1&selected_currency=JPY
2026-11-08,Sun,2026-11-09,愛の屋ホテル池袋,Studio,private,11181,2339,yes,3.0,3,no,no,Booking (hotel/apartment filter),https://www.booking.com/hotel/jp/ai-nowu-hoteruchi-dai-dong-jing-du.html?checkin=2026-11-08&checkout=2026-11-09&group_adults=2&no_rooms=1&selected_currency=JPY
2026-11-08,Sun,2026-11-09,Toyoko Inn Ikebukuro Kita-guchi No.1,plan price (breakfast included),private,11210,2345,yes,8.2,761,yes,yes,Toyoko Inn official site,https://www.toyoko-inn.com/eng/search/detail/00096/
2026-11-08,Sun,2026-11-09,Frame HIGASHI IKEBUKURO,Double or Twin Room,unverified,11230,2349,yes,8.6,31,no,no,Booking (review>=8 filter),https://www.booking.com/hotel/jp/frame-higashiikebukuro.html?checkin=2026-11-08&checkout=2026-11-09&group_adults=2&no_rooms=1&selected_currency=JPY
2026-11-08,Sun,2026-11-09,Hananogo Ikebukuro - Vacation STAY 16098v,Studio,private,11442,2394,yes,7.8,7,yes,no,Booking (hotel/apartment filter),https://www.booking.com/hotel/jp/hananogo-ikebukuro-vacation-stay-16098v.html?checkin=2026-11-08&checkout=2026-11-09&group_adults=2&no_rooms=1&selected_currency=JPY
2026-11-08,Sun,2026-11-09,ARM ikebukuro,One-Bedroom Apartment,unverified,11617,2430,yes,8.2,45,yes,no,Booking (review>=8 filter),https://www.booking.com/hotel/jp/arm-ikebukuro.html?checkin=2026-11-08&checkout=2026-11-09&group_adults=2&no_rooms=1&selected_currency=JPY
2026-11-08,Sun,2026-11-09,Restay Frontier (Adult Only),Double Room,unverified,11635,2434,yes,9.0,570,no,no,Booking (review>=8 filter),https://www.booking.com/hotel/jp/hoteruhuronteia.html?checkin=2026-11-08&checkout=2026-11-09&group_adults=2&no_rooms=1&selected_currency=JPY
2026-11-08,Sun,2026-11-09,Hotel Suntargas Otsuka - Vacation STAY 08513v,Studio,private,11636,2434,yes,6.6,19,yes,no,Booking (hotel/apartment filter),https://www.booking.com/hotel/jp/suntargas-otsuka-vacation-stay-08513v.html?checkin=2026-11-08&checkout=2026-11-09&group_adults=2&no_rooms=1&selected_currency=JPY
2026-11-08,Sun,2026-11-09,池袋駅徒歩7分 山手線交通便利 設備完備,One-Bedroom Apartment,private,11659,2439,yes,7.7,8,yes,no,Booking (hotel/apartment filter),https://www.booking.com/hotel/jp/chi-dai-yi-tu-bu-7fen-shan-shou-xian-jiao-tong-bian-li-she-bei-wan-bei.html?checkin=2026-11-08&checkout=2026-11-09&group_adults=2&no_rooms=1&selected_currency=JPY
2026-11-08,Sun,2026-11-09,Toyoko Inn Ikebukuro Kita-guchi No.1,plan price (breakfast included),private,11800,2469,yes,8.2,761,yes,yes,Toyoko Inn official site,https://www.toyoko-inn.com/eng/search/detail/00096/
2026-11-08,Sun,2026-11-09,池袋 Bodo House 9 A5,One-Bedroom Apartment,private,11905,2491,yes,6.9,36,no,no,Booking (hotel/apartment filter),https://www.booking.com/hotel/jp/chi-dai-bodo-house-9.html?checkin=2026-11-08&checkout=2026-11-09&group_adults=2&no_rooms=1&selected_currency=JPY
2026-11-08,Sun,2026-11-09,japan house Ikebukuro 2,Double Room,unverified,12042,2519,yes,8.5,249,no,no,Booking (review>=8 filter),https://www.booking.com/hotel/jp/japan-house-ikebukuro-2-toshima-city.html?checkin=2026-11-08&checkout=2026-11-09&group_adults=2&no_rooms=1&selected_currency=JPY
2026-11-08,Sun,2026-11-09,Verde Ikebukuro,One-Bedroom Apartment,private,12047,2520,yes,7.8,60,yes,no,Booking (hotel/apartment filter),https://www.booking.com/hotel/jp/verde-ikebukuro.html?checkin=2026-11-08&checkout=2026-11-09&group_adults=2&no_rooms=1&selected_currency=JPY
2026-11-08,Sun,2026-11-09,Home Story in Tokyo JR山手線大塚駅Otsuka &東京屋語,Late Escape Deal,unverified,12076,2526,yes,9.0,6,yes,no,Booking (review>=8 filter),https://www.booking.com/hotel/jp/tokyo-house-asakusa.html?checkin=2026-11-08&checkout=2026-11-09&group_adults=2&no_rooms=1&selected_currency=JPY
2026-11-08,Sun,2026-11-09,"BRT203 Cook & Relax, Private Kitchen & Double Bed",One-Bedroom Apartment,private,12231,2559,yes,8.5,4,yes,no,Booking (hotel/apartment filter),https://www.booking.com/hotel/jp/brt203-ikebukuro-station-double-apartment-in-a-busy-business-district-yamanote-l.html?checkin=2026-11-08&checkout=2026-11-09&group_adults=2&no_rooms=1&selected_currency=JPY
2026-11-08,Sun,2026-11-09,"BRT102 Near Ikebukuro, Easy Tokyo Access",,private,12231,2559,yes,8.0,0,yes,no,Booking (hotel/apartment filter),https://www.booking.com/hotel/jp/brt102-apartment-102-for-2-people-direct-access-to-shinjuku-and-shibuya-on-the-y.html?checkin=2026-11-08&checkout=2026-11-09&group_adults=2&no_rooms=1&selected_currency=JPY
2026-11-08,Sun,2026-11-09,"BRT302 Twin Room, Ideal for Friends in Tokyo",One-Bedroom Apartment,private,12231,2559,yes,7.5,2,yes,no,Booking (hotel/apartment filter),https://www.booking.com/hotel/jp/brt302-ikebukuro-station-double-apartment-yamanote-line-direct-access-to-shinjuk.html?checkin=2026-11-08&checkout=2026-11-09&group_adults=2&no_rooms=1&selected_currency=JPY
2026-11-08,Sun,2026-11-09,"BRT202 Tokyo City Base, Double Room for Two",,private,12231,2559,yes,1.0,0,yes,no,Booking (hotel/apartment filter),https://www.booking.com/hotel/jp/brt202-ikebukuro-station-apartment-for-2-people-direct-access-to-shinjuku-and-sh.html?checkin=2026-11-08&checkout=2026-11-09&group_adults=2&no_rooms=1&selected_currency=JPY
2026-11-08,Sun,2026-11-09,Ikebukuro Center# Ikebukuro 5min walk#池袋中心地带# 池袋车站步行5分#无限制wifi#306,,unverified,12379,2590,yes,9.0,0,no,no,Booking (review>=8 filter),https://www.booking.com/hotel/jp/ikebukuro-center-ikebukuro-5min-walk-chi-dai-zhong-xin-di-dai-chi-d-toshima-cit2.html?checkin=2026-11-08&checkout=2026-11-09&group_adults=2&no_rooms=1&selected_currency=JPY
2026-11-08,Sun,2026-11-09,Super Hotel Ikebukuro-Eki Kitaguchi,Double Room with Small Double Bed,unverified,12418,2598,yes,8.2,841,no,no,Booking (review>=8 filter),https://www.booking.com/hotel/jp/super-hotel-inn-ikebukuroeki-kitaguchi.html?checkin=2026-11-08&checkout=2026-11-09&group_adults=2&no_rooms=1&selected_currency=JPY
2026-11-08,Sun,2026-11-09,Ikebukuro Central Hotel,Standard Double Room,private,12545,2624,yes,5.8,225,yes,no,Booking (hotel/apartment filter),https://www.booking.com/hotel/jp/chi-dai-sentoraruhoteru.html?checkin=2026-11-08&checkout=2026-11-09&group_adults=2&no_rooms=1&selected_currency=JPY
2026-11-08,Sun,2026-11-09,ジェミニス池袋303,One-Bedroom Apartment,unverified,12600,2636,yes,8.5,2,yes,no,Booking (review>=8 filter),https://www.booking.com/hotel/jp/zieminisuchi-dai-303.html?checkin=2026-11-08&checkout=2026-11-09&group_adults=2&no_rooms=1&selected_currency=JPY
2026-11-08,Sun,2026-11-09,KOKO HOTEL Ikebukuro,Small Double Room - Non-Smoking,unverified,12715,2660,yes,8.6,1616,yes,no,Booking (review>=8 filter),https://www.booking.com/hotel/jp/wing-international-select-ikebukuro.html?checkin=2026-11-08&checkout=2026-11-09&group_adults=2&no_rooms=1&selected_currency=JPY
2026-11-08,Sun,2026-11-09,KOSUMOSU Ikebukuro Shinjuku Private House,Double Room with Two Double Beds,unverified,12727,2662,yes,8.4,146,no,no,Booking (review>=8 filter),https://www.booking.com/hotel/jp/kosumosu.html?checkin=2026-11-08&checkout=2026-11-09&group_adults=2&no_rooms=1&selected_currency=JPY
2026-11-08,Sun,2026-11-09,Washington R&B Hotel Otsuka Eki Kitaguchi,Double Room with Small Double Bed - Non-Smoking,private,12818,2682,yes,8.2,953,yes,no,Booking (hotel/apartment filter),https://www.booking.com/hotel/jp/r-and-b-otsukaeki-kitaguchi.html?checkin=2026-11-08&checkout=2026-11-09&group_adults=2&no_rooms=1&selected_currency=JPY
2026-11-08,Sun,2026-11-09,池袋レトロなホテル,Superior Double Room,private,12818,2682,yes,7.8,138,yes,no,Booking (hotel/apartment filter),https://www.booking.com/hotel/jp/aroma-plus.html?checkin=2026-11-08&checkout=2026-11-09&group_adults=2&no_rooms=1&selected_currency=JPY
2026-11-08,Sun,2026-11-09,Washington R&B Hotel Otsuka Eki Kitaguchi,Double Room with Small Double Bed - Non-Smoking,unverified,12818,2682,yes,8.2,953,yes,no,Booking (review>=8 filter),https://www.booking.com/hotel/jp/r-and-b-otsukaeki-kitaguchi.html?checkin=2026-11-08&checkout=2026-11-09&group_adults=2&no_rooms=1&selected_currency=JPY
2026-11-08,Sun,2026-11-09,Garden Otsuka,One-Bedroom Apartment,private,12908,2700,yes,7.9,69,yes,no,Booking (hotel/apartment filter),https://www.booking.com/hotel/jp/garden-otsuka.html?checkin=2026-11-08&checkout=2026-11-09&group_adults=2&no_rooms=1&selected_currency=JPY
2026-11-08,Sun,2026-11-09,ARM ikebukuro,One-Bedroom Apartment,private,12908,2700,yes,8.2,45,yes,no,Booking (hotel/apartment filter),https://www.booking.com/hotel/jp/arm-ikebukuro.html?checkin=2026-11-08&checkout=2026-11-09&group_adults=2&no_rooms=1&selected_currency=JPY
2026-11-08,Sun,2026-11-09,Laurea Tower Ikebukuro,One-Bedroom Apartment,private,12908,2700,yes,7.5,266,yes,no,Booking (hotel/apartment filter),https://www.booking.com/hotel/jp/laurea-tower-ikebukuro.html?checkin=2026-11-08&checkout=2026-11-09&group_adults=2&no_rooms=1&selected_currency=JPY
2026-11-08,Sun,2026-11-09,Restay Frontier (Adult Only),Double Room,private,12927,2704,yes,9.0,570,no,no,Booking (hotel/apartment filter),https://www.booking.com/hotel/jp/hoteruhuronteia.html?checkin=2026-11-08&checkout=2026-11-09&group_adults=2&no_rooms=1&selected_currency=JPY
2026-11-08,Sun,2026-11-09,Garden Otsuka,Late Escape Deal,private,12960,2711,yes,7.0,182,no,no,Booking (hotel/apartment filter),https://www.booking.com/hotel/jp/garden-otsuka-203.html?checkin=2026-11-08&checkout=2026-11-09&group_adults=2&no_rooms=1&selected_currency=JPY
2026-11-08,Sun,2026-11-09,nestay miriz tokyo ikebukuro,Late Escape Deal,unverified,12987,2717,yes,8.4,179,no,no,Booking (review>=8 filter),https://www.booking.com/hotel/jp/nestay-miriz-tokyo-ikebukuro.html?checkin=2026-11-08&checkout=2026-11-09&group_adults=2&no_rooms=1&selected_currency=JPY
2026-11-08,Sun,2026-11-09,Toshima-ku - House - Vacation STAY 17454,,private,12999,2719,yes,,0,yes,no,Booking (hotel/apartment filter),https://www.booking.com/hotel/jp/toshima-ku-house-vacation-stay-17454.html?checkin=2026-11-08&checkout=2026-11-09&group_adults=2&no_rooms=1&selected_currency=JPY
2026-11-08,Sun,2026-11-09,HOTEL CHECK INN BALI adult only,Economy Double Room,private,13091,2739,yes,7.2,316,yes,no,Booking (hotel/apartment filter),https://www.booking.com/hotel/jp/check-inn-bali.html?checkin=2026-11-08&checkout=2026-11-09&group_adults=2&no_rooms=1&selected_currency=JPY
2026-11-08,Sun,2026-11-09,"32B Ikebukuro, 3 bedrooms and 1 living room, 7 mins to ST Max 7P 池袋 全新装修 三室一厅 交通中心 车站7分钟 最大7人 直达新宿 涉谷 表参道 品川 池袋 上野 代代木 银座 原宿",Three-Bedroom Apartment,unverified,13091,2739,yes,8.9,28,yes,no,Booking (review>=8 filter),https://www.booking.com/hotel/jp/32b-ikebukuro-3-bedrooms-and-1-living-room-7-mins-to-st-max-7p-chi-dai-quan-xin.html?checkin=2026-11-08&checkout=2026-11-09&group_adults=2&no_rooms=1&selected_currency=JPY
2026-11-08,Sun,2026-11-09,Toyoko Inn Ikebukuro Kita-guchi No.1,plan price (breakfast included),private,13110,2743,yes,8.2,761,yes,yes,Toyoko Inn official site,https://www.toyoko-inn.com/eng/search/detail/00096/
2026-11-08,Sun,2026-11-09,R&B Hotel Otsuka Eki Kitaguchi - Vacation STAY 40487v,,private,13257,2773,yes,5.0,0,yes,no,Booking (hotel/apartment filter),https://www.booking.com/hotel/jp/r-b-otsuka-eki-kitaguchi-vacation-stay-40487v.html?checkin=2026-11-08&checkout=2026-11-09&group_adults=2&no_rooms=1&selected_currency=JPY
2026-11-08,Sun,2026-11-09,GrAce Room IKEBUKURO,Apartment,private,13274,2777,yes,6.4,5,yes,no,Booking (hotel/apartment filter),https://www.booking.com/hotel/jp/at-ikebukuro-no5.html?checkin=2026-11-08&checkout=2026-11-09&group_adults=2&no_rooms=1&selected_currency=JPY
2026-11-08,Sun,2026-11-09,HOTEL MYSTAYS Higashi Ikebukuro,Superior Semi Double - Non-Smoking - House Keeping is Optional with Additional Cost,private,13327,2788,yes,8.3,1699,yes,no,Booking (hotel/apartment filter),https://www.booking.com/hotel/jp/flexstay-higashi-ikebukuro-inn.html?checkin=2026-11-08&checkout=2026-11-09&group_adults=2&no_rooms=1&selected_currency=JPY
2026-11-08,Sun,2026-11-09,HOTEL MYSTAYS Higashi Ikebukuro,Superior Semi Double - Non-Smoking - House Keeping is Optional with Additional Cost,unverified,13327,2788,yes,8.3,1699,yes,no,Booking (review>=8 filter),https://www.booking.com/hotel/jp/flexstay-higashi-ikebukuro-inn.html?checkin=2026-11-08&checkout=2026-11-09&group_adults=2&no_rooms=1&selected_currency=JPY
2026-11-08,Sun,2026-11-09,Reimi Mondo703,Two-Bedroom Apartment,private,13342,2791,yes,8.0,3,no,no,Booking (hotel/apartment filter),https://www.booking.com/hotel/jp/reimi-mondo703.html?checkin=2026-11-08&checkout=2026-11-09&group_adults=2&no_rooms=1&selected_currency=JPY
2026-11-08,Sun,2026-11-09,Reimi Mondo703,Two-Bedroom Apartment,unverified,13342,2791,yes,8.0,3,no,no,Booking (review>=8 filter),https://www.booking.com/hotel/jp/reimi-mondo703.html?checkin=2026-11-08&checkout=2026-11-09&group_adults=2&no_rooms=1&selected_currency=JPY
2026-11-08,Sun,2026-11-09,japan house Ikebukuro 2,Double Room,private,13381,2799,yes,8.5,249,no,no,Booking (hotel/apartment filter),https://www.booking.com/hotel/jp/japan-house-ikebukuro-2-toshima-city.html?checkin=2026-11-08&checkout=2026-11-09&group_adults=2&no_rooms=1&selected_currency=JPY
2026-11-08,Sun,2026-11-09,Home Story in Tokyo JR山手線大塚駅Otsuka &東京屋語,Late Escape Deal,private,13418,2807,no,9.0,6,yes,no,Booking (hotel/apartment filter),https://www.booking.com/hotel/jp/tokyo-house-asakusa.html?checkin=2026-11-08&checkout=2026-11-09&group_adults=2&no_rooms=1&selected_currency=JPY
2026-11-08,Sun,2026-11-09,APA Hotel Yamanote Otsuka Ekimae Tower,Standard Double Room - Non-Smoking,private,13455,2815,no,8.5,8714,yes,no,Booking (hotel/apartment filter),https://www.booking.com/hotel/jp/apa-yamanote-otsuka-eki-tower.html?checkin=2026-11-08&checkout=2026-11-09&group_adults=2&no_rooms=1&selected_currency=JPY
2026-11-08,Sun,2026-11-09,HOTEL PAL Otsuka -Adult Only-,Standard Double Room (Check-in after 19:00),unverified,13455,2815,no,9.2,97,yes,no,Booking (review>=8 filter),https://www.booking.com/hotel/jp/pal.html?checkin=2026-11-08&checkout=2026-11-09&group_adults=2&no_rooms=1&selected_currency=JPY
2026-11-08,Sun,2026-11-09,APA Hotel Yamanote Otsuka Ekimae Tower,Standard Double Room - Non-Smoking,unverified,13455,2815,no,8.5,8714,yes,no,Booking (review>=8 filter),https://www.booking.com/hotel/jp/apa-yamanote-otsuka-eki-tower.html?checkin=2026-11-08&checkout=2026-11-09&group_adults=2&no_rooms=1&selected_currency=JPY
2026-11-08,Sun,2026-11-09,Ikebukuro Warmハウス306,One-Bedroom Apartment,private,13492,2823,no,8.9,17,no,no,Booking (hotel/apartment filter),https://www.booking.com/hotel/jp/ikebukuro-warmhausu306.html?checkin=2026-11-08&checkout=2026-11-09&group_adults=2&no_rooms=1&selected_currency=JPY
2026-11-08,Sun,2026-11-09,Ikebukuro Warmハウス306,One-Bedroom Apartment,unverified,13492,2823,no,8.9,17,no,no,Booking (review>=8 filter),https://www.booking.com/hotel/jp/ikebukuro-warmhausu306.html?checkin=2026-11-08&checkout=2026-11-09&group_adults=2&no_rooms=1&selected_currency=JPY
2026-11-08,Sun,2026-11-09,"Ikebukuro 8 min walk, Kanamecho 6 min walk, 25sqm room, 3 guests, Direct access to Shinjuku, Shibuya, Tokyo, Ueno, 3 single beds",One-Bedroom Apartment,private,13531,2831,no,7.4,5,yes,no,Booking (hotel/apartment filter),https://www.booking.com/hotel/jp/304-8-min-walk-to-ikebukuro-6-min-walk-to-kanamecho-station25m-max-2-people-dire.html?checkin=2026-11-08&checkout=2026-11-09&group_adults=2&no_rooms=1&selected_currency=JPY
2026-11-08,Sun,2026-11-09,"Ikebukuro 8 min walk, Kanamecho 6 min walk, 25sqm room, 2 guests, Direct access to Shinjuku, Shibuya, Tokyo, Ueno, 2 single beds",,private,13531,2831,no,1.0,0,yes,no,Booking (hotel/apartment filter),https://www.booking.com/hotel/jp/103-8-min-walk-to-ikebukuro-6-min-walk-to-kanamecho-station25m-max-2-people-dire.html?checkin=2026-11-08&checkout=2026-11-09&group_adults=2&no_rooms=1&selected_currency=JPY
2026-11-08,Sun,2026-11-09,Hananogo Ikebukuro - Vacation STAY 16116v,,private,13625,2850,no,1.0,0,yes,no,Booking (hotel/apartment filter),https://www.booking.com/hotel/jp/hananogo-ikebukuro-vacation-stay-16116v.html?checkin=2026-11-08&checkout=2026-11-09&group_adults=2&no_rooms=1&selected_currency=JPY
2026-11-08,Sun,2026-11-09,Hotel Suntargas Otsuka,Single Room -Smoking,private,13636,2853,no,7.6,128,yes,no,Booking (hotel/apartment filter),https://www.booking.com/hotel/jp/suntargas-otsuka.html?checkin=2026-11-08&checkout=2026-11-09&group_adults=2&no_rooms=1&selected_currency=JPY
2026-11-08,Sun,2026-11-09,NEST BASE Ikebukuro 302,Apartment,private,13665,2859,no,7.6,5,yes,no,Booking (hotel/apartment filter),https://www.booking.com/hotel/jp/kopogang-qi-302.html?checkin=2026-11-08&checkout=2026-11-09&group_adults=2&no_rooms=1&selected_currency=JPY
2026-11-08,Sun,2026-11-09,japan house Otsuka,One-Bedroom Apartment,private,13705,2867,no,9.0,141,no,no,Booking (hotel/apartment filter),https://www.booking.com/hotel/jp/japan-house-otsuka.html?checkin=2026-11-08&checkout=2026-11-09&group_adults=2&no_rooms=1&selected_currency=JPY
2026-11-08,Sun,2026-11-09,japan house Otsuka,One-Bedroom Apartment,unverified,13705,2867,no,9.0,141,no,no,Booking (review>=8 filter),https://www.booking.com/hotel/jp/japan-house-otsuka.html?checkin=2026-11-08&checkout=2026-11-09&group_adults=2&no_rooms=1&selected_currency=JPY
2026-11-08,Sun,2026-11-09,R&B Hotel Otsuka Eki Kitaguchi - Vacation STAY 40488v,,private,13717,2870,no,,0,yes,no,Booking (hotel/apartment filter),https://www.booking.com/hotel/jp/r-b-otsuka-eki-kitaguchi-vacation-stay-40488v.html?checkin=2026-11-08&checkout=2026-11-09&group_adults=2&no_rooms=1&selected_currency=JPY
2026-11-08,Sun,2026-11-09,KOKO HOTEL Ikebukuro East,Standard Double Room - Non-Smoking,unverified,13745,2875,no,8.4,1366,yes,no,Booking (review>=8 filter),https://www.booking.com/hotel/jp/wing-international-ikebukuro.html?checkin=2026-11-08&checkout=2026-11-09&group_adults=2&no_rooms=1&selected_currency=JPY
2026-11-08,Sun,2026-11-09,Super Hotel Ikebukuro-Eki Kitaguchi,Double Room with Small Double Bed,private,13798,2887,no,8.2,841,no,no,Booking (hotel/apartment filter),https://www.booking.com/hotel/jp/super-hotel-inn-ikebukuroeki-kitaguchi.html?checkin=2026-11-08&checkout=2026-11-09&group_adults=2&no_rooms=1&selected_currency=JPY
2026-11-08,Sun,2026-11-09,Toyoko Inn Ikebukuro Kita-guchi No.1,plan price (breakfast included),private,13800,2887,no,8.2,761,yes,yes,Toyoko Inn official site,https://www.toyoko-inn.com/eng/search/detail/00096/
2026-11-08,Sun,2026-11-09,"Ikebukuro 8 min walk, Kanamecho 6 min walk, 25sqm room, 2 guests, Direct access to Shinjuku, Shibuya, Tokyo, Ueno, 1 double bed",One-Bedroom Apartment,private,13813,2890,no,6.7,15,yes,no,Booking (hotel/apartment filter),https://www.booking.com/hotel/jp/8-min-walk-to-ikebukuro-6-min-walk-to-yanagibashi-station25m-max-2-people-direct.html?checkin=2026-11-08&checkout=2026-11-09&group_adults=2&no_rooms=1&selected_currency=JPY
2026-11-08,Sun,2026-11-09,ARstay IKEBUKURO TOKYO,,unverified,13923,2913,no,8.0,0,yes,no,Booking (review>=8 filter),https://www.booking.com/hotel/jp/arstay-ikebukuro-li-dao-qu.html?checkin=2026-11-08&checkout=2026-11-09&group_adults=2&no_rooms=1&selected_currency=JPY
2026-11-08,Sun,2026-11-09,Laluna Higashiikebukuro,One-Bedroom Apartment,unverified,13939,2916,no,8.1,85,yes,no,Booking (review>=8 filter),https://www.booking.com/hotel/jp/laluna-higashiikebukuro-dong-jing-du.html?checkin=2026-11-08&checkout=2026-11-09&group_adults=2&no_rooms=1&selected_currency=JPY
2026-11-08,Sun,2026-11-09,桜の川 池袋駅7分 2-4人丨7 minutes from Ikebukuro Station 2-4 people,Late Escape Deal,unverified,14051,2939,no,8.2,46,no,no,Booking (review>=8 filter),https://www.booking.com/hotel/jp/ikebukuro-8min-modern-stay.html?checkin=2026-11-08&checkout=2026-11-09&group_adults=2&no_rooms=1&selected_currency=JPY
2026-11-08,Sun,2026-11-09,NEST BASE Ikebukuro 301,,private,14075,2944,no,7.0,0,yes,no,Booking (hotel/apartment filter),https://www.booking.com/hotel/jp/kopogang-qi-301.html?checkin=2026-11-08&checkout=2026-11-09&group_adults=2&no_rooms=1&selected_currency=JPY
2026-11-08,Sun,2026-11-09,KOKO HOTEL Ikebukuro,Small Double Room - Non-Smoking,private,14128,2956,no,8.6,1616,yes,no,Booking (hotel/apartment filter),https://www.booking.com/hotel/jp/wing-international-select-ikebukuro.html?checkin=2026-11-08&checkout=2026-11-09&group_adults=2&no_rooms=1&selected_currency=JPY
2026-11-08,Sun,2026-11-09,NEST BASE Ikebukuro 202,,private,14138,2958,no,,0,yes,no,Booking (hotel/apartment filter),https://www.booking.com/hotel/jp/nest-base-ikebukuro-202.html?checkin=2026-11-08&checkout=2026-11-09&group_adults=2&no_rooms=1&selected_currency=JPY
2026-11-08,Sun,2026-11-09,NEST BASE Ikebukuro 201,,private,14138,2958,no,,0,yes,no,Booking (hotel/apartment filter),https://www.booking.com/hotel/jp/nest-base-ikebukuro-201.html?checkin=2026-11-08&checkout=2026-11-09&group_adults=2&no_rooms=1&selected_currency=JPY
2026-11-08,Sun,2026-11-09,Garden Otsuka 302,One-Bedroom Apartment,unverified,14249,2981,no,8.2,42,yes,no,Booking (review>=8 filter),https://www.booking.com/hotel/jp/garden-otsuka-gadenda-zhong-hoteru.html?checkin=2026-11-08&checkout=2026-11-09&group_adults=2&no_rooms=1&selected_currency=JPY
2026-11-08,Sun,2026-11-09,池袋 Energy CA0 a9,One-Bedroom Apartment,private,14285,2988,no,7.4,19,no,no,Booking (hotel/apartment filter),https://www.booking.com/hotel/jp/chi-dai-energy-ca0-a9.html?checkin=2026-11-08&checkout=2026-11-09&group_adults=2&no_rooms=1&selected_currency=JPY
2026-11-08,Sun,2026-11-09,Ikebukuro IVY House Ao6,One-Bedroom Apartment,private,14285,2988,no,6.3,17,no,no,Booking (hotel/apartment filter),https://www.booking.com/hotel/jp/ikebukuro-ivy-house-ao6.html?checkin=2026-11-08&checkout=2026-11-09&group_adults=2&no_rooms=1&selected_currency=JPY
2026-11-08,Sun,2026-11-09,Ikebukuro Cozy ハウス5,One-Bedroom Apartment,private,14285,2988,no,6.7,13,no,no,Booking (hotel/apartment filter),https://www.booking.com/hotel/jp/ikebukuro-cozy-hausu5.html?checkin=2026-11-08&checkout=2026-11-09&group_adults=2&no_rooms=1&selected_currency=JPY
2026-11-08,Sun,2026-11-09,ルチル池袋東京,Late Escape Deal,unverified,14300,2992,no,8.3,187,no,no,Booking (review>=8 filter),https://www.booking.com/hotel/jp/rutile-ikebukuro.html?checkin=2026-11-08&checkout=2026-11-09&group_adults=2&no_rooms=1&selected_currency=JPY
2026-11-08,Sun,2026-11-09,IKEBUKURO MANGA HOUSE,One-Bedroom Apartment,private,14383,3009,no,7.8,169,yes,no,Booking (hotel/apartment filter),https://www.booking.com/hotel/jp/ikebukuro-manga-house.html?checkin=2026-11-08&checkout=2026-11-09&group_adults=2&no_rooms=1&selected_currency=JPY
2026-11-08,Sun,2026-11-09,nestay miriz tokyo ikebukuro,Late Escape Deal,private,14430,3019,no,8.4,179,no,no,Booking (hotel/apartment filter),https://www.booking.com/hotel/jp/nestay-miriz-tokyo-ikebukuro.html?checkin=2026-11-08&checkout=2026-11-09&group_adults=2&no_rooms=1&selected_currency=JPY
2026-11-08,Sun,2026-11-09,Shiratori306 B036,New to Booking.com,unverified,14483,3030,no,8.3,3,yes,no,Booking (review>=8 filter),https://www.booking.com/hotel/jp/b036po-wei-sanbai-niao-306a.html?checkin=2026-11-08&checkout=2026-11-09&group_adults=2&no_rooms=1&selected_currency=JPY
2026-11-08,Sun,2026-11-09,Maison Highway Ikebukuro,One-Bedroom Apartment,unverified,14521,3038,no,9.0,5,yes,no,Booking (review>=8 filter),https://www.booking.com/hotel/jp/maison-highway-ikebukuro.html?checkin=2026-11-08&checkout=2026-11-09&group_adults=2&no_rooms=1&selected_currency=JPY
2026-11-08,Sun,2026-11-09,R&B Hotel Otsuka Eki Kitaguchi - Vacation STAY 14227v,,private,14545,3043,no,10.0,0,yes,yes,Booking (hotel/apartment filter),https://www.booking.com/hotel/jp/r-b-otsuka-eki-kitaguchi-vacation-stay-14227v.html?checkin=2026-11-08&checkout=2026-11-09&group_adults=2&no_rooms=1&selected_currency=JPY
2026-11-08,Sun,2026-11-09,R&B Hotel Otsuka Eki Kitaguchi - Vacation STAY 14227v,,unverified,14545,3043,no,10.0,0,yes,yes,Booking (review>=8 filter),https://www.booking.com/hotel/jp/r-b-otsuka-eki-kitaguchi-vacation-stay-14227v.html?checkin=2026-11-08&checkout=2026-11-09&group_adults=2&no_rooms=1&selected_currency=JPY
2026-11-08,Sun,2026-11-09,SUPER HOTEL Ikebukuro West Natural Hot Spring,Room Selected at Check-In,unverified,14553,3044,no,8.7,1349,no,yes,Booking (review>=8 filter),https://www.booking.com/hotel/jp/super-hotel-jr-ikebukuro-nishiguchi.html?checkin=2026-11-08&checkout=2026-11-09&group_adults=2&no_rooms=1&selected_currency=JPY
2026-11-08,Sun,2026-11-09,"10min walk Ikebukuro Sta JR , 10min Shinjuku Sta, Wi-Fi, PocketWiFi",Quadruple Room,unverified,14767,3089,no,8.0,73,yes,no,Booking (review>=8 filter),https://www.booking.com/hotel/jp/ikebukuro-li-dao-qu.html?checkin=2026-11-08&checkout=2026-11-09&group_adults=2&no_rooms=1&selected_currency=JPY
2026-11-08,Sun,2026-11-09,HOTEL APERTO (Adult Only),Check-in after 9pm - Standard Double Room,unverified,14973,3132,no,8.7,1297,yes,no,Booking (review>=8 filter),https://www.booking.com/hotel/jp/aperto.html?checkin=2026-11-08&checkout=2026-11-09&group_adults=2&no_rooms=1&selected_currency=JPY
2026-11-08,Sun,2026-11-09,R&B Hotel Otsuka Eki Kitaguchi - Vacation STAY 14229v,,private,15000,3138,no,,0,yes,yes,Booking (hotel/apartment filter),https://www.booking.com/hotel/jp/r-b-otsuka-eki-kitaguchi-vacation-stay-14229v.html?checkin=2026-11-08&checkout=2026-11-09&group_adults=2&no_rooms=1&selected_currency=JPY
2026-11-08,Sun,2026-11-09,タスキスマート池袋一号館Tasuki Smart Ikebukuro1,Apartment,private,15068,3152,no,8.7,186,no,no,Booking (hotel/apartment filter),https://www.booking.com/hotel/jp/japan-house-ikebukuro-1.html?checkin=2026-11-08&checkout=2026-11-09&group_adults=2&no_rooms=1&selected_currency=JPY
2026-11-08,Sun,2026-11-09,タスキスマート池袋一号館Tasuki Smart Ikebukuro1,Apartment,unverified,15068,3152,no,8.7,186,no,no,Booking (review>=8 filter),https://www.booking.com/hotel/jp/japan-house-ikebukuro-1.html?checkin=2026-11-08&checkout=2026-11-09&group_adults=2&no_rooms=1&selected_currency=JPY
2026-11-08,Sun,2026-11-09,KOKO HOTEL Ikebukuro East,Standard Double Room - Non-Smoking,private,15273,3195,no,8.4,1366,yes,no,Booking (hotel/apartment filter),https://www.booking.com/hotel/jp/wing-international-ikebukuro.html?checkin=2026-11-08&checkout=2026-11-09&group_adults=2&no_rooms=1&selected_currency=JPY
2026-11-08,Sun,2026-11-09,nestay suite tokyo ikebukuro,One-Bedroom Apartment,private,15300,3201,no,7.5,68,no,no,Booking (hotel/apartment filter),https://www.booking.com/hotel/jp/nestay-suite-tokyo-ikebukuro.html?checkin=2026-11-08&checkout=2026-11-09&group_adults=2&no_rooms=1&selected_currency=JPY
2026-11-08,Sun,2026-11-09,Super Hotel Premier Ikebukuro Natural Hot Spring,Room Selected at Check-In,unverified,15434,3229,no,8.8,1985,no,no,Booking (review>=8 filter),https://www.booking.com/hotel/jp/supahoterupremierchi-dai-tian-ran-wen-quan.html?checkin=2026-11-08&checkout=2026-11-09&group_adults=2&no_rooms=1&selected_currency=JPY
2026-11-08,Sun,2026-11-09,Tokyo Ikebukuro House,One-Bedroom Apartment,private,15545,3252,no,8.3,3,no,no,Booking (hotel/apartment filter),https://www.booking.com/hotel/jp/tokyo-ikebukuro-house.html?checkin=2026-11-08&checkout=2026-11-09&group_adults=2&no_rooms=1&selected_currency=JPY
2026-11-08,Sun,2026-11-09,Tokyo Ikebukuro House,One-Bedroom Apartment,unverified,15545,3252,no,8.3,3,no,no,Booking (review>=8 filter),https://www.booking.com/hotel/jp/tokyo-ikebukuro-house.html?checkin=2026-11-08&checkout=2026-11-09&group_adults=2&no_rooms=1&selected_currency=JPY
2026-11-08,Sun,2026-11-09,The house Urban IKEBUKURO near station,New to Booking.com,unverified,15648,3274,no,8.6,12,yes,no,Booking (review>=8 filter),https://www.booking.com/hotel/jp/the-house-urban-ikebukuro-near-station.html?checkin=2026-11-08&checkout=2026-11-09&group_adults=2&no_rooms=1&selected_currency=JPY
2026-11-08,Sun,2026-11-09,Super Hotel Tokyo Otsuka,Double Room,unverified,15685,3281,no,8.8,750,no,yes,Booking (review>=8 filter),https://www.booking.com/hotel/jp/super-tokyo-otsuka.html?checkin=2026-11-08&checkout=2026-11-09&group_adults=2&no_rooms=1&selected_currency=JPY
2026-11-08,Sun,2026-11-09,Keio Presso Inn Ikebukuro,Double Room with Small Double Bed - Non-Smoking,unverified,15717,3288,no,8.5,1433,yes,no,Booking (review>=8 filter),https://www.booking.com/hotel/jp/keio-presson-inn-ikebukuro.html?checkin=2026-11-08&checkout=2026-11-09&group_adults=2&no_rooms=1&selected_currency=JPY
2026-11-08,Sun,2026-11-09,Wellsquareism Ikebukuro East,One-Bedroom Apartment,unverified,16006,3348,no,8.7,41,yes,no,Booking (review>=8 filter),https://www.booking.com/hotel/jp/well-square-ikebukuro-east.html?checkin=2026-11-08&checkout=2026-11-09&group_adults=2&no_rooms=1&selected_currency=JPY
2026-11-08,Sun,2026-11-09,SUPER HOTEL Ikebukuro West Natural Hot Spring,Room Selected at Check-In,private,16170,3383,no,8.7,1349,no,yes,Booking (hotel/apartment filter),https://www.booking.com/hotel/jp/super-hotel-jr-ikebukuro-nishiguchi.html?checkin=2026-11-08&checkout=2026-11-09&group_adults=2&no_rooms=1&selected_currency=JPY
2026-11-08,Sun,2026-11-09,Centurion Hotel Ikebukuro Station,Standard Semi-Double Room - Non Smoking,private,16234,3396,no,8.1,1745,yes,no,Booking (hotel/apartment filter),https://www.booking.com/hotel/jp/centurion-ikebukuro.html?checkin=2026-11-08&checkout=2026-11-09&group_adults=2&no_rooms=1&selected_currency=JPY
2026-11-08,Sun,2026-11-09,Centurion Hotel Ikebukuro Station,Standard Semi-Double Room - Non Smoking,unverified,16234,3396,no,8.1,1745,yes,no,Booking (review>=8 filter),https://www.booking.com/hotel/jp/centurion-ikebukuro.html?checkin=2026-11-08&checkout=2026-11-09&group_adults=2&no_rooms=1&selected_currency=JPY
2026-11-08,Sun,2026-11-09,the Jeminith Ikebukuro 501,,private,16364,3423,no,,0,yes,no,Booking (hotel/apartment filter),https://www.booking.com/hotel/jp/jeminith-ikebukuro-tokyo.html?checkin=2026-11-08&checkout=2026-11-09&group_adults=2&no_rooms=1&selected_currency=JPY
2026-11-08,Sun,2026-11-09,今和Hotel,One-Bedroom Apartment,unverified,16364,3423,no,8.7,95,no,no,Booking (review>=8 filter),https://www.booking.com/hotel/jp/jin-he-dong-jing-du.html?checkin=2026-11-08&checkout=2026-11-09&group_adults=2&no_rooms=1&selected_currency=JPY
2026-11-08,Sun,2026-11-09,HOTEL APERTO (Adult Only),Check-in after 9pm - Standard Double Room,private,16636,3480,no,8.7,1297,yes,no,Booking (hotel/apartment filter),https://www.booking.com/hotel/jp/aperto.html?checkin=2026-11-08&checkout=2026-11-09&group_adults=2&no_rooms=1&selected_currency=JPY
2026-11-08,Sun,2026-11-09,Asta Hotel,Double Room,private,16652,3484,no,7.9,754,yes,no,Booking (hotel/apartment filter),https://www.booking.com/hotel/jp/asutahoteru.html?checkin=2026-11-08&checkout=2026-11-09&group_adults=2&no_rooms=1&selected_currency=JPY
2026-11-08,Sun,2026-11-09,Ikebukuro Grand Hotel,Superior Double Room,private,17000,3556,no,5.3,9,yes,no,Booking (hotel/apartment filter),https://www.booking.com/hotel/jp/ikebukuro-grand-hotel.html?checkin=2026-11-08&checkout=2026-11-09&group_adults=2&no_rooms=1&selected_currency=JPY
2026-11-08,Sun,2026-11-09,Swan Park Ikebukuro,One-Bedroom Apartment,unverified,17010,3558,no,8.2,33,no,no,Booking (review>=8 filter),https://www.booking.com/hotel/jp/suwanpakuchi-dai.html?checkin=2026-11-08&checkout=2026-11-09&group_adults=2&no_rooms=1&selected_currency=JPY
2026-11-08,Sun,2026-11-09,Super Hotel Premier Ikebukuro Natural Hot Spring,Room Selected at Check-In,private,17149,3588,no,8.8,1985,no,no,Booking (hotel/apartment filter),https://www.booking.com/hotel/jp/supahoterupremierchi-dai-tian-ran-wen-quan.html?checkin=2026-11-08&checkout=2026-11-09&group_adults=2&no_rooms=1&selected_currency=JPY
2026-11-08,Sun,2026-11-09,Toyoko Inn Tokyo Otsuka-eki Kita-guchi No 1,Superior Single Room - Smoking,private,17373,3634,no,7.2,65,yes,no,Booking (hotel/apartment filter),https://www.booking.com/hotel/jp/toyoko-inn-tokyo-otsuka-eki-kita-guchi-no-1-tokyo.html?checkin=2026-11-08&checkout=2026-11-09&group_adults=2&no_rooms=1&selected_currency=JPY
2026-11-08,Sun,2026-11-09,Super Hotel Tokyo Otsuka,Double Room,private,17428,3646,no,8.8,750,no,yes,Booking (hotel/apartment filter),https://www.booking.com/hotel/jp/super-tokyo-otsuka.html?checkin=2026-11-08&checkout=2026-11-09&group_adults=2&no_rooms=1&selected_currency=JPY
2026-11-08,Sun,2026-11-09,Hotel Resol Ikebukuro,Double Room for 2 adults - Smoking,private,17455,3652,no,7.9,989,yes,no,Booking (hotel/apartment filter),https://www.booking.com/hotel/jp/resol-ikebukuro.html?checkin=2026-11-08&checkout=2026-11-09&group_adults=2&no_rooms=1&selected_currency=JPY
2026-11-08,Sun,2026-11-09,Keio Presso Inn Ikebukuro,Double Room with Small Double Bed - Non-Smoking,private,17463,3653,no,8.5,1433,yes,no,Booking (hotel/apartment filter),https://www.booking.com/hotel/jp/keio-presson-inn-ikebukuro.html?checkin=2026-11-08&checkout=2026-11-09&group_adults=2&no_rooms=1&selected_currency=JPY
2026-11-08,Sun,2026-11-09,APA Hotel Ikebukuro Eki Kitaguchi,Double Room - Non-Smoking,private,17509,3663,no,7.9,1496,yes,no,Booking (hotel/apartment filter),https://www.booking.com/hotel/jp/apa-ikebukuro-kitaguchi.html?checkin=2026-11-08&checkout=2026-11-09&group_adults=2&no_rooms=1&selected_currency=JPY
2026-11-08,Sun,2026-11-09,ASTA HOTEL - Vacation STAY 87220v,,private,17584,3679,no,,0,yes,no,Booking (hotel/apartment filter),https://www.booking.com/hotel/jp/asta-vacation-stay-87220v.html?checkin=2026-11-08&checkout=2026-11-09&group_adults=2&no_rooms=1&selected_currency=JPY
2026-11-08,Sun,2026-11-09,ASTA HOTEL - Vacation STAY 87206v,,private,17584,3679,no,,0,yes,no,Booking (hotel/apartment filter),https://www.booking.com/hotel/jp/asta-vacation-stay-87206v.html?checkin=2026-11-08&checkout=2026-11-09&group_adults=2&no_rooms=1&selected_currency=JPY
2026-11-08,Sun,2026-11-09,HOTEL LiVEMAX Tokyo-Otsuka Ekimae,Single Room with Small Double Bed - Smoking,private,18068,3780,no,7.2,169,yes,no,Booking (hotel/apartment filter),https://www.booking.com/hotel/jp/livemax-tokyo-otsuka-ekimae.html?checkin=2026-11-08&checkout=2026-11-09&group_adults=2&no_rooms=1&selected_currency=JPY
2026-11-08,Sun,2026-11-09,Toyoko Inn Tokyo Yamanote sen Otsuka eki Kita guchi No 2,Single Room - Smoking,private,18136,3794,no,8.1,384,yes,no,Booking (hotel/apartment filter),https://www.booking.com/hotel/jp/toyoko-inn-tokyo-yamanote-sen-otsuka-eki-kita-guchi-no-2.html?checkin=2026-11-08&checkout=2026-11-09&group_adults=2&no_rooms=1&selected_currency=JPY
2026-11-08,Sun,2026-11-09,Toyoko Inn Tokyo Yamanote sen Otsuka eki Kita guchi No 2,Single Room - Smoking,unverified,18136,3794,no,8.1,384,yes,no,Booking (review>=8 filter),https://www.booking.com/hotel/jp/toyoko-inn-tokyo-yamanote-sen-otsuka-eki-kita-guchi-no-2.html?checkin=2026-11-08&checkout=2026-11-09&group_adults=2&no_rooms=1&selected_currency=JPY
2026-11-08,Sun,2026-11-09,Exquisite business hotel Bella,Double Room with Private Bathroom,unverified,18137,3794,no,8.4,220,yes,no,Booking (review>=8 filter),https://www.booking.com/hotel/jp/bella-toshima-city1.html?checkin=2026-11-08&checkout=2026-11-09&group_adults=2&no_rooms=1&selected_currency=JPY
2026-11-08,Sun,2026-11-09,フクロウ庵101,Apartment,unverified,18939,3962,no,9.0,5,yes,no,Booking (review>=8 filter),https://www.booking.com/hotel/jp/kopogang-qi-101.html?checkin=2026-11-08&checkout=2026-11-09&group_adults=2&no_rooms=1&selected_currency=JPY
2026-11-08,Sun,2026-11-09,Tokyu Stay Ikebukuro,Moderate double Room - Non Smoking,unverified,19135,4003,no,8.7,1137,no,no,Booking (review>=8 filter),https://www.booking.com/hotel/jp/tokyu-stay-ikebukuro.html?checkin=2026-11-08&checkout=2026-11-09&group_adults=2&no_rooms=1&selected_currency=JPY
2026-11-08,Sun,2026-11-09,Ostay Ikebukuro Dairaku Hotel Apartment,One-Bedroom Apartment,unverified,19424,4064,no,8.9,29,no,no,Booking (review>=8 filter),https://www.booking.com/hotel/jp/ostay-ikebukuro-dairaku-apartment-toshima-city1.html?checkin=2026-11-08&checkout=2026-11-09&group_adults=2&no_rooms=1&selected_currency=JPY
2026-11-08,Sun,2026-11-09,"Luce Ikebukuro - Cozy APT Stay in Ikebukuro Tokyo, with Direct Access to Shinjuku & Shibuya",Late Escape Deal,unverified,19444,4068,no,8.1,68,no,no,Booking (review>=8 filter),https://www.booking.com/hotel/jp/lucechi-dai.html?checkin=2026-11-08&checkout=2026-11-09&group_adults=2&no_rooms=1&selected_currency=JPY
2026-11-08,Sun,2026-11-09,Petit Bali Ikebukuro,Economy Double Room - Smoking,unverified,19473,4074,no,8.4,281,yes,no,Booking (review>=8 filter),https://www.booking.com/hotel/jp/hoteruputeibarichi-dai-dian-dong-jing.html?checkin=2026-11-08&checkout=2026-11-09&group_adults=2&no_rooms=1&selected_currency=JPY
2026-11-08,Sun,2026-11-09,tokyo Japandi apartment ikebukuro,Late Escape Deal,unverified,19578,4096,no,8.6,80,no,no,Booking (review>=8 filter),https://www.booking.com/hotel/jp/citorine-ikebukuro.html?checkin=2026-11-08&checkout=2026-11-09&group_adults=2&no_rooms=1&selected_currency=JPY
2026-11-08,Sun,2026-11-09,HOTEL LiVEMAX Ikebukuro Ekimae,Double Room with Small Double Bed - Smoking,private,19874,4158,no,6.8,152,yes,no,Booking (hotel/apartment filter),https://www.booking.com/hotel/jp/hoteruribumatukusuchi-dai-yi-qian.html?checkin=2026-11-08&checkout=2026-11-09&group_adults=2&no_rooms=1&selected_currency=JPY
2026-11-08,Sun,2026-11-09,"YFhouse池袋ikebukuro-Direct to Ginza, Tokyo Dome, and the Harry Potter Studio Tour Tokyo",Studio with Balcony,unverified,20000,4184,no,9.1,8,yes,no,Booking (review>=8 filter),https://www.booking.com/hotel/jp/yfhousechi-dai-ikebukuro.html?checkin=2026-11-08&checkout=2026-11-09&group_adults=2&no_rooms=1&selected_currency=JPY
2026-11-08,Sun,2026-11-09,Shiratori303 B035,New to Booking.com,unverified,20062,4197,no,,0,yes,no,Booking (review>=8 filter),https://www.booking.com/hotel/jp/b035po-wei-sanbai-niao-303a.html?checkin=2026-11-08&checkout=2026-11-09&group_adults=2&no_rooms=1&selected_currency=JPY
2026-11-08,Sun,2026-11-09,HOTEL VARKIN ANNEX,Superior Queen Room,unverified,20161,4218,no,8.6,741,no,no,Booking (review>=8 filter),https://www.booking.com/hotel/jp/varkin-annex.html?checkin=2026-11-08&checkout=2026-11-09&group_adults=2&no_rooms=1&selected_currency=JPY
2026-11-08,Sun,2026-11-09,桜の川70-36池袋駅8分钟 1DK套房 max5人房 宽敞安静 ikeburuko,Late Escape Deal,unverified,20618,4313,no,9.0,33,no,no,Booking (review>=8 filter),https://www.booking.com/hotel/jp/chi-dai-yi-8fen-zhong-1dktao-fang-4ren-fang-kuan-chang-an-jing-ikeburuko.html?checkin=2026-11-08&checkout=2026-11-09&group_adults=2&no_rooms=1&selected_currency=JPY
2026-11-08,Sun,2026-11-09,Sunshine City Prince Hotel Ikebukuro Tokyo,Semi Double Room - Non-Smoking 17-24th Floor,unverified,20645,4319,no,8.5,3151,yes,no,Booking (review>=8 filter),https://www.booking.com/hotel/jp/sunshine-city-prince.html?checkin=2026-11-08&checkout=2026-11-09&group_adults=2&no_rooms=1&selected_currency=JPY
2026-11-08,Sun,2026-11-09,Dormy Inn Ikebukuro - Natural Hot Spring,Late Escape Deal,private,20818,4355,no,8.7,1808,yes,no,Booking (hotel/apartment filter),https://www.booking.com/hotel/jp/domiinchi-dai.html?checkin=2026-11-08&checkout=2026-11-09&group_adults=2&no_rooms=1&selected_currency=JPY
2026-11-08,Sun,2026-11-09,Dormy Inn Ikebukuro - Natural Hot Spring,Late Escape Deal,unverified,20818,4355,no,8.7,1808,yes,no,Booking (review>=8 filter),https://www.booking.com/hotel/jp/domiinchi-dai.html?checkin=2026-11-08&checkout=2026-11-09&group_adults=2&no_rooms=1&selected_currency=JPY
2026-11-08,Sun,2026-11-09,Hotel Grand City,Twin Room - Non-Smoking,private,20909,4374,no,7.9,2100,yes,no,Booking (hotel/apartment filter),https://www.booking.com/hotel/jp/grand-city-tokyo.html?checkin=2026-11-08&checkout=2026-11-09&group_adults=2&no_rooms=1&selected_currency=JPY
2026-11-08,Sun,2026-11-09,R&B Hotel Otsuka Eki Kitaguchi - Vacation STAY 40484v,Studio,unverified,20990,4391,no,8.3,113,yes,no,Booking (review>=8 filter),https://www.booking.com/hotel/jp/r-b-otsuka-eki-kitaguchi-vacation-stay-40484v.html?checkin=2026-11-08&checkout=2026-11-09&group_adults=2&no_rooms=1&selected_currency=JPY
2026-11-08,Sun,2026-11-09,Tokyu Stay Ikebukuro,Moderate double Room - Non Smoking,private,21262,4448,no,8.7,1137,no,no,Booking (hotel/apartment filter),https://www.booking.com/hotel/jp/tokyu-stay-ikebukuro.html?checkin=2026-11-08&checkout=2026-11-09&group_adults=2&no_rooms=1&selected_currency=JPY
2026-11-08,Sun,2026-11-09,COCOYO Hotel Otsuka,Economy Twin Room,unverified,21273,4450,no,8.6,440,yes,no,Booking (review>=8 filter),https://www.booking.com/hotel/jp/cocoyo.html?checkin=2026-11-08&checkout=2026-11-09&group_adults=2&no_rooms=1&selected_currency=JPY
2026-11-08,Sun,2026-11-09,the b ikebukuro,Standard Double Room with Shower - Non-Smoking,private,21562,4511,no,7.9,947,no,no,Booking (hotel/apartment filter),https://www.booking.com/hotel/jp/the-b-ikebukro.html?checkin=2026-11-08&checkout=2026-11-09&group_adults=2&no_rooms=1&selected_currency=JPY
2026-11-08,Sun,2026-11-09,Hotel VARKIN,Standard Queen Room,private,21600,4519,no,7.7,773,yes,no,Booking (hotel/apartment filter),https://www.booking.com/hotel/jp/varkin-hotel.html?checkin=2026-11-08&checkout=2026-11-09&group_adults=2&no_rooms=1&selected_currency=JPY
2026-11-08,Sun,2026-11-09,Petit Bali Ikebukuro,Economy Double Room - Smoking,private,21636,4526,no,8.4,281,yes,no,Booking (hotel/apartment filter),https://www.booking.com/hotel/jp/hoteruputeibarichi-dai-dian-dong-jing.html?checkin=2026-11-08&checkout=2026-11-09&group_adults=2&no_rooms=1&selected_currency=JPY
2026-11-08,Sun,2026-11-09,R&B Hotel Otsuka Eki Kitaguchi - Vacation STAY 40485v,Studio,unverified,21911,4584,no,8.5,29,yes,no,Booking (review>=8 filter),https://www.booking.com/hotel/jp/r-b-otsuka-eki-kitaguchi-vacation-stay-40485v.html?checkin=2026-11-08&checkout=2026-11-09&group_adults=2&no_rooms=1&selected_currency=JPY
2026-11-08,Sun,2026-11-09,AM's 502 Movie 5 min to Ikebukuro 13 min to Shinjuku Station 19 min to Shibuya Station with coworking space,One-Bedroom Apartment,unverified,22091,4621,no,8.5,4,no,no,Booking (review>=8 filter),https://www.booking.com/hotel/jp/ams-502-movie-5-min-to-ikebukuro-13-min-to-shinjuku-station-19-min-to-shibuya-st.html?checkin=2026-11-08&checkout=2026-11-09&group_adults=2&no_rooms=1&selected_currency=JPY
2026-11-08,Sun,2026-11-09,Ciel東池袋,New to Booking.com,unverified,22095,4622,no,8.5,16,no,no,Booking (review>=8 filter),https://www.booking.com/hotel/jp/cieldong-chi-dai.html?checkin=2026-11-08&checkout=2026-11-09&group_adults=2&no_rooms=1&selected_currency=JPY
2026-11-08,Sun,2026-11-09,Sakura Bella Ikebukuro,Double Room,unverified,22168,4638,no,8.1,606,yes,no,Booking (review>=8 filter),https://www.booking.com/hotel/jp/bella.html?checkin=2026-11-08&checkout=2026-11-09&group_adults=2&no_rooms=1&selected_currency=JPY
2026-11-08,Sun,2026-11-09,R&B Hotel Otsuka Eki Kitaguchi - Vacation STAY 14221v,Studio,unverified,22182,4640,no,8.2,18,yes,no,Booking (review>=8 filter),https://www.booking.com/hotel/jp/r-b-otsuka-eki-kitaguchi-vacation-stay-14221v.html?checkin=2026-11-08&checkout=2026-11-09&group_adults=2&no_rooms=1&selected_currency=JPY
2026-11-08,Sun,2026-11-09,MSTAY池袋one,Three-Bedroom Villa,unverified,22848,4780,no,9.1,7,yes,no,Booking (review>=8 filter),https://www.booking.com/hotel/jp/mstaychi-dai-one.html?checkin=2026-11-08&checkout=2026-11-09&group_adults=2&no_rooms=1&selected_currency=JPY
2026-11-08,Sun,2026-11-09,Rakuyitsu Group Ikebukuro Mizukien 2F 111Tb,Villa,unverified,23173,4848,no,9.1,9,yes,no,Booking (review>=8 filter),https://www.booking.com/hotel/jp/rui-yue-yuan-2-zui-ji-yi-nochi-dai-yi-tu-bu-8fen-xin-su-made1yi-5fen-46m-mujizhi.html?checkin=2026-11-08&checkout=2026-11-09&group_adults=2&no_rooms=1&selected_currency=JPY
2026-11-08,Sun,2026-11-09,Owl inn,Apartment,unverified,23564,4930,no,8.0,5,no,no,Booking (review>=8 filter),https://www.booking.com/hotel/jp/owl-inn.html?checkin=2026-11-08&checkout=2026-11-09&group_adults=2&no_rooms=1&selected_currency=JPY
2026-11-08,Sun,2026-11-09,Reimi Mondo301,Suite,unverified,23636,4945,no,8.2,9,no,no,Booking (review>=8 filter),https://www.booking.com/hotel/jp/reimi-mondo-tokyo.html?checkin=2026-11-08&checkout=2026-11-09&group_adults=2&no_rooms=1&selected_currency=JPY
2026-11-08,Sun,2026-11-09,Ikebukuro 2Room D3,Two-Bedroom Apartment,unverified,23809,4981,no,8.7,7,no,no,Booking (review>=8 filter),https://www.booking.com/hotel/jp/ikebukuro-2room-d3.html?checkin=2026-11-08&checkout=2026-11-09&group_adults=2&no_rooms=1&selected_currency=JPY
2026-11-08,Sun,2026-11-09,别墅A棟 池袋商圈 大塚站7分钟 3个房间 交通便利 最大8人 Ikebukuro center 7 mins to ST Max 8P 直达新宿 涉谷 表参道 池袋 上野 代代木 银座 原宿,Three-Bedroom Villa,unverified,25500,5335,no,9.5,4,yes,no,Booking (review>=8 filter),https://www.booking.com/hotel/jp/bie-shu-chi-dai-shang-quan-da-zhong-zhan-7fen-zhong-3ge-fang-jian-jiao-tong-bian.html?checkin=2026-11-08&checkout=2026-11-09&group_adults=2&no_rooms=1&selected_currency=JPY
2026-11-08,Sun,2026-11-09,BaliAn Resort Forest Ikebukuro,Comfort Double Room - Smoking,unverified,25625,5361,no,9.0,90,yes,no,Booking (review>=8 filter),https://www.booking.com/hotel/jp/hoterubarianrizotohuoresutochi-dai-xi-kou-dian.html?checkin=2026-11-08&checkout=2026-11-09&group_adults=2&no_rooms=1&selected_currency=JPY
2026-11-08,Sun,2026-11-09,Jr山手线大塚站步行1分钟地处商店街的无敌便利,Two-Bedroom Apartment,unverified,26018,5443,no,8.2,18,no,no,Booking (review>=8 filter),https://www.booking.com/hotel/jp/jrshan-shou-xian-da-zhong-zhan-bu-xing-1fen-zhong-di-chu-shang-dian-jie-de-wu-di.html?checkin=2026-11-08&checkout=2026-11-09&group_adults=2&no_rooms=1&selected_currency=JPY
2026-11-08,Sun,2026-11-09,Cosmy-2 IC53,One-Bedroom Apartment,unverified,26251,5492,no,8.1,8,yes,no,Booking (review>=8 filter),https://www.booking.com/hotel/jp/cosmy-2-ic53.html?checkin=2026-11-08&checkout=2026-11-09&group_adults=2&no_rooms=1&selected_currency=JPY
2026-11-08,Sun,2026-11-09,池袋4丁目貸切一軒家最大七名,Three-Bedroom Apartment,unverified,27636,5781,no,9.1,6,yes,no,Booking (review>=8 filter),https://www.booking.com/hotel/jp/ikebukuro-walking-distance-family-villa-max-7-people-whole-rental-wi-fi.html?checkin=2026-11-08&checkout=2026-11-09&group_adults=2&no_rooms=1&selected_currency=JPY
2026-11-08,Sun,2026-11-09,"2 Minutes Walk to Ikebukuro Station, Central Tokyo and Very Convenient",One-Bedroom Apartment,unverified,27982,5854,no,9.6,16,no,no,Booking (review>=8 filter),https://www.booking.com/hotel/jp/2-min-walk-to-ikebukuro-station.html?checkin=2026-11-08&checkout=2026-11-09&group_adults=2&no_rooms=1&selected_currency=JPY
2026-11-08,Sun,2026-11-09,OMO5 Tokyo Otsuka by Hoshino Resorts,YAGURA Room,unverified,28473,5957,no,8.8,1371,no,no,Booking (review>=8 filter),https://www.booking.com/hotel/jp/xing-ye-rizoto-omo5-da-zhong.html?checkin=2026-11-08&checkout=2026-11-09&group_adults=2&no_rooms=1&selected_currency=JPY
2026-11-08,Sun,2026-11-09,Ikebukuro 3-Chome Stay,,unverified,30600,6402,no,10.0,0,no,no,Booking (review>=8 filter),https://www.booking.com/hotel/jp/chi-dai-3ding-mu-stay.html?checkin=2026-11-08&checkout=2026-11-09&group_adults=2&no_rooms=1&selected_currency=JPY
2026-11-08,Sun,2026-11-09,新宿 涉谷 原宿可多线直达 有Wifi 山手线大站池袋车站一戸建,,unverified,31091,6504,no,10.0,0,no,no,Booking (review>=8 filter),https://www.booking.com/hotel/jp/xin-su-she-gu-yuan-su-ke-duo-xian-zhi-da-you-wifi-shan-shou-xian-da-zhan-chi-dai.html?checkin=2026-11-08&checkout=2026-11-09&group_adults=2&no_rooms=1&selected_currency=JPY
2026-11-08,Sun,2026-11-09,Y's INN Ikefukuro 109T,Villa,unverified,31371,6563,no,8.3,3,yes,no,Booking (review>=8 filter),https://www.booking.com/hotel/jp/chi-dai-chi-dai-yi-madetu-bu-11fen-xin-su-shibui-gu-qian-cao-yin-zuo-qiu-xie-yua.html?checkin=2026-11-08&checkout=2026-11-09&group_adults=2&no_rooms=1&selected_currency=JPY
2026-11-08,Sun,2026-11-09,悠悠之家 池袋商业区 7分钟步行到池袋车站 3层独栋别墅 全新 3房2厅厨卫齐全 免费车库 奈飞影院,Three-Bedroom Villa,unverified,31818,6656,no,9.5,2,no,no,Booking (review>=8 filter),https://www.booking.com/hotel/jp/you-you-zhi-jia-chi-dai-shang-ye-qu-7fen-zhong-bu-xing-dao-chi-dai-che-zhan-3cen.html?checkin=2026-11-08&checkout=2026-11-09&group_adults=2&no_rooms=1&selected_currency=JPY
2026-11-08,Sun,2026-11-09,桜の川65 池袋駅C6口 8分 2-10人丨Ikebukuro JR Line C6 Exit 8 minutes 2-10 people,Late Escape Deal,unverified,32073,6710,no,9.5,27,no,no,Booking (review>=8 filter),https://www.booking.com/hotel/jp/ying-nochuan-65-ikebukuro-area.html?checkin=2026-11-08&checkout=2026-11-09&group_adults=2&no_rooms=1&selected_currency=JPY
2026-11-08,Sun,2026-11-09,SLEEPLAB THE STAY 池袋 -Ikebukuro-,One-Bedroom Family Apartment,unverified,32318,6761,no,8.1,12,no,no,Booking (review>=8 filter),https://www.booking.com/hotel/jp/sleeplab-the-stay-chi-dai-ikebukuro.html?checkin=2026-11-08&checkout=2026-11-09&group_adults=2&no_rooms=1&selected_currency=JPY
2026-11-08,Sun,2026-11-09,Hotel Metropolitan Tokyo Ikebukuro,Moderate Queen - Non-Smoking (6F-7F),unverified,33234,6953,no,8.8,3049,yes,no,Booking (review>=8 filter),https://www.booking.com/hotel/jp/metropolitan-tokyo.html?checkin=2026-11-08&checkout=2026-11-09&group_adults=2&no_rooms=1&selected_currency=JPY
2026-11-08,Sun,2026-11-09,Oasis IKEBUKURO,Late Escape Deal,unverified,33840,7079,no,8.0,2,no,no,Booking (review>=8 filter),https://www.booking.com/hotel/jp/oasis-ikebukuro.html?checkin=2026-11-08&checkout=2026-11-09&group_adults=2&no_rooms=1&selected_currency=JPY
2026-11-08,Sun,2026-11-09,"SCD155 Private House for 9 with Rooftop in Ikebukuro, Direct Access to Tokyo's Core Commercial Districts",Villa,unverified,37183,7779,no,8.8,5,yes,no,Booking (review>=8 filter),https://www.booking.com/hotel/jp/spacious-villa-in-ikebukuro-suburbs-direct-access-to-tokyos-core-commercial-dist.html?checkin=2026-11-08&checkout=2026-11-09&group_adults=2&no_rooms=1&selected_currency=JPY
2026-11-08,Sun,2026-11-09,SCD2 Fully Equipped House for 9 in Ikebukuro,Three-Bedroom Villa,unverified,37391,7822,no,8.0,6,yes,no,Booking (review>=8 filter),https://www.booking.com/hotel/jp/ikebukuro-commercial-district-premium-homestay.html?checkin=2026-11-08&checkout=2026-11-09&group_adults=2&no_rooms=1&selected_currency=JPY
2026-11-08,Sun,2026-11-09,Hotel Bellclassic Tokyo,Comfort Single Room - Non-Smoking,unverified,38182,7988,no,8.9,43,yes,no,Booking (review>=8 filter),https://www.booking.com/hotel/jp/bellclassic.html?checkin=2026-11-08&checkout=2026-11-09&group_adults=2&no_rooms=1&selected_currency=JPY
2026-11-08,Sun,2026-11-09,ixtupinnenn 020T,,unverified,38291,8010,no,10.0,0,yes,no,Booking (review>=8 filter),https://www.booking.com/hotel/jp/yi-pin-yuan-4ldkhu-jian-108m-riniyuaru-wu-liao-zhu-che-chang-ari-da-xing-wei-she.html?checkin=2026-11-08&checkout=2026-11-09&group_adults=2&no_rooms=1&selected_currency=JPY
2026-11-08,Sun,2026-11-09,"9-min walk to Ikebukuro Station, 1-min walk to Kanamecho Station Max 8 guests 70 sqm Free parking Direct access to Shinjuku, Shibuya, Ueno",Two-Bedroom Apartment,unverified,40061,8381,no,8.8,6,no,no,Booking (review>=8 filter),https://www.booking.com/hotel/jp/9-min-walk-to-ikebukuro-station-1-min-walk-to-kanamecho-station-max-8-guests-70.html?checkin=2026-11-08&checkout=2026-11-09&group_adults=2&no_rooms=1&selected_currency=JPY
2026-11-08,Sun,2026-11-09,Ikebukuro 3 Chome,Villa,unverified,57066,11938,no,9.5,2,yes,no,Booking (review>=8 filter),https://www.booking.com/hotel/jp/ikebukuro-3-chome.html?checkin=2026-11-08&checkout=2026-11-09&group_adults=2&no_rooms=1&selected_currency=JPY
2026-11-08,Sun,2026-11-09,Corpo Okazaki - Vacation STAY 20516,,unverified,57539,12037,no,8.0,0,yes,no,Booking (review>=8 filter),https://www.booking.com/hotel/jp/corpo-okazaki-vacation-stay-20516.html?checkin=2026-11-08&checkout=2026-11-09&group_adults=2&no_rooms=1&selected_currency=JPY
2026-11-08,Sun,2026-11-09,MIMARU Tokyo Ikebukuro,One-Bedroom Japanese Apartment,unverified,58140,12163,no,9.1,1045,yes,no,Booking (review>=8 filter),https://www.booking.com/hotel/jp/mimarudong-jing-chi-dai.html?checkin=2026-11-08&checkout=2026-11-09&group_adults=2&no_rooms=1&selected_currency=JPY
2026-11-08,Sun,2026-11-09,"A spacious home near Ikebukuro Station on the JR Yamanote Line, the world's third-most-used railway station, just a 5 minute walk from the shopping and entertainment district",,unverified,60282,12611,no,10.0,0,yes,no,Booking (review>=8 filter),https://www.booking.com/hotel/jp/a-spacious-home-near-ikebukuro-station-on-the-jr-yamanote-line-the-worlds-third.html?checkin=2026-11-08&checkout=2026-11-09&group_adults=2&no_rooms=1&selected_currency=JPY
2026-11-08,Sun,2026-11-09,Felizstay Ikebukuro,New to Booking.com,unverified,61299,12824,no,,0,yes,no,Booking (review>=8 filter),https://www.booking.com/hotel/jp/felizstay-ikebukuro.html?checkin=2026-11-08&checkout=2026-11-09&group_adults=2&no_rooms=1&selected_currency=JPY
2026-11-08,Sun,2026-11-09,hotel hisoca ikebukuro,Deluxe Twin Room,unverified,61473,12860,no,9.3,327,yes,no,Booking (review>=8 filter),https://www.booking.com/hotel/jp/hisoca.html?checkin=2026-11-08&checkout=2026-11-09&group_adults=2&no_rooms=1&selected_currency=JPY
2026-11-08,Sun,2026-11-09,8路線使用可能！アクセス抜群/池袋駅より徒歩5分/最大11名/Wi-Fi完備/まるごと3LDK,Three-Bedroom Apartment,unverified,152753,31956,no,8.6,39,yes,no,Booking (review>=8 filter),https://www.booking.com/hotel/jp/8lu-xian-shi-yong-ke-neng-akusesuba-qun-chi-dai-yi-yoritu-bu-5fen-zui-da-11ming.html?checkin=2026-11-08&checkout=2026-11-09&group_adults=2&no_rooms=1&selected_currency=JPY
2026-11-09,Mon,2026-11-10,Business Hotel Kankokukan - Vacation STAY 45862v,Apartment,unverified,7374,1543,yes,8.0,12,yes,no,Booking (review>=8 filter),https://www.booking.com/hotel/jp/business-kankokukan-vacation-stay-45862v.html?checkin=2026-11-09&checkout=2026-11-10&group_adults=2&no_rooms=1&selected_currency=JPY
2026-11-09,Mon,2026-11-10,Tabist Hotel Florida Ikebukuro,Double Room - Smoking,private,8000,1674,yes,6.7,161,yes,no,Booking (hotel/apartment filter),https://www.booking.com/hotel/jp/florida-dong-jing.html?checkin=2026-11-09&checkout=2026-11-10&group_adults=2&no_rooms=1&selected_currency=JPY
2026-11-09,Mon,2026-11-10,Tabist Hotel Aurora Ikebukuro,Double Room - Smoking,private,8182,1712,yes,6.7,480,yes,no,Booking (hotel/apartment filter),https://www.booking.com/hotel/jp/hoteruorora.html?checkin=2026-11-09&checkout=2026-11-10&group_adults=2&no_rooms=1&selected_currency=JPY
2026-11-09,Mon,2026-11-10,池袋 4 丁目に位置するHanano Sato Lumiere 新宿 銀座 上野 秋葉原など東京主要観光地へのアクセスが非常に良好です 徒歩圏内に 24 時間コンビニ 銭湯がございます,New to Booking.com,unverified,8240,1724,yes,8.5,2,no,no,Booking (review>=8 filter),https://www.booking.com/hotel/jp/hanano-sato-lumiere.html?checkin=2026-11-09&checkout=2026-11-10&group_adults=2&no_rooms=1&selected_currency=JPY
2026-11-09,Mon,2026-11-10,クオリティハイツ101号室,Studio,private,8364,1750,yes,7.0,11,no,no,Booking (hotel/apartment filter),https://www.booking.com/hotel/jp/kuoriteihaitu101hao-shi.html?checkin=2026-11-09&checkout=2026-11-10&group_adults=2&no_rooms=1&selected_currency=JPY
2026-11-09,Mon,2026-11-10,Hotel Suntargas Otsuka - Vacation STAY 08516v,Studio,private,8455,1769,yes,6.0,2,yes,no,Booking (hotel/apartment filter),https://www.booking.com/hotel/jp/suntargas-otsuka-vacation-stay-08516v.html?checkin=2026-11-09&checkout=2026-11-10&group_adults=2&no_rooms=1&selected_currency=JPY
2026-11-09,Mon,2026-11-10,Hotel Suntargas Otsuka - Vacation STAY 08508v,Studio,private,8455,1769,yes,6.5,2,yes,no,Booking (hotel/apartment filter),https://www.booking.com/hotel/jp/suntargas-otsuka-vacation-stay-08508v.html?checkin=2026-11-09&checkout=2026-11-10&group_adults=2&no_rooms=1&selected_currency=JPY
2026-11-09,Mon,2026-11-10,Hotel Suntargas Otsuka - Vacation STAY 08520v,Studio,private,8455,1769,yes,5.5,2,yes,no,Booking (hotel/apartment filter),https://www.booking.com/hotel/jp/suntargas-otsuka-vacation-stay-08520v.html?checkin=2026-11-09&checkout=2026-11-10&group_adults=2&no_rooms=1&selected_currency=JPY
2026-11-09,Mon,2026-11-10,Very Berry Otsuka 202 JR Otsuka station 6min,,private,8640,1807,yes,,0,no,no,Booking (hotel/apartment filter),https://www.booking.com/hotel/jp/very-berry-otsuka-202-jr-otsuka-station-6min.html?checkin=2026-11-09&checkout=2026-11-10&group_adults=2&no_rooms=1&selected_currency=JPY
2026-11-09,Mon,2026-11-10,クオリティハイツ池袋駅西口至近,One-Bedroom Apartment,private,8782,1837,yes,7.1,39,no,no,Booking (hotel/apartment filter),https://www.booking.com/hotel/jp/kuoriteihaituchi-dai-yi-xi-kou-zhi-jin.html?checkin=2026-11-09&checkout=2026-11-10&group_adults=2&no_rooms=1&selected_currency=JPY
2026-11-09,Mon,2026-11-10,愛の屋ホテル池袋,One-Bedroom Apartment,private,9000,1883,yes,3.6,9,no,no,Booking (hotel/apartment filter),https://www.booking.com/hotel/jp/ai-nowu-hoteruchi-dai.html?checkin=2026-11-09&checkout=2026-11-10&group_adults=2&no_rooms=1&selected_currency=JPY
2026-11-09,Mon,2026-11-10,"7-minute walk from Otsuka Station,Yamanote Line 3-person Shared garden",One-Bedroom Apartment,private,9000,1883,yes,9.2,8,no,no,Booking (hotel/apartment filter),https://www.booking.com/hotel/jp/7-minute-walk-from-otsuka-station.html?checkin=2026-11-09&checkout=2026-11-10&group_adults=2&no_rooms=1&selected_currency=JPY
2026-11-09,Mon,2026-11-10,雲海池袋 101貸切 要町駅徒歩7分 池袋バスまで6分 高速WiFi スマートロック 最大3名,,private,9000,1883,yes,10.0,0,no,no,Booking (hotel/apartment filter),https://www.booking.com/hotel/jp/yun-hai-chi-dai-101dai-qie-yao-ting-yi-tu-bu-7fen-chi-dai-basumade6fen-gao-su-wi.html?checkin=2026-11-09&checkout=2026-11-10&group_adults=2&no_rooms=1&selected_currency=JPY
2026-11-09,Mon,2026-11-10,Otsuka 7 mins one stop to Ikebukuro mansion with garden,One-Bedroom Apartment,private,9000,1883,yes,7.1,6,no,no,Booking (hotel/apartment filter),https://www.booking.com/hotel/jp/otsuka-7-mins.html?checkin=2026-11-09&checkout=2026-11-10&group_adults=2&no_rooms=1&selected_currency=JPY
2026-11-09,Mon,2026-11-10,"7-minute walk from Otsuka Station,Yamanote Line 3-person Shared garden",One-Bedroom Apartment,unverified,9000,1883,yes,9.2,8,no,no,Booking (review>=8 filter),https://www.booking.com/hotel/jp/7-minute-walk-from-otsuka-station.html?checkin=2026-11-09&checkout=2026-11-10&group_adults=2&no_rooms=1&selected_currency=JPY
2026-11-09,Mon,2026-11-10,雲海池袋 101貸切 要町駅徒歩7分 池袋バスまで6分 高速WiFi スマートロック 最大3名,,unverified,9000,1883,yes,10.0,0,no,no,Booking (review>=8 filter),https://www.booking.com/hotel/jp/yun-hai-chi-dai-101dai-qie-yao-ting-yi-tu-bu-7fen-chi-dai-basumade6fen-gao-su-wi.html?checkin=2026-11-09&checkout=2026-11-10&group_adults=2&no_rooms=1&selected_currency=JPY
2026-11-09,Mon,2026-11-10,Green Hill,One-Bedroom Apartment,private,9002,1883,yes,5.1,56,yes,no,Booking (hotel/apartment filter),https://www.booking.com/hotel/jp/green-hill-dong-jing-du.html?checkin=2026-11-09&checkout=2026-11-10&group_adults=2&no_rooms=1&selected_currency=JPY
2026-11-09,Mon,2026-11-10,Ikebukuro Base,One-Bedroom Apartment,private,9041,1891,yes,6.5,32,no,no,Booking (hotel/apartment filter),https://www.booking.com/hotel/jp/ikebukuro-base.html?checkin=2026-11-09&checkout=2026-11-10&group_adults=2&no_rooms=1&selected_currency=JPY
2026-11-09,Mon,2026-11-10,IKEBUKURO MANGA HOUSE,One-Bedroom Apartment,private,9446,1976,yes,7.8,169,yes,no,Booking (hotel/apartment filter),https://www.booking.com/hotel/jp/ikebukuro-manga-house.html?checkin=2026-11-09&checkout=2026-11-10&group_adults=2&no_rooms=1&selected_currency=JPY
2026-11-09,Mon,2026-11-10,Toyoko Inn Ikebukuro Kita-guchi No.2,plan price (breakfast included),private,9690,2027,yes,8.2,761,yes,yes,Toyoko Inn official site,https://www.toyoko-inn.com/eng/search/detail/00007/
2026-11-09,Mon,2026-11-10,Ikebukuro Central Hotel,Standard Double Room,private,9818,2054,yes,5.8,225,yes,no,Booking (hotel/apartment filter),https://www.booking.com/hotel/jp/chi-dai-sentoraruhoteru.html?checkin=2026-11-09&checkout=2026-11-10&group_adults=2&no_rooms=1&selected_currency=JPY
2026-11-09,Mon,2026-11-10,Hotel Amethyst,Double Room - Smoking,private,9818,2054,yes,6.4,75,yes,no,Booking (hotel/apartment filter),https://www.booking.com/hotel/jp/hoteru-amezisuto.html?checkin=2026-11-09&checkout=2026-11-10&group_adults=2&no_rooms=1&selected_currency=JPY
2026-11-09,Mon,2026-11-10,KOKO HOTEL Ikebukuro East,Standard Double Room - Non-Smoking,private,9818,2054,yes,8.4,1366,yes,no,Booking (hotel/apartment filter),https://www.booking.com/hotel/jp/wing-international-ikebukuro.html?checkin=2026-11-09&checkout=2026-11-10&group_adults=2&no_rooms=1&selected_currency=JPY
2026-11-09,Mon,2026-11-10,愛の屋民泊池袋,One-Bedroom Apartment,private,9818,2054,yes,6.2,45,no,no,Booking (hotel/apartment filter),https://www.booking.com/hotel/jp/ai-nowu-min-bo-chi-dai.html?checkin=2026-11-09&checkout=2026-11-10&group_adults=2&no_rooms=1&selected_currency=JPY
2026-11-09,Mon,2026-11-10,japan house Ikebukuro 2,Standard Double Room,private,9990,2090,yes,8.5,249,no,no,Booking (hotel/apartment filter),https://www.booking.com/hotel/jp/japan-house-ikebukuro-2-toshima-city.html?checkin=2026-11-09&checkout=2026-11-10&group_adults=2&no_rooms=1&selected_currency=JPY
2026-11-09,Mon,2026-11-10,Hotel en ホテル エン-Adult Only-,,unverified,10000,2092,yes,9.0,0,yes,no,Booking (review>=8 filter),https://www.booking.com/hotel/jp/en-hoteruen.html?checkin=2026-11-09&checkout=2026-11-10&group_adults=2&no_rooms=1&selected_currency=JPY
2026-11-09,Mon,2026-11-10,Ikebukuro home 18,Two-Bedroom Apartment,private,10105,2114,yes,6.2,12,no,no,Booking (hotel/apartment filter),https://www.booking.com/hotel/jp/ikebukuro-coze-home.html?checkin=2026-11-09&checkout=2026-11-10&group_adults=2&no_rooms=1&selected_currency=JPY
2026-11-09,Mon,2026-11-10,池袋 Aurora 7,One-Bedroom Apartment,private,10105,2114,yes,7.3,16,no,no,Booking (hotel/apartment filter),https://www.booking.com/hotel/jp/chi-dai-yi-zui-da-6ren-b09.html?checkin=2026-11-09&checkout=2026-11-10&group_adults=2&no_rooms=1&selected_currency=JPY
2026-11-09,Mon,2026-11-10,メリス池袋East 402,One-Bedroom Apartment,private,10162,2126,yes,8.7,16,no,no,Booking (hotel/apartment filter),https://www.booking.com/hotel/jp/merisuchi-dai-east-402.html?checkin=2026-11-09&checkout=2026-11-10&group_adults=2&no_rooms=1&selected_currency=JPY
2026-11-09,Mon,2026-11-10,メリス池袋East 103,,private,10162,2126,yes,,0,no,no,Booking (hotel/apartment filter),https://www.booking.com/hotel/jp/merisuchi-dai-east-103.html?checkin=2026-11-09&checkout=2026-11-10&group_adults=2&no_rooms=1&selected_currency=JPY
2026-11-09,Mon,2026-11-10,メリス池袋East 402,One-Bedroom Apartment,unverified,10162,2126,yes,8.7,16,no,no,Booking (review>=8 filter),https://www.booking.com/hotel/jp/merisuchi-dai-east-402.html?checkin=2026-11-09&checkout=2026-11-10&group_adults=2&no_rooms=1&selected_currency=JPY
2026-11-09,Mon,2026-11-10,Toyoko Inn Ikebukuro Kita-guchi No.2,plan price (breakfast included),private,10200,2134,yes,8.2,761,yes,yes,Toyoko Inn official site,https://www.toyoko-inn.com/eng/search/detail/00007/
2026-11-09,Mon,2026-11-10,Ryoma Ikebukuro male only -Guest House - Vacation STAY 14547v,Holiday Home,private,10275,2150,yes,4.4,18,yes,no,Booking (hotel/apartment filter),https://www.booking.com/hotel/jp/ryoma-ikebukuro-guest-house-vacation-stay-14547v.html?checkin=2026-11-09&checkout=2026-11-10&group_adults=2&no_rooms=1&selected_currency=JPY
2026-11-09,Mon,2026-11-10,Ryoma Ikebukuro female only Guest House Vacation STAY 16032v,Holiday Home,private,10275,2150,yes,5.4,25,yes,no,Booking (hotel/apartment filter),https://www.booking.com/hotel/jp/ryoma-ikebukuro-guest-house-vacation-stay-16032v.html?checkin=2026-11-09&checkout=2026-11-10&group_adults=2&no_rooms=1&selected_currency=JPY
2026-11-09,Mon,2026-11-10,Pure Rest Otsuka 302 JR Otsuka Station,,private,10500,2197,yes,,0,yes,no,Booking (hotel/apartment filter),https://www.booking.com/hotel/jp/pure-rest-otsuka-302-jr-otsuka-station.html?checkin=2026-11-09&checkout=2026-11-10&group_adults=2&no_rooms=1&selected_currency=JPY
2026-11-09,Mon,2026-11-10,Kimi Ryokan,Twin Room,shared,10500,2197,yes,8.3,1035,yes,no,Booking (review>=8 filter),https://www.booking.com/hotel/jp/kimi-ryokan.html?checkin=2026-11-09&checkout=2026-11-10&group_adults=2&no_rooms=1&selected_currency=JPY
2026-11-09,Mon,2026-11-10,Karasawa Hotel,One-Bedroom Apartment,private,10530,2203,yes,6.4,39,no,no,Booking (hotel/apartment filter),https://www.booking.com/hotel/jp/tang-ze-hoteru-karasawa.html?checkin=2026-11-09&checkout=2026-11-10&group_adults=2&no_rooms=1&selected_currency=JPY
2026-11-09,Mon,2026-11-10,Toyoko Inn Tokyo Otsuka-eki Kita-guchi No 1,Double Room - Smoking,private,10595,2216,yes,7.2,65,yes,yes,Booking (hotel/apartment filter),https://www.booking.com/hotel/jp/toyoko-inn-tokyo-otsuka-eki-kita-guchi-no-1-tokyo.html?checkin=2026-11-09&checkout=2026-11-10&group_adults=2&no_rooms=1&selected_currency=JPY
2026-11-09,Mon,2026-11-10,HOTEL MYSTAYS Higashi Ikebukuro,Superior Semi Double - Non-Smoking - House Keeping is Optional with Additional Cost,private,10655,2229,yes,8.3,1699,yes,no,Booking (hotel/apartment filter),https://www.booking.com/hotel/jp/flexstay-higashi-ikebukuro-inn.html?checkin=2026-11-09&checkout=2026-11-10&group_adults=2&no_rooms=1&selected_currency=JPY
2026-11-09,Mon,2026-11-10,HOTEL MYSTAYS Higashi Ikebukuro,Superior Semi Double - Non-Smoking - House Keeping is Optional with Additional Cost,unverified,10655,2229,yes,8.3,1699,yes,no,Booking (review>=8 filter),https://www.booking.com/hotel/jp/flexstay-higashi-ikebukuro-inn.html?checkin=2026-11-09&checkout=2026-11-10&group_adults=2&no_rooms=1&selected_currency=JPY
2026-11-09,Mon,2026-11-10,HOTEL PARK SIDE,Standard Double Room,private,10727,2244,yes,7.5,71,yes,no,Booking (hotel/apartment filter),https://www.booking.com/hotel/jp/park-side-dong-jing.html?checkin=2026-11-09&checkout=2026-11-10&group_adults=2&no_rooms=1&selected_currency=JPY
2026-11-09,Mon,2026-11-10,池袋駅徒歩7分 山手線交通便利 設備完備,One-Bedroom Apartment,private,10795,2258,yes,7.7,8,yes,no,Booking (hotel/apartment filter),https://www.booking.com/hotel/jp/chi-dai-yi-tu-bu-7fen-shan-shou-xian-jiao-tong-bian-li-she-bei-wan-bei.html?checkin=2026-11-09&checkout=2026-11-10&group_adults=2&no_rooms=1&selected_currency=JPY
2026-11-09,Mon,2026-11-10,Hananogo Ikebukuro - Vacation STAY 16082v,Studio,private,10863,2273,yes,7.0,5,yes,no,Booking (hotel/apartment filter),https://www.booking.com/hotel/jp/hananogo-ikebukuro-vacation-stay-16082v.html?checkin=2026-11-09&checkout=2026-11-10&group_adults=2&no_rooms=1&selected_currency=JPY
2026-11-09,Mon,2026-11-10,Otsuka Town Hotel,Double Room - Non-Smoking,private,10909,2282,yes,6.9,23,yes,no,Booking (hotel/apartment filter),https://www.booking.com/hotel/jp/6102447.html?checkin=2026-11-09&checkout=2026-11-10&group_adults=2&no_rooms=1&selected_currency=JPY
2026-11-09,Mon,2026-11-10,Hotel Moana Otsuka (Adult Only),Small Double Room,unverified,10909,2282,yes,8.0,303,yes,no,Booking (review>=8 filter),https://www.booking.com/hotel/jp/hoteru-moana-otsuka.html?checkin=2026-11-09&checkout=2026-11-10&group_adults=2&no_rooms=1&selected_currency=JPY
2026-11-09,Mon,2026-11-10,KOKO HOTEL Ikebukuro East,Standard Double Room - Non-Smoking,unverified,10909,2282,yes,8.4,1366,yes,no,Booking (review>=8 filter),https://www.booking.com/hotel/jp/wing-international-ikebukuro.html?checkin=2026-11-09&checkout=2026-11-10&group_adults=2&no_rooms=1&selected_currency=JPY
2026-11-09,Mon,2026-11-10,Toyoko Inn Tokyo Yamanote sen Otsuka eki Kita guchi No 2,Double Room - Non-Smoking,private,10977,2296,yes,8.1,384,yes,yes,Booking (hotel/apartment filter),https://www.booking.com/hotel/jp/toyoko-inn-tokyo-yamanote-sen-otsuka-eki-kita-guchi-no-2.html?checkin=2026-11-09&checkout=2026-11-10&group_adults=2&no_rooms=1&selected_currency=JPY
2026-11-09,Mon,2026-11-10,Toyoko Inn Tokyo Yamanote sen Otsuka eki Kita guchi No 2,Double Room - Non-Smoking,unverified,10977,2296,yes,8.1,384,yes,yes,Booking (review>=8 filter),https://www.booking.com/hotel/jp/toyoko-inn-tokyo-yamanote-sen-otsuka-eki-kita-guchi-no-2.html?checkin=2026-11-09&checkout=2026-11-10&group_adults=2&no_rooms=1&selected_currency=JPY
2026-11-09,Mon,2026-11-10,"BRT203 Cook & Relax, Private Kitchen & Double Bed",One-Bedroom Apartment,private,11008,2303,yes,8.5,4,yes,no,Booking (hotel/apartment filter),https://www.booking.com/hotel/jp/brt203-ikebukuro-station-double-apartment-in-a-busy-business-district-yamanote-l.html?checkin=2026-11-09&checkout=2026-11-10&group_adults=2&no_rooms=1&selected_currency=JPY
2026-11-09,Mon,2026-11-10,"BRT102 Near Ikebukuro, Easy Tokyo Access",,private,11008,2303,yes,8.0,0,yes,no,Booking (hotel/apartment filter),https://www.booking.com/hotel/jp/brt102-apartment-102-for-2-people-direct-access-to-shinjuku-and-shibuya-on-the-y.html?checkin=2026-11-09&checkout=2026-11-10&group_adults=2&no_rooms=1&selected_currency=JPY
2026-11-09,Mon,2026-11-10,japan house Ikebukuro 2,Standard Double Room,unverified,11099,2322,yes,8.5,249,no,no,Booking (review>=8 filter),https://www.booking.com/hotel/jp/japan-house-ikebukuro-2-toshima-city.html?checkin=2026-11-09&checkout=2026-11-10&group_adults=2&no_rooms=1&selected_currency=JPY
2026-11-09,Mon,2026-11-10,Reimi Mondo703,Two-Bedroom Apartment,private,11160,2335,yes,8.0,3,no,no,Booking (hotel/apartment filter),https://www.booking.com/hotel/jp/reimi-mondo703.html?checkin=2026-11-09&checkout=2026-11-10&group_adults=2&no_rooms=1&selected_currency=JPY
2026-11-09,Mon,2026-11-10,Reimi Mondo703,Two-Bedroom Apartment,unverified,11160,2335,yes,8.0,3,no,no,Booking (review>=8 filter),https://www.booking.com/hotel/jp/reimi-mondo703.html?checkin=2026-11-09&checkout=2026-11-10&group_adults=2&no_rooms=1&selected_currency=JPY
2026-11-09,Mon,2026-11-10,愛の屋ホテル池袋,Studio,private,11181,2339,yes,3.0,3,no,no,Booking (hotel/apartment filter),https://www.booking.com/hotel/jp/ai-nowu-hoteruchi-dai-dong-jing-du.html?checkin=2026-11-09&checkout=2026-11-10&group_adults=2&no_rooms=1&selected_currency=JPY
2026-11-09,Mon,2026-11-10,Toyoko Inn Ikebukuro Kita-guchi No.1,plan price (breakfast included),private,11210,2345,yes,8.2,761,yes,yes,Toyoko Inn official site,https://www.toyoko-inn.com/eng/search/detail/00096/
2026-11-09,Mon,2026-11-10,Toyoko Inn Ikebukuro Kita-guchi No.2,plan price (breakfast included),private,11210,2345,yes,8.2,761,yes,yes,Toyoko Inn official site,https://www.toyoko-inn.com/eng/search/detail/00007/
2026-11-09,Mon,2026-11-10,Frame HIGASHI IKEBUKURO,Double or Twin Room,unverified,11230,2349,yes,8.6,31,no,no,Booking (review>=8 filter),https://www.booking.com/hotel/jp/frame-higashiikebukuro.html?checkin=2026-11-09&checkout=2026-11-10&group_adults=2&no_rooms=1&selected_currency=JPY
2026-11-09,Mon,2026-11-10,雲海301 要町駅徒歩7分 池袋バスまで6分 かわいい部屋 最大4名,,private,11232,2350,yes,,0,no,no,Booking (hotel/apartment filter),https://www.booking.com/hotel/jp/tiikawanojia-yao-ting-yi-tu-bu-7fen-chi-dai-basumade6fen-kawaiibu-wu-zui-da-4min.html?checkin=2026-11-09&checkout=2026-11-10&group_adults=2&no_rooms=1&selected_currency=JPY
2026-11-09,Mon,2026-11-10,Super Hotel Ikebukuro-Eki Kitaguchi,Double Room with Small Double Bed,private,11313,2367,yes,8.2,841,no,no,Booking (hotel/apartment filter),https://www.booking.com/hotel/jp/super-hotel-inn-ikebukuroeki-kitaguchi.html?checkin=2026-11-09&checkout=2026-11-10&group_adults=2&no_rooms=1&selected_currency=JPY
2026-11-09,Mon,2026-11-10,Toyoko Inn Tokyo Ikebukuro Kita guchi No 2,Double Room - Non-Smoking,private,11455,2396,yes,7.9,1845,yes,yes,Booking (hotel/apartment filter),https://www.booking.com/hotel/jp/toyoko-inn-tokyo-ikebukuro-kita-guchi-no-2-tokyo.html?checkin=2026-11-09&checkout=2026-11-10&group_adults=2&no_rooms=1&selected_currency=JPY
2026-11-09,Mon,2026-11-10,Washington R&B Hotel Otsuka Eki Kitaguchi,Double Room with Small Double Bed - Non-Smoking,private,11523,2411,yes,8.2,953,yes,no,Booking (hotel/apartment filter),https://www.booking.com/hotel/jp/r-and-b-otsukaeki-kitaguchi.html?checkin=2026-11-09&checkout=2026-11-10&group_adults=2&no_rooms=1&selected_currency=JPY
2026-11-09,Mon,2026-11-10,Washington R&B Hotel Otsuka Eki Kitaguchi,Double Room with Small Double Bed - Non-Smoking,unverified,11523,2411,yes,8.2,953,yes,no,Booking (review>=8 filter),https://www.booking.com/hotel/jp/r-and-b-otsukaeki-kitaguchi.html?checkin=2026-11-09&checkout=2026-11-10&group_adults=2&no_rooms=1&selected_currency=JPY
2026-11-09,Mon,2026-11-10,ARM ikebukuro,One-Bedroom Apartment,private,11617,2430,yes,8.2,45,yes,no,Booking (hotel/apartment filter),https://www.booking.com/hotel/jp/arm-ikebukuro.html?checkin=2026-11-09&checkout=2026-11-10&group_adults=2&no_rooms=1&selected_currency=JPY
2026-11-09,Mon,2026-11-10,Laurea Tower Ikebukuro,One-Bedroom Apartment,private,11617,2430,yes,7.5,266,yes,no,Booking (hotel/apartment filter),https://www.booking.com/hotel/jp/laurea-tower-ikebukuro.html?checkin=2026-11-09&checkout=2026-11-10&group_adults=2&no_rooms=1&selected_currency=JPY
2026-11-09,Mon,2026-11-10,Restay Frontier (Adult Only),Double Room,private,11635,2434,yes,9.0,570,no,no,Booking (hotel/apartment filter),https://www.booking.com/hotel/jp/hoteruhuronteia.html?checkin=2026-11-09&checkout=2026-11-10&group_adults=2&no_rooms=1&selected_currency=JPY
2026-11-09,Mon,2026-11-10,Hotel Suntargas Otsuka - Vacation STAY 08513v,Studio,private,11636,2434,yes,6.6,19,yes,no,Booking (hotel/apartment filter),https://www.booking.com/hotel/jp/suntargas-otsuka-vacation-stay-08513v.html?checkin=2026-11-09&checkout=2026-11-10&group_adults=2&no_rooms=1&selected_currency=JPY
2026-11-09,Mon,2026-11-10,Hotel Suntargas Otsuka - Vacation STAY 08494v,Studio,private,11636,2434,yes,6.1,19,yes,no,Booking (hotel/apartment filter),https://www.booking.com/hotel/jp/suntargas-otsuka-vacation-stay-08494v.html?checkin=2026-11-09&checkout=2026-11-10&group_adults=2&no_rooms=1&selected_currency=JPY
2026-11-09,Mon,2026-11-10,Hotel Suntargas Otsuka - Vacation STAY 08518v,Studio,private,11636,2434,yes,7.3,4,yes,no,Booking (hotel/apartment filter),https://www.booking.com/hotel/jp/suntargas-otsuka-vacation-stay-08518v.html?checkin=2026-11-09&checkout=2026-11-10&group_adults=2&no_rooms=1&selected_currency=JPY
2026-11-09,Mon,2026-11-10,Garden Otsuka,Late Escape Deal,private,11664,2440,yes,7.0,182,no,no,Booking (hotel/apartment filter),https://www.booking.com/hotel/jp/garden-otsuka-203.html?checkin=2026-11-09&checkout=2026-11-10&group_adults=2&no_rooms=1&selected_currency=JPY
2026-11-09,Mon,2026-11-10,Toyoko Inn Ikebukuro Kita-guchi No.1,plan price (breakfast included),private,11800,2469,yes,8.2,761,yes,yes,Toyoko Inn official site,https://www.toyoko-inn.com/eng/search/detail/00096/
2026-11-09,Mon,2026-11-10,Toyoko Inn Ikebukuro Kita-guchi No.2,plan price (breakfast included),private,11800,2469,yes,8.2,761,yes,yes,Toyoko Inn official site,https://www.toyoko-inn.com/eng/search/detail/00007/
2026-11-09,Mon,2026-11-10,KOSUMOSU Ikebukuro Shinjuku Private House,Triple Room,unverified,11818,2472,yes,8.4,146,no,no,Booking (review>=8 filter),https://www.booking.com/hotel/jp/kosumosu.html?checkin=2026-11-09&checkout=2026-11-10&group_adults=2&no_rooms=1&selected_currency=JPY
2026-11-09,Mon,2026-11-10,池袋 Bodo House 9 A5,One-Bedroom Apartment,private,11905,2491,yes,6.9,36,no,no,Booking (hotel/apartment filter),https://www.booking.com/hotel/jp/chi-dai-bodo-house-9.html?checkin=2026-11-09&checkout=2026-11-10&group_adults=2&no_rooms=1&selected_currency=JPY
2026-11-09,Mon,2026-11-10,R&B Hotel Otsuka Eki Kitaguchi - Vacation STAY 40487v,,private,11968,2504,yes,5.0,0,yes,no,Booking (hotel/apartment filter),https://www.booking.com/hotel/jp/r-b-otsuka-eki-kitaguchi-vacation-stay-40487v.html?checkin=2026-11-09&checkout=2026-11-10&group_adults=2&no_rooms=1&selected_currency=JPY
2026-11-09,Mon,2026-11-10,Verde Ikebukuro,One-Bedroom Apartment,private,12047,2520,yes,7.8,60,yes,no,Booking (hotel/apartment filter),https://www.booking.com/hotel/jp/verde-ikebukuro.html?checkin=2026-11-09&checkout=2026-11-10&group_adults=2&no_rooms=1&selected_currency=JPY
2026-11-09,Mon,2026-11-10,Home Story in Tokyo JR山手線大塚駅Otsuka &東京屋語,Late Escape Deal,private,12076,2526,yes,9.0,6,yes,no,Booking (hotel/apartment filter),https://www.booking.com/hotel/jp/tokyo-house-asakusa.html?checkin=2026-11-09&checkout=2026-11-10&group_adults=2&no_rooms=1&selected_currency=JPY
2026-11-09,Mon,2026-11-10,"Ikebukuro 8 min walk, Kanamecho 6 min walk, 25sqm room, 3 guests, Direct access to Shinjuku, Shibuya, Tokyo, Ueno, 3 single beds",One-Bedroom Apartment,private,12160,2544,yes,7.4,5,yes,no,Booking (hotel/apartment filter),https://www.booking.com/hotel/jp/304-8-min-walk-to-ikebukuro-6-min-walk-to-kanamecho-station25m-max-2-people-dire.html?checkin=2026-11-09&checkout=2026-11-10&group_adults=2&no_rooms=1&selected_currency=JPY
2026-11-09,Mon,2026-11-10,"Ikebukuro 8 min walk, Kanamecho 6 min walk, 25sqm room, 2 guests, Direct access to Shinjuku, Shibuya, Tokyo, Ueno, 2 single beds",,private,12160,2544,yes,1.0,0,yes,no,Booking (hotel/apartment filter),https://www.booking.com/hotel/jp/103-8-min-walk-to-ikebukuro-6-min-walk-to-kanamecho-station25m-max-2-people-dire.html?checkin=2026-11-09&checkout=2026-11-10&group_adults=2&no_rooms=1&selected_currency=JPY
2026-11-09,Mon,2026-11-10,"BRT302 Twin Room, Ideal for Friends in Tokyo",One-Bedroom Apartment,private,12231,2559,yes,7.5,2,yes,no,Booking (hotel/apartment filter),https://www.booking.com/hotel/jp/brt302-ikebukuro-station-double-apartment-yamanote-line-direct-access-to-shinjuk.html?checkin=2026-11-09&checkout=2026-11-10&group_adults=2&no_rooms=1&selected_currency=JPY
2026-11-09,Mon,2026-11-10,"BRT202 Tokyo City Base, Double Room for Two",,private,12231,2559,yes,1.0,0,yes,no,Booking (hotel/apartment filter),https://www.booking.com/hotel/jp/brt202-ikebukuro-station-apartment-for-2-people-direct-access-to-shinjuku-and-sh.html?checkin=2026-11-09&checkout=2026-11-10&group_adults=2&no_rooms=1&selected_currency=JPY
2026-11-09,Mon,2026-11-10,"BRT203 Cook & Relax, Private Kitchen & Double Bed",One-Bedroom Apartment,unverified,12231,2559,yes,8.5,4,yes,no,Booking (review>=8 filter),https://www.booking.com/hotel/jp/brt203-ikebukuro-station-double-apartment-in-a-busy-business-district-yamanote-l.html?checkin=2026-11-09&checkout=2026-11-10&group_adults=2&no_rooms=1&selected_currency=JPY
2026-11-09,Mon,2026-11-10,"BRT102 Near Ikebukuro, Easy Tokyo Access",,unverified,12231,2559,yes,8.0,0,yes,no,Booking (review>=8 filter),https://www.booking.com/hotel/jp/brt102-apartment-102-for-2-people-direct-access-to-shinjuku-and-shibuya-on-the-y.html?checkin=2026-11-09&checkout=2026-11-10&group_adults=2&no_rooms=1&selected_currency=JPY
2026-11-09,Mon,2026-11-10,Hotel Resol Ikebukuro,Double Room for 2 adults - Smoking,private,12273,2568,yes,7.9,989,yes,no,Booking (hotel/apartment filter),https://www.booking.com/hotel/jp/resol-ikebukuro.html?checkin=2026-11-09&checkout=2026-11-10&group_adults=2&no_rooms=1&selected_currency=JPY
2026-11-09,Mon,2026-11-10,Ikebukuro Center# Ikebukuro 5min walk#池袋中心地带# 池袋车站步行5分#无限制wifi#306,,private,12379,2590,yes,9.0,0,no,no,Booking (hotel/apartment filter),https://www.booking.com/hotel/jp/ikebukuro-center-ikebukuro-5min-walk-chi-dai-zhong-xin-di-dai-chi-d-toshima-cit2.html?checkin=2026-11-09&checkout=2026-11-10&group_adults=2&no_rooms=1&selected_currency=JPY
2026-11-09,Mon,2026-11-10,R&B Hotel Otsuka Eki Kitaguchi - Vacation STAY 40488v,,private,12429,2600,yes,,0,yes,no,Booking (hotel/apartment filter),https://www.booking.com/hotel/jp/r-b-otsuka-eki-kitaguchi-vacation-stay-40488v.html?checkin=2026-11-09&checkout=2026-11-10&group_adults=2&no_rooms=1&selected_currency=JPY
2026-11-09,Mon,2026-11-10,Hatoya Hotel,Twin Room,private,12436,2602,yes,8.8,829,yes,no,Booking (hotel/apartment filter),https://www.booking.com/hotel/jp/hatoya-hotel.html?checkin=2026-11-09&checkout=2026-11-10&group_adults=2&no_rooms=1&selected_currency=JPY
2026-11-09,Mon,2026-11-10,3-20-9 - Vacation STAY 92310v,,private,12475,2610,yes,,0,yes,no,Booking (hotel/apartment filter),https://www.booking.com/hotel/jp/3-20-9-vacation-stay-92310v.html?checkin=2026-11-09&checkout=2026-11-10&group_adults=2&no_rooms=1&selected_currency=JPY
2026-11-09,Mon,2026-11-10,Hotel Suntargas Otsuka - Vacation STAY 08522v,,private,12545,2624,yes,5.0,0,yes,no,Booking (hotel/apartment filter),https://www.booking.com/hotel/jp/suntargas-otsuka-vacation-stay-08522v.html?checkin=2026-11-09&checkout=2026-11-10&group_adults=2&no_rooms=1&selected_currency=JPY
2026-11-09,Mon,2026-11-10,Super Hotel Ikebukuro-Eki Kitaguchi,Double Room with Small Double Bed,unverified,12570,2630,yes,8.2,841,no,no,Booking (review>=8 filter),https://www.booking.com/hotel/jp/super-hotel-inn-ikebukuroeki-kitaguchi.html?checkin=2026-11-09&checkout=2026-11-10&group_adults=2&no_rooms=1&selected_currency=JPY
2026-11-09,Mon,2026-11-10,APA Hotel Yamanote Otsuka Ekimae Tower,Standard Double Room - Non-Smoking,private,12580,2632,yes,8.5,8714,yes,no,Booking (hotel/apartment filter),https://www.booking.com/hotel/jp/apa-yamanote-otsuka-eki-tower.html?checkin=2026-11-09&checkout=2026-11-10&group_adults=2&no_rooms=1&selected_currency=JPY
2026-11-09,Mon,2026-11-10,APA Hotel Yamanote Otsuka Ekimae Tower,Standard Double Room - Non-Smoking,unverified,12580,2632,yes,8.5,8714,yes,no,Booking (review>=8 filter),https://www.booking.com/hotel/jp/apa-yamanote-otsuka-eki-tower.html?checkin=2026-11-09&checkout=2026-11-10&group_adults=2&no_rooms=1&selected_currency=JPY
2026-11-09,Mon,2026-11-10,ジェミニス池袋303,One-Bedroom Apartment,private,12600,2636,yes,8.5,2,yes,no,Booking (hotel/apartment filter),https://www.booking.com/hotel/jp/zieminisuchi-dai-303.html?checkin=2026-11-09&checkout=2026-11-10&group_adults=2&no_rooms=1&selected_currency=JPY
2026-11-09,Mon,2026-11-10,ジェミニス池袋303,One-Bedroom Apartment,unverified,12600,2636,yes,8.5,2,yes,no,Booking (review>=8 filter),https://www.booking.com/hotel/jp/zieminisuchi-dai-303.html?checkin=2026-11-09&checkout=2026-11-10&group_adults=2&no_rooms=1&selected_currency=JPY
2026-11-09,Mon,2026-11-10,KOKO HOTEL Ikebukuro,Small Double Room - Non-Smoking,private,12715,2660,yes,8.6,1616,yes,no,Booking (hotel/apartment filter),https://www.booking.com/hotel/jp/wing-international-select-ikebukuro.html?checkin=2026-11-09&checkout=2026-11-10&group_adults=2&no_rooms=1&selected_currency=JPY
2026-11-09,Mon,2026-11-10,池袋レトロなホテル,Superior Double Room,private,12818,2682,yes,7.8,138,yes,no,Booking (hotel/apartment filter),https://www.booking.com/hotel/jp/aroma-plus.html?checkin=2026-11-09&checkout=2026-11-10&group_adults=2&no_rooms=1&selected_currency=JPY
2026-11-09,Mon,2026-11-10,ARM ikebukuro,One-Bedroom Apartment,unverified,12908,2700,yes,8.2,45,yes,no,Booking (review>=8 filter),https://www.booking.com/hotel/jp/arm-ikebukuro.html?checkin=2026-11-09&checkout=2026-11-10&group_adults=2&no_rooms=1&selected_currency=JPY
2026-11-09,Mon,2026-11-10,Restay Frontier (Adult Only),Double Room,unverified,12927,2704,yes,9.0,570,no,no,Booking (review>=8 filter),https://www.booking.com/hotel/jp/hoteruhuronteia.html?checkin=2026-11-09&checkout=2026-11-10&group_adults=2&no_rooms=1&selected_currency=JPY
2026-11-09,Mon,2026-11-10,Toshima-ku - House - Vacation STAY 17454,,private,12999,2719,yes,,0,yes,no,Booking (hotel/apartment filter),https://www.booking.com/hotel/jp/toshima-ku-house-vacation-stay-17454.html?checkin=2026-11-09&checkout=2026-11-10&group_adults=2&no_rooms=1&selected_currency=JPY
2026-11-09,Mon,2026-11-10,House Ikebukuro,Japanese-Style Standard Room,shared,13000,2720,yes,8.4,1381,yes,no,Booking (hotel/apartment filter),https://www.booking.com/hotel/jp/house-ikebukuro.html?checkin=2026-11-09&checkout=2026-11-10&group_adults=2&no_rooms=1&selected_currency=JPY
2026-11-09,Mon,2026-11-10,House Ikebukuro,Japanese-Style Standard Room,shared,13000,2720,yes,8.4,1381,yes,no,Booking (review>=8 filter),https://www.booking.com/hotel/jp/house-ikebukuro.html?checkin=2026-11-09&checkout=2026-11-10&group_adults=2&no_rooms=1&selected_currency=JPY
2026-11-09,Mon,2026-11-10,ARstay IKEBUKURO TOKYO,,unverified,13019,2724,yes,8.0,0,yes,no,Booking (review>=8 filter),https://www.booking.com/hotel/jp/arstay-ikebukuro-li-dao-qu.html?checkin=2026-11-09&checkout=2026-11-10&group_adults=2&no_rooms=1&selected_currency=JPY
2026-11-09,Mon,2026-11-10,Garden Otsuka,One-Bedroom Apartment,private,13069,2734,yes,7.9,69,yes,no,Booking (hotel/apartment filter),https://www.booking.com/hotel/jp/garden-otsuka.html?checkin=2026-11-09&checkout=2026-11-10&group_adults=2&no_rooms=1&selected_currency=JPY
2026-11-09,Mon,2026-11-10,nestay miriz tokyo ikebukuro,Late Escape Deal,unverified,13089,2738,yes,8.4,179,no,no,Booking (review>=8 filter),https://www.booking.com/hotel/jp/nestay-miriz-tokyo-ikebukuro.html?checkin=2026-11-09&checkout=2026-11-10&group_adults=2&no_rooms=1&selected_currency=JPY
2026-11-09,Mon,2026-11-10,HOTEL CHECK INN BALI adult only,Economy Double Room,private,13091,2739,yes,7.2,316,yes,no,Booking (hotel/apartment filter),https://www.booking.com/hotel/jp/check-inn-bali.html?checkin=2026-11-09&checkout=2026-11-10&group_adults=2&no_rooms=1&selected_currency=JPY
2026-11-09,Mon,2026-11-10,Toyoko Inn Ikebukuro Kita-guchi No.1,plan price (breakfast included),private,13110,2743,yes,8.2,761,yes,yes,Toyoko Inn official site,https://www.toyoko-inn.com/eng/search/detail/00096/
2026-11-09,Mon,2026-11-10,Toyoko Inn Ikebukuro Kita-guchi No.2,plan price (breakfast included),private,13110,2743,yes,8.2,761,yes,yes,Toyoko Inn official site,https://www.toyoko-inn.com/eng/search/detail/00007/
2026-11-09,Mon,2026-11-10,"Ikebukuro 8 min walk, Kanamecho 6 min walk, 25sqm room, 2 guests, Direct access to Shinjuku, Shibuya, Tokyo, Ueno, 1 double bed",One-Bedroom Apartment,private,13135,2748,yes,6.7,15,yes,no,Booking (hotel/apartment filter),https://www.booking.com/hotel/jp/8-min-walk-to-ikebukuro-6-min-walk-to-yanagibashi-station25m-max-2-people-direct.html?checkin=2026-11-09&checkout=2026-11-10&group_adults=2&no_rooms=1&selected_currency=JPY
2026-11-09,Mon,2026-11-10,R&B Hotel Otsuka Eki Kitaguchi - Vacation STAY 14227v,,private,13273,2777,yes,10.0,0,yes,yes,Booking (hotel/apartment filter),https://www.booking.com/hotel/jp/r-b-otsuka-eki-kitaguchi-vacation-stay-14227v.html?checkin=2026-11-09&checkout=2026-11-10&group_adults=2&no_rooms=1&selected_currency=JPY
2026-11-09,Mon,2026-11-10,R&B Hotel Otsuka Eki Kitaguchi - Vacation STAY 14227v,,unverified,13273,2777,yes,10.0,0,yes,yes,Booking (review>=8 filter),https://www.booking.com/hotel/jp/r-b-otsuka-eki-kitaguchi-vacation-stay-14227v.html?checkin=2026-11-09&checkout=2026-11-10&group_adults=2&no_rooms=1&selected_currency=JPY
2026-11-09,Mon,2026-11-10,GrAce Room IKEBUKURO,Apartment,private,13274,2777,yes,6.4,5,yes,no,Booking (hotel/apartment filter),https://www.booking.com/hotel/jp/at-ikebukuro-no5.html?checkin=2026-11-09&checkout=2026-11-10&group_adults=2&no_rooms=1&selected_currency=JPY
2026-11-09,Mon,2026-11-10,Garden Otsuka 302,One-Bedroom Apartment,private,13316,2786,yes,8.2,42,yes,no,Booking (hotel/apartment filter),https://www.booking.com/hotel/jp/garden-otsuka-gadenda-zhong-hoteru.html?checkin=2026-11-09&checkout=2026-11-10&group_adults=2&no_rooms=1&selected_currency=JPY
2026-11-09,Mon,2026-11-10,Home Story in Tokyo JR山手線大塚駅Otsuka &東京屋語,Late Escape Deal,unverified,13418,2807,no,9.0,6,yes,no,Booking (review>=8 filter),https://www.booking.com/hotel/jp/tokyo-house-asakusa.html?checkin=2026-11-09&checkout=2026-11-10&group_adults=2&no_rooms=1&selected_currency=JPY
2026-11-09,Mon,2026-11-10,HOTEL PAL Otsuka -Adult Only-,Economy Double Room (Check-in after 19:00),unverified,13455,2815,no,9.2,97,yes,no,Booking (review>=8 filter),https://www.booking.com/hotel/jp/pal.html?checkin=2026-11-09&checkout=2026-11-10&group_adults=2&no_rooms=1&selected_currency=JPY
2026-11-09,Mon,2026-11-10,Ikebukuro Warmハウス306,One-Bedroom Apartment,private,13492,2823,no,8.9,17,no,no,Booking (hotel/apartment filter),https://www.booking.com/hotel/jp/ikebukuro-warmhausu306.html?checkin=2026-11-09&checkout=2026-11-10&group_adults=2&no_rooms=1&selected_currency=JPY
2026-11-09,Mon,2026-11-10,Ikebukuro Warmハウス306,One-Bedroom Apartment,unverified,13492,2823,no,8.9,17,no,no,Booking (review>=8 filter),https://www.booking.com/hotel/jp/ikebukuro-warmhausu306.html?checkin=2026-11-09&checkout=2026-11-10&group_adults=2&no_rooms=1&selected_currency=JPY
2026-11-09,Mon,2026-11-10,The underz suite residence Ikebukuro by Tranova,One-Bedroom Apartment,private,13516,2828,no,7.9,22,yes,no,Booking (hotel/apartment filter),https://www.booking.com/hotel/jp/the-underz-suite-residence-ikebukuro.html?checkin=2026-11-09&checkout=2026-11-10&group_adults=2&no_rooms=1&selected_currency=JPY
2026-11-09,Mon,2026-11-10,Hananogo Ikebukuro - Vacation STAY 16116v,,private,13625,2850,no,1.0,0,yes,no,Booking (hotel/apartment filter),https://www.booking.com/hotel/jp/hananogo-ikebukuro-vacation-stay-16116v.html?checkin=2026-11-09&checkout=2026-11-10&group_adults=2&no_rooms=1&selected_currency=JPY
2026-11-09,Mon,2026-11-10,Hotel Suntargas Otsuka,Single Room -Smoking,private,13636,2853,no,7.6,128,yes,no,Booking (hotel/apartment filter),https://www.booking.com/hotel/jp/suntargas-otsuka.html?checkin=2026-11-09&checkout=2026-11-10&group_adults=2&no_rooms=1&selected_currency=JPY
2026-11-09,Mon,2026-11-10,japan house Otsuka,One-Bedroom Apartment,private,13705,2867,no,9.0,141,no,no,Booking (hotel/apartment filter),https://www.booking.com/hotel/jp/japan-house-otsuka.html?checkin=2026-11-09&checkout=2026-11-10&group_adults=2&no_rooms=1&selected_currency=JPY
2026-11-09,Mon,2026-11-10,japan house Otsuka,One-Bedroom Apartment,unverified,13705,2867,no,9.0,141,no,no,Booking (review>=8 filter),https://www.booking.com/hotel/jp/japan-house-otsuka.html?checkin=2026-11-09&checkout=2026-11-10&group_adults=2&no_rooms=1&selected_currency=JPY
2026-11-09,Mon,2026-11-10,R&B Hotel Otsuka Eki Kitaguchi - Vacation STAY 14229v,,private,13727,2872,no,,0,yes,yes,Booking (hotel/apartment filter),https://www.booking.com/hotel/jp/r-b-otsuka-eki-kitaguchi-vacation-stay-14229v.html?checkin=2026-11-09&checkout=2026-11-10&group_adults=2&no_rooms=1&selected_currency=JPY
2026-11-09,Mon,2026-11-10,Ikebukuro Center# Ikebukuro 5min walk#池袋中心地带# 池袋车站步行5分#无限制wifi#306,,unverified,13755,2878,no,9.0,0,no,no,Booking (review>=8 filter),https://www.booking.com/hotel/jp/ikebukuro-center-ikebukuro-5min-walk-chi-dai-zhong-xin-di-dai-chi-d-toshima-cit2.html?checkin=2026-11-09&checkout=2026-11-10&group_adults=2&no_rooms=1&selected_currency=JPY
2026-11-09,Mon,2026-11-10,Toyoko Inn Ikebukuro Kita-guchi No.1,plan price (breakfast included),private,13800,2887,no,8.2,761,yes,yes,Toyoko Inn official site,https://www.toyoko-inn.com/eng/search/detail/00096/
2026-11-09,Mon,2026-11-10,Toyoko Inn Ikebukuro Kita-guchi No.2,plan price (breakfast included),private,13800,2887,no,8.2,761,yes,yes,Toyoko Inn official site,https://www.toyoko-inn.com/eng/search/detail/00007/
2026-11-09,Mon,2026-11-10,Hatoya Hotel,Twin Room,unverified,13818,2891,no,8.8,829,yes,no,Booking (review>=8 filter),https://www.booking.com/hotel/jp/hatoya-hotel.html?checkin=2026-11-09&checkout=2026-11-10&group_adults=2&no_rooms=1&selected_currency=JPY
2026-11-09,Mon,2026-11-10,HOTEL APERTO (Adult Only),Check-in after 9pm - Standard Double Room,private,13909,2910,no,8.7,1297,yes,no,Booking (hotel/apartment filter),https://www.booking.com/hotel/jp/aperto.html?checkin=2026-11-09&checkout=2026-11-10&group_adults=2&no_rooms=1&selected_currency=JPY
2026-11-09,Mon,2026-11-10,jr山手线大塚站步行2分钟公寓,,private,13909,2910,no,,0,yes,no,Booking (hotel/apartment filter),https://www.booking.com/hotel/jp/jrshan-shou-xian-da-zhong-zhan-bu-xing-2fen-zhong-gong-yu.html?checkin=2026-11-09&checkout=2026-11-10&group_adults=2&no_rooms=1&selected_currency=JPY
2026-11-09,Mon,2026-11-10,Ikebukuro 8min walk#kebukuro center#Living room#bidet toilet#池袋中心#池袋车站步行8分钟#有客厅#卧室#智能马桶#干湿分离202,,private,13909,2910,no,,0,no,no,Booking (hotel/apartment filter),https://www.booking.com/hotel/jp/chi-dai-zhong-xin-chi-dai-che-zhan-bu-xing-7fen-zhong-ke-ting-wo-shi-zhi-neng-ma.html?checkin=2026-11-09&checkout=2026-11-10&group_adults=2&no_rooms=1&selected_currency=JPY
2026-11-09,Mon,2026-11-10,Laluna Higashiikebukuro,One-Bedroom Apartment,unverified,13939,2916,no,8.1,85,yes,no,Booking (review>=8 filter),https://www.booking.com/hotel/jp/laluna-higashiikebukuro-dong-jing-du.html?checkin=2026-11-09&checkout=2026-11-10&group_adults=2&no_rooms=1&selected_currency=JPY
2026-11-09,Mon,2026-11-10,Hotel Route-Inn Tokyo Ikebukuro,Double Room with Small Double Bed Non-Smoking,private,14000,2929,no,7.9,344,yes,yes,Booking (hotel/apartment filter),https://www.booking.com/hotel/jp/ark-hotel-tokyo.html?checkin=2026-11-09&checkout=2026-11-10&group_adults=2&no_rooms=1&selected_currency=JPY
2026-11-09,Mon,2026-11-10,桜の川 池袋駅7分 2-4人丨7 minutes from Ikebukuro Station 2-4 people,Late Escape Deal,unverified,14051,2939,no,8.2,46,no,no,Booking (review>=8 filter),https://www.booking.com/hotel/jp/ikebukuro-8min-modern-stay.html?checkin=2026-11-09&checkout=2026-11-10&group_adults=2&no_rooms=1&selected_currency=JPY
2026-11-09,Mon,2026-11-10,NEST BASE Ikebukuro 302,Apartment,private,14089,2947,no,7.6,5,yes,no,Booking (hotel/apartment filter),https://www.booking.com/hotel/jp/kopogang-qi-302.html?checkin=2026-11-09&checkout=2026-11-10&group_adults=2&no_rooms=1&selected_currency=JPY
2026-11-09,Mon,2026-11-10,KOKO HOTEL Ikebukuro,Small Double Room - Non-Smoking,unverified,14128,2956,no,8.6,1616,yes,no,Booking (review>=8 filter),https://www.booking.com/hotel/jp/wing-international-select-ikebukuro.html?checkin=2026-11-09&checkout=2026-11-10&group_adults=2&no_rooms=1&selected_currency=JPY
2026-11-09,Mon,2026-11-10,池袋 Energy CA0 a9,One-Bedroom Apartment,private,14285,2988,no,7.4,19,no,no,Booking (hotel/apartment filter),https://www.booking.com/hotel/jp/chi-dai-energy-ca0-a9.html?checkin=2026-11-09&checkout=2026-11-10&group_adults=2&no_rooms=1&selected_currency=JPY
2026-11-09,Mon,2026-11-10,Ikebukuro IVY House Ao6,One-Bedroom Apartment,private,14285,2988,no,6.3,17,no,no,Booking (hotel/apartment filter),https://www.booking.com/hotel/jp/ikebukuro-ivy-house-ao6.html?checkin=2026-11-09&checkout=2026-11-10&group_adults=2&no_rooms=1&selected_currency=JPY
2026-11-09,Mon,2026-11-10,Ikebukuro Cozy ハウス5,One-Bedroom Apartment,private,14285,2988,no,6.7,13,no,no,Booking (hotel/apartment filter),https://www.booking.com/hotel/jp/ikebukuro-cozy-hausu5.html?checkin=2026-11-09&checkout=2026-11-10&group_adults=2&no_rooms=1&selected_currency=JPY
2026-11-09,Mon,2026-11-10,Asta Hotel,Double Room,private,14352,3002,no,7.9,754,yes,no,Booking (hotel/apartment filter),https://www.booking.com/hotel/jp/asutahoteru.html?checkin=2026-11-09&checkout=2026-11-10&group_adults=2&no_rooms=1&selected_currency=JPY
2026-11-09,Mon,2026-11-10,ASTA HOTEL - Vacation STAY 87220v,,private,14362,3005,no,,0,yes,no,Booking (hotel/apartment filter),https://www.booking.com/hotel/jp/asta-vacation-stay-87220v.html?checkin=2026-11-09&checkout=2026-11-10&group_adults=2&no_rooms=1&selected_currency=JPY
2026-11-09,Mon,2026-11-10,ASTA HOTEL - Vacation STAY 87206v,,private,14362,3005,no,,0,yes,no,Booking (hotel/apartment filter),https://www.booking.com/hotel/jp/asta-vacation-stay-87206v.html?checkin=2026-11-09&checkout=2026-11-10&group_adults=2&no_rooms=1&selected_currency=JPY
2026-11-09,Mon,2026-11-10,Shiratori306 B036,New to Booking.com,unverified,14393,3011,no,8.3,3,yes,no,Booking (review>=8 filter),https://www.booking.com/hotel/jp/b036po-wei-sanbai-niao-306a.html?checkin=2026-11-09&checkout=2026-11-10&group_adults=2&no_rooms=1&selected_currency=JPY
2026-11-09,Mon,2026-11-10,APA Hotel Ikebukuro Eki Kitaguchi,Double Room - Non-Smoking,private,14400,3012,no,7.9,1496,yes,no,Booking (hotel/apartment filter),https://www.booking.com/hotel/jp/apa-ikebukuro-kitaguchi.html?checkin=2026-11-09&checkout=2026-11-10&group_adults=2&no_rooms=1&selected_currency=JPY
2026-11-09,Mon,2026-11-10,Maison Highway Ikebukuro,One-Bedroom Apartment,private,14521,3038,no,9.0,5,yes,no,Booking (hotel/apartment filter),https://www.booking.com/hotel/jp/maison-highway-ikebukuro.html?checkin=2026-11-09&checkout=2026-11-10&group_adults=2&no_rooms=1&selected_currency=JPY
2026-11-09,Mon,2026-11-10,Reimi Mondo601,Deluxe Suite,private,14545,3043,no,8.0,14,no,no,Booking (hotel/apartment filter),https://www.booking.com/hotel/jp/reimi-mondo-tokyo4.html?checkin=2026-11-09&checkout=2026-11-10&group_adults=2&no_rooms=1&selected_currency=JPY
2026-11-09,Mon,2026-11-10,Reimi Mondo601,Deluxe Suite,unverified,14545,3043,no,8.0,14,no,no,Booking (review>=8 filter),https://www.booking.com/hotel/jp/reimi-mondo-tokyo4.html?checkin=2026-11-09&checkout=2026-11-10&group_adults=2&no_rooms=1&selected_currency=JPY
2026-11-09,Mon,2026-11-10,NEST BASE Ikebukuro 301,,private,14547,3043,no,7.0,0,yes,no,Booking (hotel/apartment filter),https://www.booking.com/hotel/jp/kopogang-qi-301.html?checkin=2026-11-09&checkout=2026-11-10&group_adults=2&no_rooms=1&selected_currency=JPY
2026-11-09,Mon,2026-11-10,NEST BASE Ikebukuro 202,,private,14708,3077,no,,0,yes,no,Booking (hotel/apartment filter),https://www.booking.com/hotel/jp/nest-base-ikebukuro-202.html?checkin=2026-11-09&checkout=2026-11-10&group_adults=2&no_rooms=1&selected_currency=JPY
2026-11-09,Mon,2026-11-10,NEST BASE Ikebukuro 201,,private,14708,3077,no,,0,yes,no,Booking (hotel/apartment filter),https://www.booking.com/hotel/jp/nest-base-ikebukuro-201.html?checkin=2026-11-09&checkout=2026-11-10&group_adults=2&no_rooms=1&selected_currency=JPY
2026-11-09,Mon,2026-11-10,SUPER HOTEL Ikebukuro West Natural Hot Spring,Room Selected at Check-In,private,14727,3081,no,8.7,1349,no,yes,Booking (hotel/apartment filter),https://www.booking.com/hotel/jp/super-hotel-jr-ikebukuro-nishiguchi.html?checkin=2026-11-09&checkout=2026-11-10&group_adults=2&no_rooms=1&selected_currency=JPY
2026-11-09,Mon,2026-11-10,Garden Otsuka 302,One-Bedroom Apartment,unverified,14796,3095,no,8.2,42,yes,no,Booking (review>=8 filter),https://www.booking.com/hotel/jp/garden-otsuka-gadenda-zhong-hoteru.html?checkin=2026-11-09&checkout=2026-11-10&group_adults=2&no_rooms=1&selected_currency=JPY
2026-11-09,Mon,2026-11-10,タスキスマート池袋一号館Tasuki Smart Ikebukuro1,Apartment,private,15068,3152,no,8.7,186,no,no,Booking (hotel/apartment filter),https://www.booking.com/hotel/jp/japan-house-ikebukuro-1.html?checkin=2026-11-09&checkout=2026-11-10&group_adults=2&no_rooms=1&selected_currency=JPY
2026-11-09,Mon,2026-11-10,タスキスマート池袋一号館Tasuki Smart Ikebukuro1,Apartment,unverified,15068,3152,no,8.7,186,no,no,Booking (review>=8 filter),https://www.booking.com/hotel/jp/japan-house-ikebukuro-1.html?checkin=2026-11-09&checkout=2026-11-10&group_adults=2&no_rooms=1&selected_currency=JPY
2026-11-09,Mon,2026-11-10,Super Hotel Tokyo Otsuka,Double Room,private,15281,3197,no,8.8,750,no,yes,Booking (hotel/apartment filter),https://www.booking.com/hotel/jp/super-tokyo-otsuka.html?checkin=2026-11-09&checkout=2026-11-10&group_adults=2&no_rooms=1&selected_currency=JPY
2026-11-09,Mon,2026-11-10,HOTEL APERTO (Adult Only),Check-in after 9pm - Standard Double Room,unverified,15455,3233,no,8.7,1297,yes,no,Booking (review>=8 filter),https://www.booking.com/hotel/jp/aperto.html?checkin=2026-11-09&checkout=2026-11-10&group_adults=2&no_rooms=1&selected_currency=JPY
2026-11-09,Mon,2026-11-10,Tokyo Ikebukuro House,One-Bedroom Apartment,private,15545,3252,no,8.3,3,no,no,Booking (hotel/apartment filter),https://www.booking.com/hotel/jp/tokyo-ikebukuro-house.html?checkin=2026-11-09&checkout=2026-11-10&group_adults=2&no_rooms=1&selected_currency=JPY
2026-11-09,Mon,2026-11-10,今和Hotel,One-Bedroom Apartment,private,15545,3252,no,8.7,95,no,no,Booking (hotel/apartment filter),https://www.booking.com/hotel/jp/jin-he-dong-jing-du.html?checkin=2026-11-09&checkout=2026-11-10&group_adults=2&no_rooms=1&selected_currency=JPY
2026-11-09,Mon,2026-11-10,Tokyo Ikebukuro House,One-Bedroom Apartment,unverified,15545,3252,no,8.3,3,no,no,Booking (review>=8 filter),https://www.booking.com/hotel/jp/tokyo-ikebukuro-house.html?checkin=2026-11-09&checkout=2026-11-10&group_adults=2&no_rooms=1&selected_currency=JPY
2026-11-09,Mon,2026-11-10,The house Urban IKEBUKURO near station,New to Booking.com,private,15648,3274,no,8.6,12,yes,no,Booking (hotel/apartment filter),https://www.booking.com/hotel/jp/the-house-urban-ikebukuro-near-station.html?checkin=2026-11-09&checkout=2026-11-10&group_adults=2&no_rooms=1&selected_currency=JPY
2026-11-09,Mon,2026-11-10,ルチル池袋東京,Late Escape Deal,unverified,15889,3324,no,8.3,187,no,no,Booking (review>=8 filter),https://www.booking.com/hotel/jp/rutile-ikebukuro.html?checkin=2026-11-09&checkout=2026-11-10&group_adults=2&no_rooms=1&selected_currency=JPY
2026-11-09,Mon,2026-11-10,Maison Highway Ikebukuro,One-Bedroom Apartment,unverified,16135,3375,no,9.0,5,yes,no,Booking (review>=8 filter),https://www.booking.com/hotel/jp/maison-highway-ikebukuro.html?checkin=2026-11-09&checkout=2026-11-10&group_adults=2&no_rooms=1&selected_currency=JPY
2026-11-09,Mon,2026-11-10,Petit Bali Ikebukuro,Economy Double Room - Smoking,private,16200,3389,no,8.4,281,yes,no,Booking (hotel/apartment filter),https://www.booking.com/hotel/jp/hoteruputeibarichi-dai-dian-dong-jing.html?checkin=2026-11-09&checkout=2026-11-10&group_adults=2&no_rooms=1&selected_currency=JPY
2026-11-09,Mon,2026-11-10,Centurion Hotel Ikebukuro Station,Standard Semi-Double Room - Non Smoking,private,16234,3396,no,8.1,1745,yes,no,Booking (hotel/apartment filter),https://www.booking.com/hotel/jp/centurion-ikebukuro.html?checkin=2026-11-09&checkout=2026-11-10&group_adults=2&no_rooms=1&selected_currency=JPY
2026-11-09,Mon,2026-11-10,Centurion Hotel Ikebukuro Station,Standard Semi-Double Room - Non Smoking,unverified,16234,3396,no,8.1,1745,yes,no,Booking (review>=8 filter),https://www.booking.com/hotel/jp/centurion-ikebukuro.html?checkin=2026-11-09&checkout=2026-11-10&group_adults=2&no_rooms=1&selected_currency=JPY
2026-11-09,Mon,2026-11-10,the Jeminith Ikebukuro 501,,private,16364,3423,no,,0,yes,no,Booking (hotel/apartment filter),https://www.booking.com/hotel/jp/jeminith-ikebukuro-tokyo.html?checkin=2026-11-09&checkout=2026-11-10&group_adults=2&no_rooms=1&selected_currency=JPY
2026-11-09,Mon,2026-11-10,SUPER HOTEL Ikebukuro West Natural Hot Spring,Room Selected at Check-In,unverified,16364,3423,no,8.7,1349,no,yes,Booking (review>=8 filter),https://www.booking.com/hotel/jp/super-hotel-jr-ikebukuro-nishiguchi.html?checkin=2026-11-09&checkout=2026-11-10&group_adults=2&no_rooms=1&selected_currency=JPY
2026-11-09,Mon,2026-11-10,Super Hotel Tokyo Otsuka,Double Room,unverified,16979,3552,no,8.8,750,no,yes,Booking (review>=8 filter),https://www.booking.com/hotel/jp/super-tokyo-otsuka.html?checkin=2026-11-09&checkout=2026-11-10&group_adults=2&no_rooms=1&selected_currency=JPY
2026-11-09,Mon,2026-11-10,Ikebukuro Grand Hotel,Superior Double Room,private,17000,3556,no,5.3,9,yes,no,Booking (hotel/apartment filter),https://www.booking.com/hotel/jp/ikebukuro-grand-hotel.html?checkin=2026-11-09&checkout=2026-11-10&group_adults=2&no_rooms=1&selected_currency=JPY
2026-11-09,Mon,2026-11-10,Swan Park Ikebukuro,One-Bedroom Apartment,private,17010,3558,no,8.2,33,no,no,Booking (hotel/apartment filter),https://www.booking.com/hotel/jp/suwanpakuchi-dai.html?checkin=2026-11-09&checkout=2026-11-10&group_adults=2&no_rooms=1&selected_currency=JPY
2026-11-09,Mon,2026-11-10,Swan Park Ikebukuro,One-Bedroom Apartment,unverified,17010,3558,no,8.2,33,no,no,Booking (review>=8 filter),https://www.booking.com/hotel/jp/suwanpakuchi-dai.html?checkin=2026-11-09&checkout=2026-11-10&group_adults=2&no_rooms=1&selected_currency=JPY
2026-11-09,Mon,2026-11-10,Super Hotel Premier Ikebukuro Natural Hot Spring,Room Selected at Check-In,private,17157,3589,no,8.8,1985,no,no,Booking (hotel/apartment filter),https://www.booking.com/hotel/jp/supahoterupremierchi-dai-tian-ran-wen-quan.html?checkin=2026-11-09&checkout=2026-11-10&group_adults=2&no_rooms=1&selected_currency=JPY
2026-11-09,Mon,2026-11-10,池袋Apila,Family Room with Private Bathroom,unverified,17186,3595,no,9.2,116,no,no,Booking (review>=8 filter),https://www.booking.com/hotel/jp/chi-dai-apila.html?checkin=2026-11-09&checkout=2026-11-10&group_adults=2&no_rooms=1&selected_currency=JPY
2026-11-09,Mon,2026-11-10,the b ikebukuro,Superior Single Room with Shower - Non-Smoking,private,17213,3601,no,7.9,947,yes,no,Booking (hotel/apartment filter),https://www.booking.com/hotel/jp/the-b-ikebukro.html?checkin=2026-11-09&checkout=2026-11-10&group_adults=2&no_rooms=1&selected_currency=JPY
2026-11-09,Mon,2026-11-10,今和Hotel,One-Bedroom Apartment,unverified,17273,3614,no,8.7,95,no,no,Booking (review>=8 filter),https://www.booking.com/hotel/jp/jin-he-dong-jing-du.html?checkin=2026-11-09&checkout=2026-11-10&group_adults=2&no_rooms=1&selected_currency=JPY
2026-11-09,Mon,2026-11-10,The house Urban IKEBUKURO near station,New to Booking.com,unverified,17386,3637,no,8.6,12,yes,no,Booking (review>=8 filter),https://www.booking.com/hotel/jp/the-house-urban-ikebukuro-near-station.html?checkin=2026-11-09&checkout=2026-11-10&group_adults=2&no_rooms=1&selected_currency=JPY
2026-11-09,Mon,2026-11-10,Wellsquareism Ikebukuro East,One-Bedroom Apartment,unverified,17784,3720,no,8.7,41,yes,no,Booking (review>=8 filter),https://www.booking.com/hotel/jp/well-square-ikebukuro-east.html?checkin=2026-11-09&checkout=2026-11-10&group_adults=2&no_rooms=1&selected_currency=JPY
2026-11-09,Mon,2026-11-10,Petit Bali Ikebukuro,Economy Double Room - Smoking,unverified,18000,3766,no,8.4,281,yes,no,Booking (review>=8 filter),https://www.booking.com/hotel/jp/hoteruputeibarichi-dai-dian-dong-jing.html?checkin=2026-11-09&checkout=2026-11-10&group_adults=2&no_rooms=1&selected_currency=JPY
2026-11-09,Mon,2026-11-10,R&B Hotel Otsuka Eki Kitaguchi - Vacation STAY 40484v,Studio,private,18413,3852,no,8.3,113,yes,no,Booking (hotel/apartment filter),https://www.booking.com/hotel/jp/r-b-otsuka-eki-kitaguchi-vacation-stay-40484v.html?checkin=2026-11-09&checkout=2026-11-10&group_adults=2&no_rooms=1&selected_currency=JPY
2026-11-09,Mon,2026-11-10,R&B Hotel Otsuka Eki Kitaguchi - Vacation STAY 40484v,Studio,unverified,18413,3852,no,8.3,113,yes,no,Booking (review>=8 filter),https://www.booking.com/hotel/jp/r-b-otsuka-eki-kitaguchi-vacation-stay-40484v.html?checkin=2026-11-09&checkout=2026-11-10&group_adults=2&no_rooms=1&selected_currency=JPY
2026-11-09,Mon,2026-11-10,Keio Presso Inn Ikebukuro,Double Room with Small Double Bed - Non-Smoking,private,18461,3862,no,8.5,1433,yes,no,Booking (hotel/apartment filter),https://www.booking.com/hotel/jp/keio-presson-inn-ikebukuro.html?checkin=2026-11-09&checkout=2026-11-10&group_adults=2&no_rooms=1&selected_currency=JPY
2026-11-09,Mon,2026-11-10,Exquisite business hotel Bella,Double Room with Private Bathroom,unverified,18840,3941,no,8.4,220,yes,no,Booking (review>=8 filter),https://www.booking.com/hotel/jp/bella-toshima-city1.html?checkin=2026-11-09&checkout=2026-11-10&group_adults=2&no_rooms=1&selected_currency=JPY
2026-11-09,Mon,2026-11-10,HOTEL VARKIN ANNEX,Standard Double Room,private,18901,3954,no,8.6,741,no,no,Booking (hotel/apartment filter),https://www.booking.com/hotel/jp/varkin-annex.html?checkin=2026-11-09&checkout=2026-11-10&group_adults=2&no_rooms=1&selected_currency=JPY
2026-11-09,Mon,2026-11-10,Super Hotel Premier Ikebukuro Natural Hot Spring,Room Selected at Check-In,unverified,19064,3988,no,8.8,1985,no,no,Booking (review>=8 filter),https://www.booking.com/hotel/jp/supahoterupremierchi-dai-tian-ran-wen-quan.html?checkin=2026-11-09&checkout=2026-11-10&group_adults=2&no_rooms=1&selected_currency=JPY
2026-11-09,Mon,2026-11-10,Toyoko Inn Tokyo Ikebukuro Kita-guchi No.1,Single Room - Smoking,private,19091,3994,no,8.2,761,yes,no,Booking (hotel/apartment filter),https://www.booking.com/hotel/jp/toyoko-inn-tokyo-ikebukuro-kita-guchi-1.html?checkin=2026-11-09&checkout=2026-11-10&group_adults=2&no_rooms=1&selected_currency=JPY
2026-11-09,Mon,2026-11-10,Toyoko Inn Tokyo Ikebukuro Kita-guchi No.1,Single Room - Smoking,unverified,19091,3994,no,8.2,761,yes,no,Booking (review>=8 filter),https://www.booking.com/hotel/jp/toyoko-inn-tokyo-ikebukuro-kita-guchi-1.html?checkin=2026-11-09&checkout=2026-11-10&group_adults=2&no_rooms=1&selected_currency=JPY
2026-11-09,Mon,2026-11-10,R&B Hotel Otsuka Eki Kitaguchi - Vacation STAY 40485v,Studio,private,19333,4044,no,8.5,29,yes,no,Booking (hotel/apartment filter),https://www.booking.com/hotel/jp/r-b-otsuka-eki-kitaguchi-vacation-stay-40485v.html?checkin=2026-11-09&checkout=2026-11-10&group_adults=2&no_rooms=1&selected_currency=JPY
2026-11-09,Mon,2026-11-10,R&B Hotel Otsuka Eki Kitaguchi - Vacation STAY 40485v,Studio,unverified,19333,4044,no,8.5,29,yes,no,Booking (review>=8 filter),https://www.booking.com/hotel/jp/r-b-otsuka-eki-kitaguchi-vacation-stay-40485v.html?checkin=2026-11-09&checkout=2026-11-10&group_adults=2&no_rooms=1&selected_currency=JPY
2026-11-09,Mon,2026-11-10,フクロウ庵101,Apartment,unverified,19622,4105,no,9.0,5,yes,no,Booking (review>=8 filter),https://www.booking.com/hotel/jp/kopogang-qi-101.html?checkin=2026-11-09&checkout=2026-11-10&group_adults=2&no_rooms=1&selected_currency=JPY
2026-11-09,Mon,2026-11-10,R&B Hotel Otsuka Eki Kitaguchi - Vacation STAY 14221v,Studio,private,19636,4108,no,8.2,18,yes,no,Booking (hotel/apartment filter),https://www.booking.com/hotel/jp/r-b-otsuka-eki-kitaguchi-vacation-stay-14221v.html?checkin=2026-11-09&checkout=2026-11-10&group_adults=2&no_rooms=1&selected_currency=JPY
2026-11-09,Mon,2026-11-10,R&B Hotel Otsuka Eki Kitaguchi - Vacation STAY 14221v,Studio,unverified,19636,4108,no,8.2,18,yes,no,Booking (review>=8 filter),https://www.booking.com/hotel/jp/r-b-otsuka-eki-kitaguchi-vacation-stay-14221v.html?checkin=2026-11-09&checkout=2026-11-10&group_adults=2&no_rooms=1&selected_currency=JPY
2026-11-09,Mon,2026-11-10,Shiratori303 B035,New to Booking.com,unverified,19935,4170,no,,0,yes,no,Booking (review>=8 filter),https://www.booking.com/hotel/jp/b035po-wei-sanbai-niao-303a.html?checkin=2026-11-09&checkout=2026-11-10&group_adults=2&no_rooms=1&selected_currency=JPY
2026-11-09,Mon,2026-11-10,Hotel Grand City,Twin Room - Non-Smoking,private,20000,4184,no,7.9,2100,yes,no,Booking (hotel/apartment filter),https://www.booking.com/hotel/jp/grand-city-tokyo.html?checkin=2026-11-09&checkout=2026-11-10&group_adults=2&no_rooms=1&selected_currency=JPY
2026-11-09,Mon,2026-11-10,"YFhouse池袋ikebukuro-Direct to Ginza, Tokyo Dome, and the Harry Potter Studio Tour Tokyo",Studio with Balcony,unverified,20000,4184,no,9.1,8,yes,no,Booking (review>=8 filter),https://www.booking.com/hotel/jp/yfhousechi-dai-ikebukuro.html?checkin=2026-11-09&checkout=2026-11-10&group_adults=2&no_rooms=1&selected_currency=JPY
2026-11-09,Mon,2026-11-10,Keio Presso Inn Ikebukuro,Double Room with Small Double Bed - Non-Smoking,unverified,20512,4291,no,8.5,1433,yes,no,Booking (review>=8 filter),https://www.booking.com/hotel/jp/keio-presson-inn-ikebukuro.html?checkin=2026-11-09&checkout=2026-11-10&group_adults=2&no_rooms=1&selected_currency=JPY
2026-11-09,Mon,2026-11-10,"10min walk Ikebukuro Sta JR , 10min Shinjuku Sta, Wi-Fi, PocketWiFi",Quadruple Room with Terrace,unverified,20936,4380,no,8.0,73,yes,no,Booking (review>=8 filter),https://www.booking.com/hotel/jp/ikebukuro-li-dao-qu.html?checkin=2026-11-09&checkout=2026-11-10&group_adults=2&no_rooms=1&selected_currency=JPY
2026-11-09,Mon,2026-11-10,HOTEL VARKIN ANNEX,Standard Double Room,unverified,21001,4393,no,8.6,741,no,no,Booking (review>=8 filter),https://www.booking.com/hotel/jp/varkin-annex.html?checkin=2026-11-09&checkout=2026-11-10&group_adults=2&no_rooms=1&selected_currency=JPY
2026-11-09,Mon,2026-11-10,COCOYO Hotel Otsuka,Economy Twin Room,private,21273,4450,no,8.6,440,yes,no,Booking (hotel/apartment filter),https://www.booking.com/hotel/jp/cocoyo.html?checkin=2026-11-09&checkout=2026-11-10&group_adults=2&no_rooms=1&selected_currency=JPY
2026-11-09,Mon,2026-11-10,Ostay Ikebukuro Dairaku Hotel Apartment,One-Bedroom Apartment,unverified,21582,4515,no,8.9,29,no,no,Booking (review>=8 filter),https://www.booking.com/hotel/jp/ostay-ikebukuro-dairaku-apartment-toshima-city1.html?checkin=2026-11-09&checkout=2026-11-10&group_adults=2&no_rooms=1&selected_currency=JPY
2026-11-09,Mon,2026-11-10,Dormy Inn Ikebukuro - Natural Hot Spring,Late Escape Deal,private,21727,4545,no,8.7,1808,yes,no,Booking (hotel/apartment filter),https://www.booking.com/hotel/jp/domiinchi-dai.html?checkin=2026-11-09&checkout=2026-11-10&group_adults=2&no_rooms=1&selected_currency=JPY
2026-11-09,Mon,2026-11-10,Dormy Inn Ikebukuro - Natural Hot Spring,Late Escape Deal,unverified,21727,4545,no,8.7,1808,yes,no,Booking (review>=8 filter),https://www.booking.com/hotel/jp/domiinchi-dai.html?checkin=2026-11-09&checkout=2026-11-10&group_adults=2&no_rooms=1&selected_currency=JPY
2026-11-09,Mon,2026-11-10,Tokyu Stay Ikebukuro,Moderate double Room - Non Smoking,unverified,21754,4551,no,8.7,1137,no,no,Booking (review>=8 filter),https://www.booking.com/hotel/jp/tokyu-stay-ikebukuro.html?checkin=2026-11-09&checkout=2026-11-10&group_adults=2&no_rooms=1&selected_currency=JPY
2026-11-09,Mon,2026-11-10,"Luce Ikebukuro - Cozy APT Stay in Ikebukuro Tokyo, with Direct Access to Shinjuku & Shibuya",Late Escape Deal,unverified,21768,4554,no,8.1,68,no,no,Booking (review>=8 filter),https://www.booking.com/hotel/jp/lucechi-dai.html?checkin=2026-11-09&checkout=2026-11-10&group_adults=2&no_rooms=1&selected_currency=JPY
2026-11-09,Mon,2026-11-10,Ciel東池袋,New to Booking.com,private,21808,4562,no,8.5,16,no,no,Booking (hotel/apartment filter),https://www.booking.com/hotel/jp/cieldong-chi-dai.html?checkin=2026-11-09&checkout=2026-11-10&group_adults=2&no_rooms=1&selected_currency=JPY
2026-11-09,Mon,2026-11-10,Ciel東池袋,New to Booking.com,unverified,21808,4562,no,8.5,16,no,no,Booking (review>=8 filter),https://www.booking.com/hotel/jp/cieldong-chi-dai.html?checkin=2026-11-09&checkout=2026-11-10&group_adults=2&no_rooms=1&selected_currency=JPY
2026-11-09,Mon,2026-11-10,Ikebukuro Royal Hotel,New to Booking.com,private,21818,4564,no,7.7,3,yes,no,Booking (hotel/apartment filter),https://www.booking.com/hotel/jp/ikebukuroroyalhotel.html?checkin=2026-11-09&checkout=2026-11-10&group_adults=2&no_rooms=1&selected_currency=JPY
2026-11-09,Mon,2026-11-10,DEL style Ikebukuro Higashiguchi by Daiwa Roynet Hotel,Standard Double Room (2 Adults) - Non-Smoking,private,22091,4621,no,8.8,367,yes,no,Booking (hotel/apartment filter),https://www.booking.com/hotel/jp/daiwaroinetutohoteruchi-dai-dong-kou.html?checkin=2026-11-09&checkout=2026-11-10&group_adults=2&no_rooms=1&selected_currency=JPY
2026-11-09,Mon,2026-11-10,AM's 502 Movie 5 min to Ikebukuro 13 min to Shinjuku Station 19 min to Shibuya Station with coworking space,One-Bedroom Apartment,private,22091,4621,no,8.5,4,no,no,Booking (hotel/apartment filter),https://www.booking.com/hotel/jp/ams-502-movie-5-min-to-ikebukuro-13-min-to-shinjuku-station-19-min-to-shibuya-st.html?checkin=2026-11-09&checkout=2026-11-10&group_adults=2&no_rooms=1&selected_currency=JPY
2026-11-09,Mon,2026-11-10,DEL style Ikebukuro Higashiguchi by Daiwa Roynet Hotel,Standard Double Room (2 Adults) - Non-Smoking,unverified,22091,4621,no,8.8,367,yes,no,Booking (review>=8 filter),https://www.booking.com/hotel/jp/daiwaroinetutohoteruchi-dai-dong-kou.html?checkin=2026-11-09&checkout=2026-11-10&group_adults=2&no_rooms=1&selected_currency=JPY
2026-11-09,Mon,2026-11-10,桜の川70-36池袋駅8分钟 1DK套房 max5人房 宽敞安静 ikeburuko,Late Escape Deal,unverified,22909,4793,no,9.0,33,no,no,Booking (review>=8 filter),https://www.booking.com/hotel/jp/chi-dai-yi-8fen-zhong-1dktao-fang-4ren-fang-kuan-chang-an-jing-ikeburuko.html?checkin=2026-11-09&checkout=2026-11-10&group_adults=2&no_rooms=1&selected_currency=JPY
2026-11-09,Mon,2026-11-10,Sakura Bella Ikebukuro,Double Room,unverified,23027,4817,no,8.1,606,yes,no,Booking (review>=8 filter),https://www.booking.com/hotel/jp/bella.html?checkin=2026-11-09&checkout=2026-11-10&group_adults=2&no_rooms=1&selected_currency=JPY
2026-11-09,Mon,2026-11-10,HOTEL VARKIN Ikebukuro Nishiguchi,Deluxe Queen Room,unverified,23269,4868,no,8.3,780,no,no,Booking (review>=8 filter),https://www.booking.com/hotel/jp/varkin-chi-dai-xi-kou.html?checkin=2026-11-09&checkout=2026-11-10&group_adults=2&no_rooms=1&selected_currency=JPY
2026-11-09,Mon,2026-11-10,COCOYO Hotel Otsuka,Economy Twin Room,unverified,23636,4945,no,8.6,440,yes,no,Booking (review>=8 filter),https://www.booking.com/hotel/jp/cocoyo.html?checkin=2026-11-09&checkout=2026-11-10&group_adults=2&no_rooms=1&selected_currency=JPY
2026-11-09,Mon,2026-11-10,Ikebukuro 2Room D3,Two-Bedroom Apartment,unverified,23809,4981,no,8.7,7,no,no,Booking (review>=8 filter),https://www.booking.com/hotel/jp/ikebukuro-2room-d3.html?checkin=2026-11-09&checkout=2026-11-10&group_adults=2&no_rooms=1&selected_currency=JPY
2026-11-09,Mon,2026-11-10,Cosmy-2 IC53,One-Bedroom Apartment,unverified,24075,5036,no,8.1,8,yes,no,Booking (review>=8 filter),https://www.booking.com/hotel/jp/cosmy-2-ic53.html?checkin=2026-11-09&checkout=2026-11-10&group_adults=2&no_rooms=1&selected_currency=JPY
2026-11-09,Mon,2026-11-10,MSTAY池袋one,Three-Bedroom Villa,unverified,24335,5091,no,9.1,7,yes,no,Booking (review>=8 filter),https://www.booking.com/hotel/jp/mstaychi-dai-one.html?checkin=2026-11-09&checkout=2026-11-10&group_adults=2&no_rooms=1&selected_currency=JPY
2026-11-09,Mon,2026-11-10,AM's 502 Movie 5 min to Ikebukuro 13 min to Shinjuku Station 19 min to Shibuya Station with coworking space,One-Bedroom Apartment,unverified,24545,5135,no,8.5,4,no,no,Booking (review>=8 filter),https://www.booking.com/hotel/jp/ams-502-movie-5-min-to-ikebukuro-13-min-to-shinjuku-station-19-min-to-shibuya-st.html?checkin=2026-11-09&checkout=2026-11-10&group_adults=2&no_rooms=1&selected_currency=JPY
2026-11-09,Mon,2026-11-10,池袋大型交通生活便利,Apartment,unverified,25216,5275,no,10.0,2,no,no,Booking (review>=8 filter),https://www.booking.com/hotel/jp/chi-dai-da-xing-jiao-tong-sheng-huo-bian-li.html?checkin=2026-11-09&checkout=2026-11-10&group_adults=2&no_rooms=1&selected_currency=JPY
2026-11-09,Mon,2026-11-10,Sunshine City Prince Hotel Ikebukuro Tokyo,Semi Double Room - Non-Smoking 26-32nd Floor,unverified,25486,5332,no,8.5,3151,yes,no,Booking (review>=8 filter),https://www.booking.com/hotel/jp/sunshine-city-prince.html?checkin=2026-11-09&checkout=2026-11-10&group_adults=2&no_rooms=1&selected_currency=JPY
2026-11-09,Mon,2026-11-10,别墅A棟 池袋商圈 大塚站7分钟 3个房间 交通便利 最大8人 Ikebukuro center 7 mins to ST Max 8P 直达新宿 涉谷 表参道 池袋 上野 代代木 银座 原宿,Three-Bedroom Villa,unverified,25500,5335,no,9.5,4,yes,no,Booking (review>=8 filter),https://www.booking.com/hotel/jp/bie-shu-chi-dai-shang-quan-da-zhong-zhan-7fen-zhong-3ge-fang-jian-jiao-tong-bian.html?checkin=2026-11-09&checkout=2026-11-10&group_adults=2&no_rooms=1&selected_currency=JPY
2026-11-09,Mon,2026-11-10,Rakuyitsu Group Ikebukuro Mizukien 2F 111Tb,Villa,unverified,25748,5386,no,9.1,9,yes,no,Booking (review>=8 filter),https://www.booking.com/hotel/jp/rui-yue-yuan-2-zui-ji-yi-nochi-dai-yi-tu-bu-8fen-xin-su-made1yi-5fen-46m-mujizhi.html?checkin=2026-11-09&checkout=2026-11-10&group_adults=2&no_rooms=1&selected_currency=JPY
2026-11-09,Mon,2026-11-10,BaliAn Resort Forest Ikebukuro,Comfort Double Room - Smoking,unverified,26018,5443,no,9.0,90,yes,no,Booking (review>=8 filter),https://www.booking.com/hotel/jp/hoterubarianrizotohuoresutochi-dai-xi-kou-dian.html?checkin=2026-11-09&checkout=2026-11-10&group_adults=2&no_rooms=1&selected_currency=JPY
2026-11-09,Mon,2026-11-10,Jr山手线大塚站步行1分钟地处商店街的无敌便利,Two-Bedroom Apartment,unverified,26018,5443,no,8.2,18,no,no,Booking (review>=8 filter),https://www.booking.com/hotel/jp/jrshan-shou-xian-da-zhong-zhan-bu-xing-1fen-zhong-di-chu-shang-dian-jie-de-wu-di.html?checkin=2026-11-09&checkout=2026-11-10&group_adults=2&no_rooms=1&selected_currency=JPY
2026-11-09,Mon,2026-11-10,OMO5 Tokyo Otsuka by Hoshino Resorts,YAGURA Room,unverified,26509,5546,no,8.8,1371,no,no,Booking (review>=8 filter),https://www.booking.com/hotel/jp/xing-ye-rizoto-omo5-da-zhong.html?checkin=2026-11-09&checkout=2026-11-10&group_adults=2&no_rooms=1&selected_currency=JPY
2026-11-09,Mon,2026-11-10,池袋4丁目貸切一軒家最大七名,Three-Bedroom Apartment,unverified,27636,5781,no,9.1,6,yes,no,Booking (review>=8 filter),https://www.booking.com/hotel/jp/ikebukuro-walking-distance-family-villa-max-7-people-whole-rental-wi-fi.html?checkin=2026-11-09&checkout=2026-11-10&group_adults=2&no_rooms=1&selected_currency=JPY
2026-11-09,Mon,2026-11-10,Ikebukuro 3-Chome Stay,,unverified,30600,6402,no,10.0,0,no,no,Booking (review>=8 filter),https://www.booking.com/hotel/jp/chi-dai-3ding-mu-stay.html?checkin=2026-11-09&checkout=2026-11-10&group_adults=2&no_rooms=1&selected_currency=JPY
2026-11-09,Mon,2026-11-10,"2 Minutes Walk to Ikebukuro Station, Central Tokyo and Very Convenient",One-Bedroom Apartment,unverified,31091,6504,no,9.6,16,no,no,Booking (review>=8 filter),https://www.booking.com/hotel/jp/2-min-walk-to-ikebukuro-station.html?checkin=2026-11-09&checkout=2026-11-10&group_adults=2&no_rooms=1&selected_currency=JPY
2026-11-09,Mon,2026-11-10,新宿 涉谷 原宿可多线直达 有Wifi 山手线大站池袋车站一戸建,,unverified,31091,6504,no,10.0,0,no,no,Booking (review>=8 filter),https://www.booking.com/hotel/jp/xin-su-she-gu-yuan-su-ke-duo-xian-zhi-da-you-wifi-shan-shou-xian-da-zhan-chi-dai.html?checkin=2026-11-09&checkout=2026-11-10&group_adults=2&no_rooms=1&selected_currency=JPY
2026-11-09,Mon,2026-11-10,悠悠之家 池袋商业区 7分钟步行到池袋车站 3层独栋别墅 全新 3房2厅厨卫齐全 免费车库 奈飞影院,Three-Bedroom Villa,unverified,31818,6656,no,9.5,2,no,no,Booking (review>=8 filter),https://www.booking.com/hotel/jp/you-you-zhi-jia-chi-dai-shang-ye-qu-7fen-zhong-bu-xing-dao-chi-dai-che-zhan-3cen.html?checkin=2026-11-09&checkout=2026-11-10&group_adults=2&no_rooms=1&selected_currency=JPY
2026-11-09,Mon,2026-11-10,SLEEPLAB THE STAY 池袋 -Ikebukuro-,One-Bedroom Family Apartment,unverified,32318,6761,no,8.1,12,no,no,Booking (review>=8 filter),https://www.booking.com/hotel/jp/sleeplab-the-stay-chi-dai-ikebukuro.html?checkin=2026-11-09&checkout=2026-11-10&group_adults=2&no_rooms=1&selected_currency=JPY
2026-11-09,Mon,2026-11-10,Oasis IKEBUKURO,Late Escape Deal,unverified,33840,7079,no,8.0,2,no,no,Booking (review>=8 filter),https://www.booking.com/hotel/jp/oasis-ikebukuro.html?checkin=2026-11-09&checkout=2026-11-10&group_adults=2&no_rooms=1&selected_currency=JPY
2026-11-09,Mon,2026-11-10,Y's INN Ikefukuro 109T,Villa,unverified,34856,7292,no,8.3,3,yes,no,Booking (review>=8 filter),https://www.booking.com/hotel/jp/chi-dai-chi-dai-yi-madetu-bu-11fen-xin-su-shibui-gu-qian-cao-yin-zuo-qiu-xie-yua.html?checkin=2026-11-09&checkout=2026-11-10&group_adults=2&no_rooms=1&selected_currency=JPY
2026-11-09,Mon,2026-11-10,桜の川65 池袋駅C6口 8分 2-10人丨Ikebukuro JR Line C6 Exit 8 minutes 2-10 people,Late Escape Deal,unverified,35636,7455,no,9.5,27,no,no,Booking (review>=8 filter),https://www.booking.com/hotel/jp/ying-nochuan-65-ikebukuro-area.html?checkin=2026-11-09&checkout=2026-11-10&group_adults=2&no_rooms=1&selected_currency=JPY
2026-11-09,Mon,2026-11-10,"9-min walk to Ikebukuro Station, 1-min walk to Kanamecho Station Max 8 guests 70 sqm Free parking Direct access to Shinjuku, Shibuya, Ueno",Two-Bedroom Apartment,unverified,36818,7702,no,8.8,6,no,no,Booking (review>=8 filter),https://www.booking.com/hotel/jp/9-min-walk-to-ikebukuro-station-1-min-walk-to-kanamecho-station-max-8-guests-70.html?checkin=2026-11-09&checkout=2026-11-10&group_adults=2&no_rooms=1&selected_currency=JPY
2026-11-09,Mon,2026-11-10,池袋站步行3分钟 团体6-10人入住,Studio Apartment,unverified,36920,7724,no,9.3,22,no,no,Booking (review>=8 filter),https://www.booking.com/hotel/jp/dong-jing-xing-yun-lu-guan-li-dao-qu-nan-chi-dai-2ding-mu-24fan-3hao.html?checkin=2026-11-09&checkout=2026-11-10&group_adults=2&no_rooms=1&selected_currency=JPY
2026-11-09,Mon,2026-11-10,Hotel Metropolitan Tokyo Ikebukuro,Moderate Queen - Non-Smoking (6F-7F),unverified,38938,8146,no,8.8,3049,yes,no,Booking (review>=8 filter),https://www.booking.com/hotel/jp/metropolitan-tokyo.html?checkin=2026-11-09&checkout=2026-11-10&group_adults=2&no_rooms=1&selected_currency=JPY
2026-11-09,Mon,2026-11-10,ixtupinnenn 020T,,unverified,39273,8216,no,10.0,0,yes,no,Booking (review>=8 filter),https://www.booking.com/hotel/jp/yi-pin-yuan-4ldkhu-jian-108m-riniyuaru-wu-liao-zhu-che-chang-ari-da-xing-wei-she.html?checkin=2026-11-09&checkout=2026-11-10&group_adults=2&no_rooms=1&selected_currency=JPY
2026-11-09,Mon,2026-11-10,"SCD155 Private House for 9 with Rooftop in Ikebukuro, Direct Access to Tokyo's Core Commercial Districts",Villa,unverified,41315,8643,no,8.8,5,yes,no,Booking (review>=8 filter),https://www.booking.com/hotel/jp/spacious-villa-in-ikebukuro-suburbs-direct-access-to-tokyos-core-commercial-dist.html?checkin=2026-11-09&checkout=2026-11-10&group_adults=2&no_rooms=1&selected_currency=JPY
2026-11-09,Mon,2026-11-10,SCD2 Fully Equipped House for 9 in Ikebukuro,Three-Bedroom Villa,unverified,41546,8691,no,8.0,6,yes,no,Booking (review>=8 filter),https://www.booking.com/hotel/jp/ikebukuro-commercial-district-premium-homestay.html?checkin=2026-11-09&checkout=2026-11-10&group_adults=2&no_rooms=1&selected_currency=JPY
2026-11-09,Mon,2026-11-10,MIMARU Tokyo Ikebukuro,Late Escape Deal,unverified,49400,10334,no,9.1,1045,yes,no,Booking (review>=8 filter),https://www.booking.com/hotel/jp/mimarudong-jing-chi-dai.html?checkin=2026-11-09&checkout=2026-11-10&group_adults=2&no_rooms=1&selected_currency=JPY
2026-11-09,Mon,2026-11-10,Ikebukuro 3 Chome,Villa,unverified,55359,11581,no,9.5,2,yes,no,Booking (review>=8 filter),https://www.booking.com/hotel/jp/ikebukuro-3-chome.html?checkin=2026-11-09&checkout=2026-11-10&group_adults=2&no_rooms=1&selected_currency=JPY
2026-11-09,Mon,2026-11-10,hotel hisoca ikebukuro,Deluxe King Room,unverified,55745,11662,no,9.3,327,yes,no,Booking (review>=8 filter),https://www.booking.com/hotel/jp/hisoca.html?checkin=2026-11-09&checkout=2026-11-10&group_adults=2&no_rooms=1&selected_currency=JPY
2026-11-09,Mon,2026-11-10,Felizstay Ikebukuro,New to Booking.com,unverified,56552,11831,no,,0,yes,no,Booking (review>=8 filter),https://www.booking.com/hotel/jp/felizstay-ikebukuro.html?checkin=2026-11-09&checkout=2026-11-10&group_adults=2&no_rooms=1&selected_currency=JPY
2026-11-09,Mon,2026-11-10,こたつたたみハウス,,unverified,57573,12044,no,10.0,0,no,no,Booking (review>=8 filter),https://www.booking.com/hotel/jp/kotatsu-tatami-house.html?checkin=2026-11-09&checkout=2026-11-10&group_adults=2&no_rooms=1&selected_currency=JPY
2026-11-09,Mon,2026-11-10,Corpo Okazaki - Vacation STAY 20516,,unverified,59613,12471,no,8.0,0,yes,no,Booking (review>=8 filter),https://www.booking.com/hotel/jp/corpo-okazaki-vacation-stay-20516.html?checkin=2026-11-09&checkout=2026-11-10&group_adults=2&no_rooms=1&selected_currency=JPY
2026-11-09,Mon,2026-11-10,"A spacious home near Ikebukuro Station on the JR Yamanote Line, the world's third-most-used railway station, just a 5 minute walk from the shopping and entertainment district",,unverified,60282,12611,no,10.0,0,yes,no,Booking (review>=8 filter),https://www.booking.com/hotel/jp/a-spacious-home-near-ikebukuro-station-on-the-jr-yamanote-line-the-worlds-third.html?checkin=2026-11-09&checkout=2026-11-10&group_adults=2&no_rooms=1&selected_currency=JPY
2026-11-09,Mon,2026-11-10,Hotel Bellclassic Tokyo,Suite,unverified,103017,21551,no,8.9,43,yes,no,Booking (review>=8 filter),https://www.booking.com/hotel/jp/bellclassic.html?checkin=2026-11-09&checkout=2026-11-10&group_adults=2&no_rooms=1&selected_currency=JPY
2026-11-09,Mon,2026-11-10,8路線使用可能！アクセス抜群/池袋駅より徒歩5分/最大11名/Wi-Fi完備/まるごと3LDK,Three-Bedroom Apartment,unverified,168035,35153,no,8.6,39,yes,no,Booking (review>=8 filter),https://www.booking.com/hotel/jp/8lu-xian-shi-yong-ke-neng-akusesuba-qun-chi-dai-yi-yoritu-bu-5fen-zui-da-11ming.html?checkin=2026-11-09&checkout=2026-11-10&group_adults=2&no_rooms=1&selected_currency=JPY
2026-11-10,Tue,2026-11-11,Ikebukuro Base,One-Bedroom Apartment,private,6329,1324,yes,6.5,32,no,no,Booking (hotel/apartment filter),https://www.booking.com/hotel/jp/ikebukuro-base.html?checkin=2026-11-10&checkout=2026-11-11&group_adults=2&no_rooms=1&selected_currency=JPY
2026-11-10,Tue,2026-11-11,Urban Nest Otsuka 301 JR OTSUKA STATION,One-Bedroom Apartment,private,7088,1483,yes,8.0,3,no,no,Booking (hotel/apartment filter),https://www.booking.com/hotel/jp/urban-nest-otsuka-301-jr-otsuka-station.html?checkin=2026-11-10&checkout=2026-11-11&group_adults=2&no_rooms=1&selected_currency=JPY
2026-11-10,Tue,2026-11-11,Green Apple Otsuka 201 in JR Otsuka station,,private,7088,1483,yes,,0,no,no,Booking (hotel/apartment filter),https://www.booking.com/hotel/jp/green-apple-otsuka-201-in-jr-otsuka-station.html?checkin=2026-11-10&checkout=2026-11-11&group_adults=2&no_rooms=1&selected_currency=JPY
2026-11-10,Tue,2026-11-11,Urban Nest Otsuka 301 JR OTSUKA STATION,One-Bedroom Apartment,unverified,7088,1483,yes,8.0,3,no,no,Booking (review>=8 filter),https://www.booking.com/hotel/jp/urban-nest-otsuka-301-jr-otsuka-station.html?checkin=2026-11-10&checkout=2026-11-11&group_adults=2&no_rooms=1&selected_currency=JPY
2026-11-10,Tue,2026-11-11,Business Hotel Kankokukan - Vacation STAY 45862v,Apartment,unverified,7374,1543,yes,8.0,12,yes,no,Booking (review>=8 filter),https://www.booking.com/hotel/jp/business-kankokukan-vacation-stay-45862v.html?checkin=2026-11-10&checkout=2026-11-11&group_adults=2&no_rooms=1&selected_currency=JPY
2026-11-10,Tue,2026-11-11,Tabist Hotel Florida Ikebukuro,Double Room - Smoking,private,8000,1674,yes,6.7,161,yes,no,Booking (hotel/apartment filter),https://www.booking.com/hotel/jp/florida-dong-jing.html?checkin=2026-11-10&checkout=2026-11-11&group_adults=2&no_rooms=1&selected_currency=JPY
2026-11-10,Tue,2026-11-11,Tabist Hotel Aurora Ikebukuro,Double Room - Smoking,private,8182,1712,yes,6.7,480,yes,no,Booking (hotel/apartment filter),https://www.booking.com/hotel/jp/hoteruorora.html?checkin=2026-11-10&checkout=2026-11-11&group_adults=2&no_rooms=1&selected_currency=JPY
2026-11-10,Tue,2026-11-11,池袋 4 丁目に位置するHanano Sato Lumiere 新宿 銀座 上野 秋葉原など東京主要観光地へのアクセスが非常に良好です 徒歩圏内に 24 時間コンビニ 銭湯がございます,New to Booking.com,unverified,8240,1724,yes,8.5,2,no,no,Booking (review>=8 filter),https://www.booking.com/hotel/jp/hanano-sato-lumiere.html?checkin=2026-11-10&checkout=2026-11-11&group_adults=2&no_rooms=1&selected_currency=JPY
2026-11-10,Tue,2026-11-11,クオリティハイツ101号室,Studio,private,8364,1750,yes,7.0,11,no,no,Booking (hotel/apartment filter),https://www.booking.com/hotel/jp/kuoriteihaitu101hao-shi.html?checkin=2026-11-10&checkout=2026-11-11&group_adults=2&no_rooms=1&selected_currency=JPY
2026-11-10,Tue,2026-11-11,Hotel Suntargas Otsuka - Vacation STAY 08516v,Studio,private,8455,1769,yes,6.0,2,yes,no,Booking (hotel/apartment filter),https://www.booking.com/hotel/jp/suntargas-otsuka-vacation-stay-08516v.html?checkin=2026-11-10&checkout=2026-11-11&group_adults=2&no_rooms=1&selected_currency=JPY
2026-11-10,Tue,2026-11-11,Hotel Suntargas Otsuka - Vacation STAY 08508v,Studio,private,8455,1769,yes,6.5,2,yes,no,Booking (hotel/apartment filter),https://www.booking.com/hotel/jp/suntargas-otsuka-vacation-stay-08508v.html?checkin=2026-11-10&checkout=2026-11-11&group_adults=2&no_rooms=1&selected_currency=JPY
2026-11-10,Tue,2026-11-11,Hotel Suntargas Otsuka - Vacation STAY 08520v,Studio,private,8455,1769,yes,5.5,2,yes,no,Booking (hotel/apartment filter),https://www.booking.com/hotel/jp/suntargas-otsuka-vacation-stay-08520v.html?checkin=2026-11-10&checkout=2026-11-11&group_adults=2&no_rooms=1&selected_currency=JPY
2026-11-10,Tue,2026-11-11,Very Berry Otsuka 202 JR Otsuka station 6min,,private,8640,1807,yes,,0,no,no,Booking (hotel/apartment filter),https://www.booking.com/hotel/jp/very-berry-otsuka-202-jr-otsuka-station-6min.html?checkin=2026-11-10&checkout=2026-11-11&group_adults=2&no_rooms=1&selected_currency=JPY
2026-11-10,Tue,2026-11-11,クオリティハイツ池袋駅西口至近,One-Bedroom Apartment,private,8782,1837,yes,7.1,39,no,no,Booking (hotel/apartment filter),https://www.booking.com/hotel/jp/kuoriteihaituchi-dai-yi-xi-kou-zhi-jin.html?checkin=2026-11-10&checkout=2026-11-11&group_adults=2&no_rooms=1&selected_currency=JPY
2026-11-10,Tue,2026-11-11,愛の屋ホテル池袋,One-Bedroom Apartment,private,9000,1883,yes,3.6,9,no,no,Booking (hotel/apartment filter),https://www.booking.com/hotel/jp/ai-nowu-hoteruchi-dai.html?checkin=2026-11-10&checkout=2026-11-11&group_adults=2&no_rooms=1&selected_currency=JPY
2026-11-10,Tue,2026-11-11,"7-minute walk from Otsuka Station,Yamanote Line 3-person Shared garden",One-Bedroom Apartment,private,9000,1883,yes,9.2,8,no,no,Booking (hotel/apartment filter),https://www.booking.com/hotel/jp/7-minute-walk-from-otsuka-station.html?checkin=2026-11-10&checkout=2026-11-11&group_adults=2&no_rooms=1&selected_currency=JPY
2026-11-10,Tue,2026-11-11,雲海池袋 101貸切 要町駅徒歩7分 池袋バスまで6分 高速WiFi スマートロック 最大3名,,private,9000,1883,yes,10.0,0,no,no,Booking (hotel/apartment filter),https://www.booking.com/hotel/jp/yun-hai-chi-dai-101dai-qie-yao-ting-yi-tu-bu-7fen-chi-dai-basumade6fen-gao-su-wi.html?checkin=2026-11-10&checkout=2026-11-11&group_adults=2&no_rooms=1&selected_currency=JPY
2026-11-10,Tue,2026-11-11,Otsuka 7 mins one stop to Ikebukuro mansion with garden,One-Bedroom Apartment,private,9000,1883,yes,7.1,6,no,no,Booking (hotel/apartment filter),https://www.booking.com/hotel/jp/otsuka-7-mins.html?checkin=2026-11-10&checkout=2026-11-11&group_adults=2&no_rooms=1&selected_currency=JPY
2026-11-10,Tue,2026-11-11,"7-minute walk from Otsuka Station,Yamanote Line 3-person Shared garden",One-Bedroom Apartment,unverified,9000,1883,yes,9.2,8,no,no,Booking (review>=8 filter),https://www.booking.com/hotel/jp/7-minute-walk-from-otsuka-station.html?checkin=2026-11-10&checkout=2026-11-11&group_adults=2&no_rooms=1&selected_currency=JPY
2026-11-10,Tue,2026-11-11,雲海池袋 101貸切 要町駅徒歩7分 池袋バスまで6分 高速WiFi スマートロック 最大3名,,unverified,9000,1883,yes,10.0,0,no,no,Booking (review>=8 filter),https://www.booking.com/hotel/jp/yun-hai-chi-dai-101dai-qie-yao-ting-yi-tu-bu-7fen-chi-dai-basumade6fen-gao-su-wi.html?checkin=2026-11-10&checkout=2026-11-11&group_adults=2&no_rooms=1&selected_currency=JPY
2026-11-10,Tue,2026-11-11,Green Hill,One-Bedroom Apartment,private,9599,2008,yes,5.1,56,yes,no,Booking (hotel/apartment filter),https://www.booking.com/hotel/jp/green-hill-dong-jing-du.html?checkin=2026-11-10&checkout=2026-11-11&group_adults=2&no_rooms=1&selected_currency=JPY
2026-11-10,Tue,2026-11-11,Toyoko Inn Ikebukuro Kita-guchi No.2,plan price (breakfast included),private,9690,2027,yes,8.2,761,yes,yes,Toyoko Inn official site,https://www.toyoko-inn.com/eng/search/detail/00007/
2026-11-10,Tue,2026-11-11,Ikebukuro Central Hotel,Standard Double Room,private,9818,2054,yes,5.8,225,yes,no,Booking (hotel/apartment filter),https://www.booking.com/hotel/jp/chi-dai-sentoraruhoteru.html?checkin=2026-11-10&checkout=2026-11-11&group_adults=2&no_rooms=1&selected_currency=JPY
2026-11-10,Tue,2026-11-11,Hotel Amethyst,Double Room - Smoking,private,9818,2054,yes,6.4,75,yes,no,Booking (hotel/apartment filter),https://www.booking.com/hotel/jp/hoteru-amezisuto.html?checkin=2026-11-10&checkout=2026-11-11&group_adults=2&no_rooms=1&selected_currency=JPY
2026-11-10,Tue,2026-11-11,愛の屋民泊池袋,One-Bedroom Apartment,private,9818,2054,yes,6.2,45,no,no,Booking (hotel/apartment filter),https://www.booking.com/hotel/jp/ai-nowu-min-bo-chi-dai.html?checkin=2026-11-10&checkout=2026-11-11&group_adults=2&no_rooms=1&selected_currency=JPY
2026-11-10,Tue,2026-11-11,japan house Ikebukuro 2,Standard Double Room,private,9990,2090,yes,8.5,249,no,no,Booking (hotel/apartment filter),https://www.booking.com/hotel/jp/japan-house-ikebukuro-2-toshima-city.html?checkin=2026-11-10&checkout=2026-11-11&group_adults=2&no_rooms=1&selected_currency=JPY
2026-11-10,Tue,2026-11-11,japan house Ikebukuro 2,Standard Double Room,unverified,9990,2090,yes,8.5,249,no,no,Booking (review>=8 filter),https://www.booking.com/hotel/jp/japan-house-ikebukuro-2-toshima-city.html?checkin=2026-11-10&checkout=2026-11-11&group_adults=2&no_rooms=1&selected_currency=JPY
2026-11-10,Tue,2026-11-11,Hotel en ホテル エン-Adult Only-,,unverified,10000,2092,yes,9.0,0,yes,no,Booking (review>=8 filter),https://www.booking.com/hotel/jp/en-hoteruen.html?checkin=2026-11-10&checkout=2026-11-11&group_adults=2&no_rooms=1&selected_currency=JPY
2026-11-10,Tue,2026-11-11,Ikebukuro home 18,Two-Bedroom Apartment,private,10105,2114,yes,6.2,12,no,no,Booking (hotel/apartment filter),https://www.booking.com/hotel/jp/ikebukuro-coze-home.html?checkin=2026-11-10&checkout=2026-11-11&group_adults=2&no_rooms=1&selected_currency=JPY
2026-11-10,Tue,2026-11-11,池袋 Aurora 7,One-Bedroom Apartment,private,10105,2114,yes,7.3,16,no,no,Booking (hotel/apartment filter),https://www.booking.com/hotel/jp/chi-dai-yi-zui-da-6ren-b09.html?checkin=2026-11-10&checkout=2026-11-11&group_adults=2&no_rooms=1&selected_currency=JPY
2026-11-10,Tue,2026-11-11,メリス池袋East 402,One-Bedroom Apartment,private,10162,2126,yes,8.7,16,no,no,Booking (hotel/apartment filter),https://www.booking.com/hotel/jp/merisuchi-dai-east-402.html?checkin=2026-11-10&checkout=2026-11-11&group_adults=2&no_rooms=1&selected_currency=JPY
2026-11-10,Tue,2026-11-11,メリス池袋East 103,,private,10162,2126,yes,,0,no,no,Booking (hotel/apartment filter),https://www.booking.com/hotel/jp/merisuchi-dai-east-103.html?checkin=2026-11-10&checkout=2026-11-11&group_adults=2&no_rooms=1&selected_currency=JPY
2026-11-10,Tue,2026-11-11,メリス池袋East 402,One-Bedroom Apartment,unverified,10162,2126,yes,8.7,16,no,no,Booking (review>=8 filter),https://www.booking.com/hotel/jp/merisuchi-dai-east-402.html?checkin=2026-11-10&checkout=2026-11-11&group_adults=2&no_rooms=1&selected_currency=JPY
2026-11-10,Tue,2026-11-11,Toyoko Inn Ikebukuro Kita-guchi No.2,plan price (breakfast included),private,10200,2134,yes,8.2,761,yes,yes,Toyoko Inn official site,https://www.toyoko-inn.com/eng/search/detail/00007/
2026-11-10,Tue,2026-11-11,Ryoma Ikebukuro male only -Guest House - Vacation STAY 14547v,Holiday Home,private,10275,2150,yes,4.4,18,yes,no,Booking (hotel/apartment filter),https://www.booking.com/hotel/jp/ryoma-ikebukuro-guest-house-vacation-stay-14547v.html?checkin=2026-11-10&checkout=2026-11-11&group_adults=2&no_rooms=1&selected_currency=JPY
2026-11-10,Tue,2026-11-11,Ryoma Ikebukuro female only Guest House Vacation STAY 16032v,Holiday Home,private,10275,2150,yes,5.4,25,yes,no,Booking (hotel/apartment filter),https://www.booking.com/hotel/jp/ryoma-ikebukuro-guest-house-vacation-stay-16032v.html?checkin=2026-11-10&checkout=2026-11-11&group_adults=2&no_rooms=1&selected_currency=JPY
2026-11-10,Tue,2026-11-11,House Ikebukuro,Japanese Style Economy Room,shared,10455,2187,yes,8.4,1381,yes,no,Booking (hotel/apartment filter),https://www.booking.com/hotel/jp/house-ikebukuro.html?checkin=2026-11-10&checkout=2026-11-11&group_adults=2&no_rooms=1&selected_currency=JPY
2026-11-10,Tue,2026-11-11,House Ikebukuro,Japanese Style Economy Room,shared,10455,2187,yes,8.4,1381,yes,no,Booking (review>=8 filter),https://www.booking.com/hotel/jp/house-ikebukuro.html?checkin=2026-11-10&checkout=2026-11-11&group_adults=2&no_rooms=1&selected_currency=JPY
2026-11-10,Tue,2026-11-11,Pure Rest Otsuka 302 JR Otsuka Station,,private,10500,2197,yes,,0,yes,no,Booking (hotel/apartment filter),https://www.booking.com/hotel/jp/pure-rest-otsuka-302-jr-otsuka-station.html?checkin=2026-11-10&checkout=2026-11-11&group_adults=2&no_rooms=1&selected_currency=JPY
2026-11-10,Tue,2026-11-11,Kimi Ryokan,Twin Room,shared,10500,2197,yes,8.3,1035,yes,no,Booking (review>=8 filter),https://www.booking.com/hotel/jp/kimi-ryokan.html?checkin=2026-11-10&checkout=2026-11-11&group_adults=2&no_rooms=1&selected_currency=JPY
2026-11-10,Tue,2026-11-11,Karasawa Hotel,One-Bedroom Apartment,private,10530,2203,yes,6.4,39,no,no,Booking (hotel/apartment filter),https://www.booking.com/hotel/jp/tang-ze-hoteru-karasawa.html?checkin=2026-11-10&checkout=2026-11-11&group_adults=2&no_rooms=1&selected_currency=JPY
2026-11-10,Tue,2026-11-11,Toyoko Inn Tokyo Otsuka-eki Kita-guchi No 1,Double Room - Smoking,private,10595,2216,yes,7.2,65,yes,yes,Booking (hotel/apartment filter),https://www.booking.com/hotel/jp/toyoko-inn-tokyo-otsuka-eki-kita-guchi-no-1-tokyo.html?checkin=2026-11-10&checkout=2026-11-11&group_adults=2&no_rooms=1&selected_currency=JPY
2026-11-10,Tue,2026-11-11,HOTEL PARK SIDE,Standard Double Room,private,10727,2244,yes,7.5,71,yes,no,Booking (hotel/apartment filter),https://www.booking.com/hotel/jp/park-side-dong-jing.html?checkin=2026-11-10&checkout=2026-11-11&group_adults=2&no_rooms=1&selected_currency=JPY
2026-11-10,Tue,2026-11-11,池袋駅徒歩7分 山手線交通便利 設備完備,One-Bedroom Apartment,private,10795,2258,yes,7.7,8,yes,no,Booking (hotel/apartment filter),https://www.booking.com/hotel/jp/chi-dai-yi-tu-bu-7fen-shan-shou-xian-jiao-tong-bian-li-she-bei-wan-bei.html?checkin=2026-11-10&checkout=2026-11-11&group_adults=2&no_rooms=1&selected_currency=JPY
2026-11-10,Tue,2026-11-11,KOKO HOTEL Ikebukuro East,Standard Double Room - Non-Smoking,private,10800,2259,yes,8.4,1366,yes,no,Booking (hotel/apartment filter),https://www.booking.com/hotel/jp/wing-international-ikebukuro.html?checkin=2026-11-10&checkout=2026-11-11&group_adults=2&no_rooms=1&selected_currency=JPY
2026-11-10,Tue,2026-11-11,KOKO HOTEL Ikebukuro East,Standard Double Room - Non-Smoking,unverified,10800,2259,yes,8.4,1366,yes,no,Booking (review>=8 filter),https://www.booking.com/hotel/jp/wing-international-ikebukuro.html?checkin=2026-11-10&checkout=2026-11-11&group_adults=2&no_rooms=1&selected_currency=JPY
2026-11-10,Tue,2026-11-11,Hananogo Ikebukuro - Vacation STAY 16082v,Studio,private,10863,2273,yes,7.0,5,yes,no,Booking (hotel/apartment filter),https://www.booking.com/hotel/jp/hananogo-ikebukuro-vacation-stay-16082v.html?checkin=2026-11-10&checkout=2026-11-11&group_adults=2&no_rooms=1&selected_currency=JPY
2026-11-10,Tue,2026-11-11,Hotel Moana Otsuka (Adult Only),Small Double Room,unverified,10909,2282,yes,8.0,303,yes,no,Booking (review>=8 filter),https://www.booking.com/hotel/jp/hoteru-moana-otsuka.html?checkin=2026-11-10&checkout=2026-11-11&group_adults=2&no_rooms=1&selected_currency=JPY
2026-11-10,Tue,2026-11-11,"BRT203 Cook & Relax, Private Kitchen & Double Bed",One-Bedroom Apartment,private,11008,2303,yes,8.5,4,yes,no,Booking (hotel/apartment filter),https://www.booking.com/hotel/jp/brt203-ikebukuro-station-double-apartment-in-a-busy-business-district-yamanote-l.html?checkin=2026-11-10&checkout=2026-11-11&group_adults=2&no_rooms=1&selected_currency=JPY
2026-11-10,Tue,2026-11-11,"BRT102 Near Ikebukuro, Easy Tokyo Access",,private,11008,2303,yes,8.0,0,yes,no,Booking (hotel/apartment filter),https://www.booking.com/hotel/jp/brt102-apartment-102-for-2-people-direct-access-to-shinjuku-and-shibuya-on-the-y.html?checkin=2026-11-10&checkout=2026-11-11&group_adults=2&no_rooms=1&selected_currency=JPY
2026-11-10,Tue,2026-11-11,"BRT203 Cook & Relax, Private Kitchen & Double Bed",One-Bedroom Apartment,unverified,11008,2303,yes,8.5,4,yes,no,Booking (review>=8 filter),https://www.booking.com/hotel/jp/brt203-ikebukuro-station-double-apartment-in-a-busy-business-district-yamanote-l.html?checkin=2026-11-10&checkout=2026-11-11&group_adults=2&no_rooms=1&selected_currency=JPY
2026-11-10,Tue,2026-11-11,"BRT102 Near Ikebukuro, Easy Tokyo Access",,unverified,11008,2303,yes,8.0,0,yes,no,Booking (review>=8 filter),https://www.booking.com/hotel/jp/brt102-apartment-102-for-2-people-direct-access-to-shinjuku-and-shibuya-on-the-y.html?checkin=2026-11-10&checkout=2026-11-11&group_adults=2&no_rooms=1&selected_currency=JPY
2026-11-10,Tue,2026-11-11,Reimi Mondo703,Two-Bedroom Apartment,private,11160,2335,yes,8.0,3,no,no,Booking (hotel/apartment filter),https://www.booking.com/hotel/jp/reimi-mondo703.html?checkin=2026-11-10&checkout=2026-11-11&group_adults=2&no_rooms=1&selected_currency=JPY
2026-11-10,Tue,2026-11-11,Reimi Mondo703,Two-Bedroom Apartment,unverified,11160,2335,yes,8.0,3,no,no,Booking (review>=8 filter),https://www.booking.com/hotel/jp/reimi-mondo703.html?checkin=2026-11-10&checkout=2026-11-11&group_adults=2&no_rooms=1&selected_currency=JPY
2026-11-10,Tue,2026-11-11,愛の屋ホテル池袋,Studio,private,11181,2339,yes,3.0,3,no,no,Booking (hotel/apartment filter),https://www.booking.com/hotel/jp/ai-nowu-hoteruchi-dai-dong-jing-du.html?checkin=2026-11-10&checkout=2026-11-11&group_adults=2&no_rooms=1&selected_currency=JPY
2026-11-10,Tue,2026-11-11,Toyoko Inn Ikebukuro Kita-guchi No.1,plan price (breakfast included),private,11210,2345,yes,8.2,761,yes,yes,Toyoko Inn official site,https://www.toyoko-inn.com/eng/search/detail/00096/
2026-11-10,Tue,2026-11-11,Toyoko Inn Ikebukuro Kita-guchi No.2,plan price (breakfast included),private,11210,2345,yes,8.2,761,yes,yes,Toyoko Inn official site,https://www.toyoko-inn.com/eng/search/detail/00007/
2026-11-10,Tue,2026-11-11,Frame HIGASHI IKEBUKURO,Double or Twin Room,unverified,11230,2349,yes,8.6,31,no,no,Booking (review>=8 filter),https://www.booking.com/hotel/jp/frame-higashiikebukuro.html?checkin=2026-11-10&checkout=2026-11-11&group_adults=2&no_rooms=1&selected_currency=JPY
2026-11-10,Tue,2026-11-11,雲海301 要町駅徒歩7分 池袋バスまで6分 かわいい部屋 最大4名,,private,11232,2350,yes,,0,no,no,Booking (hotel/apartment filter),https://www.booking.com/hotel/jp/tiikawanojia-yao-ting-yi-tu-bu-7fen-chi-dai-basumade6fen-kawaiibu-wu-zui-da-4min.html?checkin=2026-11-10&checkout=2026-11-11&group_adults=2&no_rooms=1&selected_currency=JPY
2026-11-10,Tue,2026-11-11,Toyoko Inn Tokyo Ikebukuro Kita-guchi No.1,Double Room - Non-Smoking,private,11455,2396,yes,8.2,761,yes,yes,Booking (hotel/apartment filter),https://www.booking.com/hotel/jp/toyoko-inn-tokyo-ikebukuro-kita-guchi-1.html?checkin=2026-11-10&checkout=2026-11-11&group_adults=2&no_rooms=1&selected_currency=JPY
2026-11-10,Tue,2026-11-11,Toyoko Inn Tokyo Ikebukuro Kita guchi No 2,Double Room - Smoking,private,11455,2396,yes,7.9,1845,yes,yes,Booking (hotel/apartment filter),https://www.booking.com/hotel/jp/toyoko-inn-tokyo-ikebukuro-kita-guchi-no-2-tokyo.html?checkin=2026-11-10&checkout=2026-11-11&group_adults=2&no_rooms=1&selected_currency=JPY
2026-11-10,Tue,2026-11-11,Toyoko Inn Tokyo Ikebukuro Kita-guchi No.1,Double Room - Non-Smoking,unverified,11455,2396,yes,8.2,761,yes,yes,Booking (review>=8 filter),https://www.booking.com/hotel/jp/toyoko-inn-tokyo-ikebukuro-kita-guchi-1.html?checkin=2026-11-10&checkout=2026-11-11&group_adults=2&no_rooms=1&selected_currency=JPY
2026-11-10,Tue,2026-11-11,Hotel Resol Ikebukuro,Double Room for 2 adults - Smoking,private,11618,2430,yes,7.9,989,yes,no,Booking (hotel/apartment filter),https://www.booking.com/hotel/jp/resol-ikebukuro.html?checkin=2026-11-10&checkout=2026-11-11&group_adults=2&no_rooms=1&selected_currency=JPY
2026-11-10,Tue,2026-11-11,Hotel Suntargas Otsuka - Vacation STAY 08513v,Studio,private,11636,2434,yes,6.6,19,yes,no,Booking (hotel/apartment filter),https://www.booking.com/hotel/jp/suntargas-otsuka-vacation-stay-08513v.html?checkin=2026-11-10&checkout=2026-11-11&group_adults=2&no_rooms=1&selected_currency=JPY
2026-11-10,Tue,2026-11-11,Hotel Suntargas Otsuka - Vacation STAY 08494v,Studio,private,11636,2434,yes,6.1,19,yes,no,Booking (hotel/apartment filter),https://www.booking.com/hotel/jp/suntargas-otsuka-vacation-stay-08494v.html?checkin=2026-11-10&checkout=2026-11-11&group_adults=2&no_rooms=1&selected_currency=JPY
2026-11-10,Tue,2026-11-11,Hotel Suntargas Otsuka - Vacation STAY 08518v,Studio,private,11636,2434,yes,7.3,4,yes,no,Booking (hotel/apartment filter),https://www.booking.com/hotel/jp/suntargas-otsuka-vacation-stay-08518v.html?checkin=2026-11-10&checkout=2026-11-11&group_adults=2&no_rooms=1&selected_currency=JPY
2026-11-10,Tue,2026-11-11,Garden Otsuka,Late Escape Deal,private,11664,2440,yes,7.0,182,no,no,Booking (hotel/apartment filter),https://www.booking.com/hotel/jp/garden-otsuka-203.html?checkin=2026-11-10&checkout=2026-11-11&group_adults=2&no_rooms=1&selected_currency=JPY
2026-11-10,Tue,2026-11-11,nestay miriz tokyo ikebukuro,Late Escape Deal,unverified,11664,2440,yes,8.4,179,no,no,Booking (review>=8 filter),https://www.booking.com/hotel/jp/nestay-miriz-tokyo-ikebukuro.html?checkin=2026-11-10&checkout=2026-11-11&group_adults=2&no_rooms=1&selected_currency=JPY
2026-11-10,Tue,2026-11-11,Toyoko Inn Ikebukuro Kita-guchi No.1,plan price (breakfast included),private,11800,2469,yes,8.2,761,yes,yes,Toyoko Inn official site,https://www.toyoko-inn.com/eng/search/detail/00096/
2026-11-10,Tue,2026-11-11,Toyoko Inn Ikebukuro Kita-guchi No.2,plan price (breakfast included),private,11800,2469,yes,8.2,761,yes,yes,Toyoko Inn official site,https://www.toyoko-inn.com/eng/search/detail/00007/
2026-11-10,Tue,2026-11-11,"Ikebukuro 8 min walk, Kanamecho 6 min walk, 25sqm room, 3 guests, Direct access to Shinjuku, Shibuya, Tokyo, Ueno, 3 single beds",One-Bedroom Apartment,private,11861,2481,yes,7.4,5,yes,no,Booking (hotel/apartment filter),https://www.booking.com/hotel/jp/304-8-min-walk-to-ikebukuro-6-min-walk-to-kanamecho-station25m-max-2-people-dire.html?checkin=2026-11-10&checkout=2026-11-11&group_adults=2&no_rooms=1&selected_currency=JPY
2026-11-10,Tue,2026-11-11,"Ikebukuro 8 min walk, Kanamecho 6 min walk, 25sqm room, 2 guests, Direct access to Shinjuku, Shibuya, Tokyo, Ueno, 2 single beds",,private,11861,2481,yes,1.0,0,yes,no,Booking (hotel/apartment filter),https://www.booking.com/hotel/jp/103-8-min-walk-to-ikebukuro-6-min-walk-to-kanamecho-station25m-max-2-people-dire.html?checkin=2026-11-10&checkout=2026-11-11&group_adults=2&no_rooms=1&selected_currency=JPY
2026-11-10,Tue,2026-11-11,池袋 Bodo House 9 A5,One-Bedroom Apartment,private,11905,2491,yes,6.9,36,no,no,Booking (hotel/apartment filter),https://www.booking.com/hotel/jp/chi-dai-bodo-house-9.html?checkin=2026-11-10&checkout=2026-11-11&group_adults=2&no_rooms=1&selected_currency=JPY
2026-11-10,Tue,2026-11-11,Toyoko Inn Tokyo Yamanote sen Otsuka eki Kita guchi No 2,Queen Room - Smoking,private,11932,2496,yes,8.1,384,yes,yes,Booking (hotel/apartment filter),https://www.booking.com/hotel/jp/toyoko-inn-tokyo-yamanote-sen-otsuka-eki-kita-guchi-no-2.html?checkin=2026-11-10&checkout=2026-11-11&group_adults=2&no_rooms=1&selected_currency=JPY
2026-11-10,Tue,2026-11-11,Toyoko Inn Tokyo Yamanote sen Otsuka eki Kita guchi No 2,Queen Room - Smoking,unverified,11932,2496,yes,8.1,384,yes,yes,Booking (review>=8 filter),https://www.booking.com/hotel/jp/toyoko-inn-tokyo-yamanote-sen-otsuka-eki-kita-guchi-no-2.html?checkin=2026-11-10&checkout=2026-11-11&group_adults=2&no_rooms=1&selected_currency=JPY
2026-11-10,Tue,2026-11-11,nestay suite tokyo ikebukuro,One-Bedroom Apartment,private,12034,2518,yes,7.5,68,no,no,Booking (hotel/apartment filter),https://www.booking.com/hotel/jp/nestay-suite-tokyo-ikebukuro.html?checkin=2026-11-10&checkout=2026-11-11&group_adults=2&no_rooms=1&selected_currency=JPY
2026-11-10,Tue,2026-11-11,"BRT302 Twin Room, Ideal for Friends in Tokyo",One-Bedroom Apartment,private,12231,2559,yes,7.5,2,yes,no,Booking (hotel/apartment filter),https://www.booking.com/hotel/jp/brt302-ikebukuro-station-double-apartment-yamanote-line-direct-access-to-shinjuk.html?checkin=2026-11-10&checkout=2026-11-11&group_adults=2&no_rooms=1&selected_currency=JPY
2026-11-10,Tue,2026-11-11,"BRT202 Tokyo City Base, Double Room for Two",,private,12231,2559,yes,1.0,0,yes,no,Booking (hotel/apartment filter),https://www.booking.com/hotel/jp/brt202-ikebukuro-station-apartment-for-2-people-direct-access-to-shinjuku-and-sh.html?checkin=2026-11-10&checkout=2026-11-11&group_adults=2&no_rooms=1&selected_currency=JPY
2026-11-10,Tue,2026-11-11,RENTO Ikebukuro 101,Double Room,unverified,12273,2568,yes,9.8,4,no,no,Booking (review>=8 filter),https://www.booking.com/hotel/jp/rent-ikebukuro.html?checkin=2026-11-10&checkout=2026-11-11&group_adults=2&no_rooms=1&selected_currency=JPY
2026-11-10,Tue,2026-11-11,Ikebukuro Center# Ikebukuro 5min walk#池袋中心地带# 池袋车站步行5分#无限制wifi#306,,private,12379,2590,yes,9.0,0,no,no,Booking (hotel/apartment filter),https://www.booking.com/hotel/jp/ikebukuro-center-ikebukuro-5min-walk-chi-dai-zhong-xin-di-dai-chi-d-toshima-cit2.html?checkin=2026-11-10&checkout=2026-11-11&group_adults=2&no_rooms=1&selected_currency=JPY
2026-11-10,Tue,2026-11-11,Ikebukuro Center# Ikebukuro 5min walk#池袋中心地带# 池袋车站步行5分#无限制wifi#306,,unverified,12379,2590,yes,9.0,0,no,no,Booking (review>=8 filter),https://www.booking.com/hotel/jp/ikebukuro-center-ikebukuro-5min-walk-chi-dai-zhong-xin-di-dai-chi-d-toshima-cit2.html?checkin=2026-11-10&checkout=2026-11-11&group_adults=2&no_rooms=1&selected_currency=JPY
2026-11-10,Tue,2026-11-11,ARM ikebukuro,One-Bedroom Apartment,private,12386,2591,yes,8.2,45,yes,no,Booking (hotel/apartment filter),https://www.booking.com/hotel/jp/arm-ikebukuro.html?checkin=2026-11-10&checkout=2026-11-11&group_adults=2&no_rooms=1&selected_currency=JPY
2026-11-10,Tue,2026-11-11,Laurea Tower Ikebukuro,One-Bedroom Apartment,private,12386,2591,yes,7.5,266,yes,no,Booking (hotel/apartment filter),https://www.booking.com/hotel/jp/laurea-tower-ikebukuro.html?checkin=2026-11-10&checkout=2026-11-11&group_adults=2&no_rooms=1&selected_currency=JPY
2026-11-10,Tue,2026-11-11,ARM ikebukuro,One-Bedroom Apartment,unverified,12386,2591,yes,8.2,45,yes,no,Booking (review>=8 filter),https://www.booking.com/hotel/jp/arm-ikebukuro.html?checkin=2026-11-10&checkout=2026-11-11&group_adults=2&no_rooms=1&selected_currency=JPY
2026-11-10,Tue,2026-11-11,Terrace Tokyo Otsuka North,Late Escape Deal,private,12436,2602,yes,8.3,41,no,no,Booking (hotel/apartment filter),https://www.booking.com/hotel/jp/terrace-tokyo-otsuka-north.html?checkin=2026-11-10&checkout=2026-11-11&group_adults=2&no_rooms=1&selected_currency=JPY
2026-11-10,Tue,2026-11-11,Terrace Tokyo Otsuka North,Late Escape Deal,unverified,12436,2602,yes,8.3,41,no,no,Booking (review>=8 filter),https://www.booking.com/hotel/jp/terrace-tokyo-otsuka-north.html?checkin=2026-11-10&checkout=2026-11-11&group_adults=2&no_rooms=1&selected_currency=JPY
2026-11-10,Tue,2026-11-11,3-20-9 - Vacation STAY 92310v,,private,12475,2610,yes,,0,yes,no,Booking (hotel/apartment filter),https://www.booking.com/hotel/jp/3-20-9-vacation-stay-92310v.html?checkin=2026-11-10&checkout=2026-11-11&group_adults=2&no_rooms=1&selected_currency=JPY
2026-11-10,Tue,2026-11-11,ジェミニス池袋303,One-Bedroom Apartment,private,12600,2636,yes,8.5,2,yes,no,Booking (hotel/apartment filter),https://www.booking.com/hotel/jp/zieminisuchi-dai-303.html?checkin=2026-11-10&checkout=2026-11-11&group_adults=2&no_rooms=1&selected_currency=JPY
2026-11-10,Tue,2026-11-11,ジェミニス池袋303,One-Bedroom Apartment,unverified,12600,2636,yes,8.5,2,yes,no,Booking (review>=8 filter),https://www.booking.com/hotel/jp/zieminisuchi-dai-303.html?checkin=2026-11-10&checkout=2026-11-11&group_adults=2&no_rooms=1&selected_currency=JPY
2026-11-10,Tue,2026-11-11,Otsuka Town Hotel,Double Room - Non-Smoking,private,12727,2662,yes,6.9,23,yes,no,Booking (hotel/apartment filter),https://www.booking.com/hotel/jp/6102447.html?checkin=2026-11-10&checkout=2026-11-11&group_adults=2&no_rooms=1&selected_currency=JPY
2026-11-10,Tue,2026-11-11,"Ikebukuro 8 min walk, Kanamecho 6 min walk, 25sqm room, 2 guests, Direct access to Shinjuku, Shibuya, Tokyo, Ueno, 1 double bed",One-Bedroom Apartment,private,12807,2679,yes,6.7,15,yes,no,Booking (hotel/apartment filter),https://www.booking.com/hotel/jp/8-min-walk-to-ikebukuro-6-min-walk-to-yanagibashi-station25m-max-2-people-direct.html?checkin=2026-11-10&checkout=2026-11-11&group_adults=2&no_rooms=1&selected_currency=JPY
2026-11-10,Tue,2026-11-11,池袋レトロなホテル,Superior Double Room,private,12818,2682,yes,7.8,138,yes,no,Booking (hotel/apartment filter),https://www.booking.com/hotel/jp/aroma-plus.html?checkin=2026-11-10&checkout=2026-11-11&group_adults=2&no_rooms=1&selected_currency=JPY
2026-11-10,Tue,2026-11-11,IKEBUKURO MANGA HOUSE,One-Bedroom Apartment,private,12820,2682,yes,7.8,169,yes,no,Booking (hotel/apartment filter),https://www.booking.com/hotel/jp/ikebukuro-manga-house.html?checkin=2026-11-10&checkout=2026-11-11&group_adults=2&no_rooms=1&selected_currency=JPY
2026-11-10,Tue,2026-11-11,Verde Ikebukuro,One-Bedroom Apartment,private,12844,2687,yes,7.8,60,yes,no,Booking (hotel/apartment filter),https://www.booking.com/hotel/jp/verde-ikebukuro.html?checkin=2026-11-10&checkout=2026-11-11&group_adults=2&no_rooms=1&selected_currency=JPY
2026-11-10,Tue,2026-11-11,Hotel Route-Inn Tokyo Ikebukuro,Double Room with Small Double Bed - Smoking,private,12909,2701,yes,7.9,344,yes,yes,Booking (hotel/apartment filter),https://www.booking.com/hotel/jp/ark-hotel-tokyo.html?checkin=2026-11-10&checkout=2026-11-11&group_adults=2&no_rooms=1&selected_currency=JPY
2026-11-10,Tue,2026-11-11,Toshima-ku - House - Vacation STAY 17454,,private,12999,2719,yes,,0,yes,no,Booking (hotel/apartment filter),https://www.booking.com/hotel/jp/toshima-ku-house-vacation-stay-17454.html?checkin=2026-11-10&checkout=2026-11-11&group_adults=2&no_rooms=1&selected_currency=JPY
2026-11-10,Tue,2026-11-11,ARstay IKEBUKURO TOKYO,,unverified,13019,2724,yes,8.0,0,yes,no,Booking (review>=8 filter),https://www.booking.com/hotel/jp/arstay-ikebukuro-li-dao-qu.html?checkin=2026-11-10&checkout=2026-11-11&group_adults=2&no_rooms=1&selected_currency=JPY
2026-11-10,Tue,2026-11-11,HOTEL CHECK INN BALI adult only,Economy Double Room,private,13091,2739,yes,7.2,316,yes,no,Booking (hotel/apartment filter),https://www.booking.com/hotel/jp/check-inn-bali.html?checkin=2026-11-10&checkout=2026-11-11&group_adults=2&no_rooms=1&selected_currency=JPY
2026-11-10,Tue,2026-11-11,Toyoko Inn Ikebukuro Kita-guchi No.1,plan price (breakfast included),private,13110,2743,yes,8.2,761,yes,yes,Toyoko Inn official site,https://www.toyoko-inn.com/eng/search/detail/00096/
2026-11-10,Tue,2026-11-11,Toyoko Inn Ikebukuro Kita-guchi No.2,plan price (breakfast included),private,13110,2743,yes,8.2,761,yes,yes,Toyoko Inn official site,https://www.toyoko-inn.com/eng/search/detail/00007/
2026-11-10,Tue,2026-11-11,GrAce Room IKEBUKURO,Apartment,private,13274,2777,yes,6.4,5,yes,no,Booking (hotel/apartment filter),https://www.booking.com/hotel/jp/at-ikebukuro-no5.html?checkin=2026-11-10&checkout=2026-11-11&group_adults=2&no_rooms=1&selected_currency=JPY
2026-11-10,Tue,2026-11-11,HOTEL MYSTAYS Higashi Ikebukuro,Superior Semi Double - Non-Smoking - House Keeping is Optional with Additional Cost,private,13327,2788,yes,8.3,1699,yes,no,Booking (hotel/apartment filter),https://www.booking.com/hotel/jp/flexstay-higashi-ikebukuro-inn.html?checkin=2026-11-10&checkout=2026-11-11&group_adults=2&no_rooms=1&selected_currency=JPY
2026-11-10,Tue,2026-11-11,HOTEL MYSTAYS Higashi Ikebukuro,Superior Semi Double - Non-Smoking - House Keeping is Optional with Additional Cost,unverified,13327,2788,yes,8.3,1699,yes,no,Booking (review>=8 filter),https://www.booking.com/hotel/jp/flexstay-higashi-ikebukuro-inn.html?checkin=2026-11-10&checkout=2026-11-11&group_adults=2&no_rooms=1&selected_currency=JPY
2026-11-10,Tue,2026-11-11,Garden Otsuka 302,One-Bedroom Apartment,private,13346,2792,yes,8.2,42,yes,no,Booking (hotel/apartment filter),https://www.booking.com/hotel/jp/garden-otsuka-gadenda-zhong-hoteru.html?checkin=2026-11-10&checkout=2026-11-11&group_adults=2&no_rooms=1&selected_currency=JPY
2026-11-10,Tue,2026-11-11,Garden Otsuka 302,One-Bedroom Apartment,unverified,13346,2792,yes,8.2,42,yes,no,Booking (review>=8 filter),https://www.booking.com/hotel/jp/garden-otsuka-gadenda-zhong-hoteru.html?checkin=2026-11-10&checkout=2026-11-11&group_adults=2&no_rooms=1&selected_currency=JPY
2026-11-10,Tue,2026-11-11,KOKO HOTEL Ikebukuro,Small Double Room - Non-Smoking,private,13442,2812,no,8.6,1616,yes,no,Booking (hotel/apartment filter),https://www.booking.com/hotel/jp/wing-international-select-ikebukuro.html?checkin=2026-11-10&checkout=2026-11-11&group_adults=2&no_rooms=1&selected_currency=JPY
2026-11-10,Tue,2026-11-11,KOKO HOTEL Ikebukuro,Small Double Room - Non-Smoking,unverified,13442,2812,no,8.6,1616,yes,no,Booking (review>=8 filter),https://www.booking.com/hotel/jp/wing-international-select-ikebukuro.html?checkin=2026-11-10&checkout=2026-11-11&group_adults=2&no_rooms=1&selected_currency=JPY
2026-11-10,Tue,2026-11-11,HOTEL PAL Otsuka -Adult Only-,Standard Double Room (Check-in after 19:00),unverified,13455,2815,no,9.2,97,yes,no,Booking (review>=8 filter),https://www.booking.com/hotel/jp/pal.html?checkin=2026-11-10&checkout=2026-11-11&group_adults=2&no_rooms=1&selected_currency=JPY
2026-11-10,Tue,2026-11-11,Ikebukuro Warmハウス306,One-Bedroom Apartment,private,13492,2823,no,8.9,17,no,no,Booking (hotel/apartment filter),https://www.booking.com/hotel/jp/ikebukuro-warmhausu306.html?checkin=2026-11-10&checkout=2026-11-11&group_adults=2&no_rooms=1&selected_currency=JPY
2026-11-10,Tue,2026-11-11,Ikebukuro Warmハウス306,One-Bedroom Apartment,unverified,13492,2823,no,8.9,17,no,no,Booking (review>=8 filter),https://www.booking.com/hotel/jp/ikebukuro-warmhausu306.html?checkin=2026-11-10&checkout=2026-11-11&group_adults=2&no_rooms=1&selected_currency=JPY
2026-11-10,Tue,2026-11-11,The underz suite residence Ikebukuro by Tranova,One-Bedroom Apartment,private,13516,2828,no,7.9,22,yes,no,Booking (hotel/apartment filter),https://www.booking.com/hotel/jp/the-underz-suite-residence-ikebukuro.html?checkin=2026-11-10&checkout=2026-11-11&group_adults=2&no_rooms=1&selected_currency=JPY
2026-11-10,Tue,2026-11-11,Hananogo Ikebukuro - Vacation STAY 16116v,,private,13625,2850,no,1.0,0,yes,no,Booking (hotel/apartment filter),https://www.booking.com/hotel/jp/hananogo-ikebukuro-vacation-stay-16116v.html?checkin=2026-11-10&checkout=2026-11-11&group_adults=2&no_rooms=1&selected_currency=JPY
2026-11-10,Tue,2026-11-11,Kaku Studio Apartment Ikebukuro,Studio,private,13636,2853,no,9.0,246,yes,no,Booking (hotel/apartment filter),https://www.booking.com/hotel/jp/ikebukuro-dong-jing-du.html?checkin=2026-11-10&checkout=2026-11-11&group_adults=2&no_rooms=1&selected_currency=JPY
2026-11-10,Tue,2026-11-11,Hotel Suntargas Otsuka,Single Room -Smoking,private,13636,2853,no,7.6,128,yes,no,Booking (hotel/apartment filter),https://www.booking.com/hotel/jp/suntargas-otsuka.html?checkin=2026-11-10&checkout=2026-11-11&group_adults=2&no_rooms=1&selected_currency=JPY
2026-11-10,Tue,2026-11-11,Kaku Studio Apartment Ikebukuro,Studio,unverified,13636,2853,no,9.0,246,yes,no,Booking (review>=8 filter),https://www.booking.com/hotel/jp/ikebukuro-dong-jing-du.html?checkin=2026-11-10&checkout=2026-11-11&group_adults=2&no_rooms=1&selected_currency=JPY
2026-11-10,Tue,2026-11-11,japan house Otsuka,One-Bedroom Apartment,private,13705,2867,no,9.0,141,no,no,Booking (hotel/apartment filter),https://www.booking.com/hotel/jp/japan-house-otsuka.html?checkin=2026-11-10&checkout=2026-11-11&group_adults=2&no_rooms=1&selected_currency=JPY
2026-11-10,Tue,2026-11-11,japan house Otsuka,One-Bedroom Apartment,unverified,13705,2867,no,9.0,141,no,no,Booking (review>=8 filter),https://www.booking.com/hotel/jp/japan-house-otsuka.html?checkin=2026-11-10&checkout=2026-11-11&group_adults=2&no_rooms=1&selected_currency=JPY
2026-11-10,Tue,2026-11-11,Toyoko Inn Ikebukuro Kita-guchi No.1,plan price (breakfast included),private,13800,2887,no,8.2,761,yes,yes,Toyoko Inn official site,https://www.toyoko-inn.com/eng/search/detail/00096/
2026-11-10,Tue,2026-11-11,Toyoko Inn Ikebukuro Kita-guchi No.2,plan price (breakfast included),private,13800,2887,no,8.2,761,yes,yes,Toyoko Inn official site,https://www.toyoko-inn.com/eng/search/detail/00007/
2026-11-10,Tue,2026-11-11,jr山手线大塚站步行2分钟公寓,,private,13909,2910,no,,0,yes,no,Booking (hotel/apartment filter),https://www.booking.com/hotel/jp/jrshan-shou-xian-da-zhong-zhan-bu-xing-2fen-zhong-gong-yu.html?checkin=2026-11-10&checkout=2026-11-11&group_adults=2&no_rooms=1&selected_currency=JPY
2026-11-10,Tue,2026-11-11,Ikebukuro 8min walk#kebukuro center#Living room#bidet toilet#池袋中心#池袋车站步行8分钟#有客厅#卧室#智能马桶#干湿分离202,,private,13909,2910,no,,0,no,no,Booking (hotel/apartment filter),https://www.booking.com/hotel/jp/chi-dai-zhong-xin-chi-dai-che-zhan-bu-xing-7fen-zhong-ke-ting-wo-shi-zhi-neng-ma.html?checkin=2026-11-10&checkout=2026-11-11&group_adults=2&no_rooms=1&selected_currency=JPY
2026-11-10,Tue,2026-11-11,Garden Otsuka,One-Bedroom Apartment,private,13934,2915,no,7.9,69,yes,no,Booking (hotel/apartment filter),https://www.booking.com/hotel/jp/garden-otsuka.html?checkin=2026-11-10&checkout=2026-11-11&group_adults=2&no_rooms=1&selected_currency=JPY
2026-11-10,Tue,2026-11-11,桜の川 池袋駅7分 2-4人丨7 minutes from Ikebukuro Station 2-4 people,Late Escape Deal,unverified,14051,2939,no,8.2,46,no,no,Booking (review>=8 filter),https://www.booking.com/hotel/jp/ikebukuro-8min-modern-stay.html?checkin=2026-11-10&checkout=2026-11-11&group_adults=2&no_rooms=1&selected_currency=JPY
2026-11-10,Tue,2026-11-11,NEST BASE Ikebukuro 302,Apartment,private,14115,2953,no,7.6,5,yes,no,Booking (hotel/apartment filter),https://www.booking.com/hotel/jp/kopogang-qi-302.html?checkin=2026-11-10&checkout=2026-11-11&group_adults=2&no_rooms=1&selected_currency=JPY
2026-11-10,Tue,2026-11-11,池袋 Energy CA0 a9,One-Bedroom Apartment,private,14285,2988,no,7.4,19,no,no,Booking (hotel/apartment filter),https://www.booking.com/hotel/jp/chi-dai-energy-ca0-a9.html?checkin=2026-11-10&checkout=2026-11-11&group_adults=2&no_rooms=1&selected_currency=JPY
2026-11-10,Tue,2026-11-11,Ikebukuro IVY House Ao6,One-Bedroom Apartment,private,14285,2988,no,6.3,17,no,no,Booking (hotel/apartment filter),https://www.booking.com/hotel/jp/ikebukuro-ivy-house-ao6.html?checkin=2026-11-10&checkout=2026-11-11&group_adults=2&no_rooms=1&selected_currency=JPY
2026-11-10,Tue,2026-11-11,Ikebukuro Cozy ハウス5,One-Bedroom Apartment,private,14285,2988,no,6.7,13,no,no,Booking (hotel/apartment filter),https://www.booking.com/hotel/jp/ikebukuro-cozy-hausu5.html?checkin=2026-11-10&checkout=2026-11-11&group_adults=2&no_rooms=1&selected_currency=JPY
2026-11-10,Tue,2026-11-11,Asta Hotel,Double Room,private,14352,3002,no,7.9,754,yes,no,Booking (hotel/apartment filter),https://www.booking.com/hotel/jp/asutahoteru.html?checkin=2026-11-10&checkout=2026-11-11&group_adults=2&no_rooms=1&selected_currency=JPY
2026-11-10,Tue,2026-11-11,ASTA HOTEL - Vacation STAY 87220v,,private,14362,3005,no,,0,yes,no,Booking (hotel/apartment filter),https://www.booking.com/hotel/jp/asta-vacation-stay-87220v.html?checkin=2026-11-10&checkout=2026-11-11&group_adults=2&no_rooms=1&selected_currency=JPY
2026-11-10,Tue,2026-11-11,ASTA HOTEL - Vacation STAY 87206v,,private,14362,3005,no,,0,yes,no,Booking (hotel/apartment filter),https://www.booking.com/hotel/jp/asta-vacation-stay-87206v.html?checkin=2026-11-10&checkout=2026-11-11&group_adults=2&no_rooms=1&selected_currency=JPY
2026-11-10,Tue,2026-11-11,Reimi Mondo701,Two-Bedroom Apartment,private,14545,3043,no,8.0,2,no,no,Booking (hotel/apartment filter),https://www.booking.com/hotel/jp/reimi-mondo-701.html?checkin=2026-11-10&checkout=2026-11-11&group_adults=2&no_rooms=1&selected_currency=JPY
2026-11-10,Tue,2026-11-11,Reimi Mondo701,Two-Bedroom Apartment,unverified,14545,3043,no,8.0,2,no,no,Booking (review>=8 filter),https://www.booking.com/hotel/jp/reimi-mondo-701.html?checkin=2026-11-10&checkout=2026-11-11&group_adults=2&no_rooms=1&selected_currency=JPY
2026-11-10,Tue,2026-11-11,NEST BASE Ikebukuro 301,,private,14574,3049,no,7.0,0,yes,no,Booking (hotel/apartment filter),https://www.booking.com/hotel/jp/kopogang-qi-301.html?checkin=2026-11-10&checkout=2026-11-11&group_adults=2&no_rooms=1&selected_currency=JPY
2026-11-10,Tue,2026-11-11,Super Hotel Ikebukuro-Eki Kitaguchi,Double Room with Small Double Bed,private,14627,3060,no,8.2,841,no,no,Booking (hotel/apartment filter),https://www.booking.com/hotel/jp/super-hotel-inn-ikebukuroeki-kitaguchi.html?checkin=2026-11-10&checkout=2026-11-11&group_adults=2&no_rooms=1&selected_currency=JPY
2026-11-10,Tue,2026-11-11,Super Hotel Ikebukuro-Eki Kitaguchi,Double Room with Small Double Bed,unverified,14627,3060,no,8.2,841,no,no,Booking (review>=8 filter),https://www.booking.com/hotel/jp/super-hotel-inn-ikebukuroeki-kitaguchi.html?checkin=2026-11-10&checkout=2026-11-11&group_adults=2&no_rooms=1&selected_currency=JPY
2026-11-10,Tue,2026-11-11,NEST BASE Ikebukuro 202,,private,14735,3083,no,,0,yes,no,Booking (hotel/apartment filter),https://www.booking.com/hotel/jp/nest-base-ikebukuro-202.html?checkin=2026-11-10&checkout=2026-11-11&group_adults=2&no_rooms=1&selected_currency=JPY
2026-11-10,Tue,2026-11-11,NEST BASE Ikebukuro 201,,private,14735,3083,no,,0,yes,no,Booking (hotel/apartment filter),https://www.booking.com/hotel/jp/nest-base-ikebukuro-201.html?checkin=2026-11-10&checkout=2026-11-11&group_adults=2&no_rooms=1&selected_currency=JPY
2026-11-10,Tue,2026-11-11,Laluna Higashiikebukuro,One-Bedroom Apartment,unverified,14862,3109,no,8.1,85,yes,no,Booking (review>=8 filter),https://www.booking.com/hotel/jp/laluna-higashiikebukuro-dong-jing-du.html?checkin=2026-11-10&checkout=2026-11-11&group_adults=2&no_rooms=1&selected_currency=JPY
2026-11-10,Tue,2026-11-11,Washington R&B Hotel Otsuka Eki Kitaguchi,Double Room with Small Double Bed - Non-Smoking,private,14932,3124,no,8.2,953,yes,no,Booking (hotel/apartment filter),https://www.booking.com/hotel/jp/r-and-b-otsukaeki-kitaguchi.html?checkin=2026-11-10&checkout=2026-11-11&group_adults=2&no_rooms=1&selected_currency=JPY
2026-11-10,Tue,2026-11-11,Washington R&B Hotel Otsuka Eki Kitaguchi,Double Room with Small Double Bed - Non-Smoking,unverified,14932,3124,no,8.2,953,yes,no,Booking (review>=8 filter),https://www.booking.com/hotel/jp/r-and-b-otsukaeki-kitaguchi.html?checkin=2026-11-10&checkout=2026-11-11&group_adults=2&no_rooms=1&selected_currency=JPY
2026-11-10,Tue,2026-11-11,タスキスマート池袋一号館Tasuki Smart Ikebukuro1,Apartment,private,15068,3152,no,8.7,186,no,no,Booking (hotel/apartment filter),https://www.booking.com/hotel/jp/japan-house-ikebukuro-1.html?checkin=2026-11-10&checkout=2026-11-11&group_adults=2&no_rooms=1&selected_currency=JPY
2026-11-10,Tue,2026-11-11,タスキスマート池袋一号館Tasuki Smart Ikebukuro1,Apartment,unverified,15068,3152,no,8.7,186,no,no,Booking (review>=8 filter),https://www.booking.com/hotel/jp/japan-house-ikebukuro-1.html?checkin=2026-11-10&checkout=2026-11-11&group_adults=2&no_rooms=1&selected_currency=JPY
2026-11-10,Tue,2026-11-11,Swan Park Ikebukuro,One-Bedroom Apartment,private,15309,3203,no,8.2,33,no,no,Booking (hotel/apartment filter),https://www.booking.com/hotel/jp/suwanpakuchi-dai.html?checkin=2026-11-10&checkout=2026-11-11&group_adults=2&no_rooms=1&selected_currency=JPY
2026-11-10,Tue,2026-11-11,Swan Park Ikebukuro,One-Bedroom Apartment,unverified,15309,3203,no,8.2,33,no,no,Booking (review>=8 filter),https://www.booking.com/hotel/jp/suwanpakuchi-dai.html?checkin=2026-11-10&checkout=2026-11-11&group_adults=2&no_rooms=1&selected_currency=JPY
2026-11-10,Tue,2026-11-11,R&B Hotel Otsuka Eki Kitaguchi - Vacation STAY 40487v,,private,15467,3236,no,5.0,0,yes,no,Booking (hotel/apartment filter),https://www.booking.com/hotel/jp/r-b-otsuka-eki-kitaguchi-vacation-stay-40487v.html?checkin=2026-11-10&checkout=2026-11-11&group_adults=2&no_rooms=1&selected_currency=JPY
2026-11-10,Tue,2026-11-11,Maison Highway Ikebukuro,One-Bedroom Apartment,private,15482,3239,no,9.0,5,yes,no,Booking (hotel/apartment filter),https://www.booking.com/hotel/jp/maison-highway-ikebukuro.html?checkin=2026-11-10&checkout=2026-11-11&group_adults=2&no_rooms=1&selected_currency=JPY
2026-11-10,Tue,2026-11-11,Maison Highway Ikebukuro,One-Bedroom Apartment,unverified,15482,3239,no,9.0,5,yes,no,Booking (review>=8 filter),https://www.booking.com/hotel/jp/maison-highway-ikebukuro.html?checkin=2026-11-10&checkout=2026-11-11&group_adults=2&no_rooms=1&selected_currency=JPY
2026-11-10,Tue,2026-11-11,Tokyo Ikebukuro House,One-Bedroom Apartment,private,15545,3252,no,8.3,3,no,no,Booking (hotel/apartment filter),https://www.booking.com/hotel/jp/tokyo-ikebukuro-house.html?checkin=2026-11-10&checkout=2026-11-11&group_adults=2&no_rooms=1&selected_currency=JPY
2026-11-10,Tue,2026-11-11,今和Hotel,One-Bedroom Apartment,private,15545,3252,no,8.7,95,no,no,Booking (hotel/apartment filter),https://www.booking.com/hotel/jp/jin-he-dong-jing-du.html?checkin=2026-11-10&checkout=2026-11-11&group_adults=2&no_rooms=1&selected_currency=JPY
2026-11-10,Tue,2026-11-11,Tokyo Ikebukuro House,One-Bedroom Apartment,unverified,15545,3252,no,8.3,3,no,no,Booking (review>=8 filter),https://www.booking.com/hotel/jp/tokyo-ikebukuro-house.html?checkin=2026-11-10&checkout=2026-11-11&group_adults=2&no_rooms=1&selected_currency=JPY
2026-11-10,Tue,2026-11-11,今和Hotel,One-Bedroom Apartment,unverified,15545,3252,no,8.7,95,no,no,Booking (review>=8 filter),https://www.booking.com/hotel/jp/jin-he-dong-jing-du.html?checkin=2026-11-10&checkout=2026-11-11&group_adults=2&no_rooms=1&selected_currency=JPY
2026-11-10,Tue,2026-11-11,SUPER HOTEL Ikebukuro West Natural Hot Spring,Room Selected at Check-In,private,15598,3263,no,8.7,1349,no,yes,Booking (hotel/apartment filter),https://www.booking.com/hotel/jp/super-hotel-jr-ikebukuro-nishiguchi.html?checkin=2026-11-10&checkout=2026-11-11&group_adults=2&no_rooms=1&selected_currency=JPY
2026-11-10,Tue,2026-11-11,SUPER HOTEL Ikebukuro West Natural Hot Spring,Room Selected at Check-In,unverified,15598,3263,no,8.7,1349,no,yes,Booking (review>=8 filter),https://www.booking.com/hotel/jp/super-hotel-jr-ikebukuro-nishiguchi.html?checkin=2026-11-10&checkout=2026-11-11&group_adults=2&no_rooms=1&selected_currency=JPY
2026-11-10,Tue,2026-11-11,APA Hotel Yamanote Otsuka Ekimae Tower,Standard Double Room - Non-Smoking,private,15607,3265,no,8.5,8714,yes,no,Booking (hotel/apartment filter),https://www.booking.com/hotel/jp/apa-yamanote-otsuka-eki-tower.html?checkin=2026-11-10&checkout=2026-11-11&group_adults=2&no_rooms=1&selected_currency=JPY
2026-11-10,Tue,2026-11-11,APA Hotel Yamanote Otsuka Ekimae Tower,Standard Double Room - Non-Smoking,unverified,15607,3265,no,8.5,8714,yes,no,Booking (review>=8 filter),https://www.booking.com/hotel/jp/apa-yamanote-otsuka-eki-tower.html?checkin=2026-11-10&checkout=2026-11-11&group_adults=2&no_rooms=1&selected_currency=JPY
2026-11-10,Tue,2026-11-11,R&B Hotel Otsuka Eki Kitaguchi - Vacation STAY 40488v,,private,15927,3332,no,,0,yes,no,Booking (hotel/apartment filter),https://www.booking.com/hotel/jp/r-b-otsuka-eki-kitaguchi-vacation-stay-40488v.html?checkin=2026-11-10&checkout=2026-11-11&group_adults=2&no_rooms=1&selected_currency=JPY
2026-11-10,Tue,2026-11-11,Petit Bali Ikebukuro,Economy Double Room - Smoking,private,16200,3389,no,8.4,281,yes,no,Booking (hotel/apartment filter),https://www.booking.com/hotel/jp/hoteruputeibarichi-dai-dian-dong-jing.html?checkin=2026-11-10&checkout=2026-11-11&group_adults=2&no_rooms=1&selected_currency=JPY
2026-11-10,Tue,2026-11-11,Petit Bali Ikebukuro,Economy Double Room - Smoking,unverified,16200,3389,no,8.4,281,yes,no,Booking (review>=8 filter),https://www.booking.com/hotel/jp/hoteruputeibarichi-dai-dian-dong-jing.html?checkin=2026-11-10&checkout=2026-11-11&group_adults=2&no_rooms=1&selected_currency=JPY
2026-11-10,Tue,2026-11-11,the Jeminith Ikebukuro 501,,private,16364,3423,no,,0,yes,no,Booking (hotel/apartment filter),https://www.booking.com/hotel/jp/jeminith-ikebukuro-tokyo.html?checkin=2026-11-10&checkout=2026-11-11&group_adults=2&no_rooms=1&selected_currency=JPY
2026-11-10,Tue,2026-11-11,HOTEL VARKIN Ikebukuro Nishiguchi,Economy Double Room,private,16568,3466,no,8.3,780,no,no,Booking (hotel/apartment filter),https://www.booking.com/hotel/jp/varkin-chi-dai-xi-kou.html?checkin=2026-11-10&checkout=2026-11-11&group_adults=2&no_rooms=1&selected_currency=JPY
2026-11-10,Tue,2026-11-11,HOTEL VARKIN Ikebukuro Nishiguchi,Economy Double Room,unverified,16568,3466,no,8.3,780,no,no,Booking (review>=8 filter),https://www.booking.com/hotel/jp/varkin-chi-dai-xi-kou.html?checkin=2026-11-10&checkout=2026-11-11&group_adults=2&no_rooms=1&selected_currency=JPY
2026-11-10,Tue,2026-11-11,Super Hotel Tokyo Otsuka,Double Room,private,16696,3493,no,8.8,750,no,yes,Booking (hotel/apartment filter),https://www.booking.com/hotel/jp/super-tokyo-otsuka.html?checkin=2026-11-10&checkout=2026-11-11&group_adults=2&no_rooms=1&selected_currency=JPY
2026-11-10,Tue,2026-11-11,Super Hotel Tokyo Otsuka,Double Room,unverified,16696,3493,no,8.8,750,no,yes,Booking (review>=8 filter),https://www.booking.com/hotel/jp/super-tokyo-otsuka.html?checkin=2026-11-10&checkout=2026-11-11&group_adults=2&no_rooms=1&selected_currency=JPY
2026-11-10,Tue,2026-11-11,R&B Hotel Otsuka Eki Kitaguchi - Vacation STAY 14227v,,private,16727,3499,no,10.0,0,yes,yes,Booking (hotel/apartment filter),https://www.booking.com/hotel/jp/r-b-otsuka-eki-kitaguchi-vacation-stay-14227v.html?checkin=2026-11-10&checkout=2026-11-11&group_adults=2&no_rooms=1&selected_currency=JPY
2026-11-10,Tue,2026-11-11,R&B Hotel Otsuka Eki Kitaguchi - Vacation STAY 14227v,,unverified,16727,3499,no,10.0,0,yes,yes,Booking (review>=8 filter),https://www.booking.com/hotel/jp/r-b-otsuka-eki-kitaguchi-vacation-stay-14227v.html?checkin=2026-11-10&checkout=2026-11-11&group_adults=2&no_rooms=1&selected_currency=JPY
2026-11-10,Tue,2026-11-11,Exquisite business hotel Bella,Double Room with Private Bathroom,unverified,16845,3524,no,8.4,220,yes,no,Booking (review>=8 filter),https://www.booking.com/hotel/jp/bella-toshima-city1.html?checkin=2026-11-10&checkout=2026-11-11&group_adults=2&no_rooms=1&selected_currency=JPY
2026-11-10,Tue,2026-11-11,Ikebukuro Grand Hotel,Superior Double Room,private,17000,3556,no,5.3,9,yes,no,Booking (hotel/apartment filter),https://www.booking.com/hotel/jp/ikebukuro-grand-hotel.html?checkin=2026-11-10&checkout=2026-11-11&group_adults=2&no_rooms=1&selected_currency=JPY
2026-11-10,Tue,2026-11-11,Daiichi Inn Ikebukuro,Superior Twin Room,private,17021,3561,no,8.6,515,yes,no,Booking (hotel/apartment filter),https://www.booking.com/hotel/jp/daiichi-inn-ikebukuro.html?checkin=2026-11-10&checkout=2026-11-11&group_adults=2&no_rooms=1&selected_currency=JPY
2026-11-10,Tue,2026-11-11,Daiichi Inn Ikebukuro,Superior Twin Room,unverified,17021,3561,no,8.6,515,yes,no,Booking (review>=8 filter),https://www.booking.com/hotel/jp/daiichi-inn-ikebukuro.html?checkin=2026-11-10&checkout=2026-11-11&group_adults=2&no_rooms=1&selected_currency=JPY
2026-11-10,Tue,2026-11-11,Wellsquareism Ikebukuro East,One-Bedroom Apartment,unverified,17065,3570,no,8.7,41,yes,no,Booking (review>=8 filter),https://www.booking.com/hotel/jp/well-square-ikebukuro-east.html?checkin=2026-11-10&checkout=2026-11-11&group_adults=2&no_rooms=1&selected_currency=JPY
2026-11-10,Tue,2026-11-11,R&B Hotel Otsuka Eki Kitaguchi - Vacation STAY 14229v,,private,17182,3594,no,,0,yes,yes,Booking (hotel/apartment filter),https://www.booking.com/hotel/jp/r-b-otsuka-eki-kitaguchi-vacation-stay-14229v.html?checkin=2026-11-10&checkout=2026-11-11&group_adults=2&no_rooms=1&selected_currency=JPY
2026-11-10,Tue,2026-11-11,池袋Apila,Family Room with Private Bathroom,unverified,17186,3595,no,9.2,116,no,no,Booking (review>=8 filter),https://www.booking.com/hotel/jp/chi-dai-apila.html?checkin=2026-11-10&checkout=2026-11-11&group_adults=2&no_rooms=1&selected_currency=JPY
2026-11-10,Tue,2026-11-11,HOTEL APERTO (Adult Only),Check-in after 9pm - Standard Double Room,private,17264,3612,no,8.7,1297,yes,no,Booking (hotel/apartment filter),https://www.booking.com/hotel/jp/aperto.html?checkin=2026-11-10&checkout=2026-11-11&group_adults=2&no_rooms=1&selected_currency=JPY
2026-11-10,Tue,2026-11-11,HOTEL APERTO (Adult Only),Check-in after 9pm - Standard Double Room,unverified,17264,3612,no,8.7,1297,yes,no,Booking (review>=8 filter),https://www.booking.com/hotel/jp/aperto.html?checkin=2026-11-10&checkout=2026-11-11&group_adults=2&no_rooms=1&selected_currency=JPY
2026-11-10,Tue,2026-11-11,APA Hotel Ikebukuro Eki Kitaguchi,Double Room - Non-Smoking,private,17509,3663,no,7.9,1496,yes,no,Booking (hotel/apartment filter),https://www.booking.com/hotel/jp/apa-ikebukuro-kitaguchi.html?checkin=2026-11-10&checkout=2026-11-11&group_adults=2&no_rooms=1&selected_currency=JPY
2026-11-10,Tue,2026-11-11,650m from Ikebukuro st a 9 min to Shinjuku by Train 一户建,Late Escape Deal,unverified,17722,3707,no,8.3,28,yes,no,Booking (review>=8 filter),https://www.booking.com/hotel/jp/800m-from-ikebukuro-st-a-9-min-to-shinjuku-by-train-yi-zheng-dong-bie-shu.html?checkin=2026-11-10&checkout=2026-11-11&group_adults=2&no_rooms=1&selected_currency=JPY
2026-11-10,Tue,2026-11-11,Centurion Hotel Ikebukuro Station,Standard Semi-Double Room - Non Smoking,private,17878,3740,no,8.1,1745,yes,no,Booking (hotel/apartment filter),https://www.booking.com/hotel/jp/centurion-ikebukuro.html?checkin=2026-11-10&checkout=2026-11-11&group_adults=2&no_rooms=1&selected_currency=JPY
2026-11-10,Tue,2026-11-11,Centurion Hotel Ikebukuro Station,Standard Semi-Double Room - Non Smoking,unverified,17878,3740,no,8.1,1745,yes,no,Booking (review>=8 filter),https://www.booking.com/hotel/jp/centurion-ikebukuro.html?checkin=2026-11-10&checkout=2026-11-11&group_adults=2&no_rooms=1&selected_currency=JPY
2026-11-10,Tue,2026-11-11,Super Hotel Premier Ikebukuro Natural Hot Spring,Room Selected at Check-In,private,17923,3749,no,8.8,1985,no,no,Booking (hotel/apartment filter),https://www.booking.com/hotel/jp/supahoterupremierchi-dai-tian-ran-wen-quan.html?checkin=2026-11-10&checkout=2026-11-11&group_adults=2&no_rooms=1&selected_currency=JPY
2026-11-10,Tue,2026-11-11,Super Hotel Premier Ikebukuro Natural Hot Spring,Room Selected at Check-In,unverified,17923,3749,no,8.8,1985,no,no,Booking (review>=8 filter),https://www.booking.com/hotel/jp/supahoterupremierchi-dai-tian-ran-wen-quan.html?checkin=2026-11-10&checkout=2026-11-11&group_adults=2&no_rooms=1&selected_currency=JPY
2026-11-10,Tue,2026-11-11,Shiratori303 B035,New to Booking.com,unverified,18364,3842,no,,0,yes,no,Booking (review>=8 filter),https://www.booking.com/hotel/jp/b035po-wei-sanbai-niao-303a.html?checkin=2026-11-10&checkout=2026-11-11&group_adults=2&no_rooms=1&selected_currency=JPY
2026-11-10,Tue,2026-11-11,the b ikebukuro,Superior Single Room with Shower - Non-Smoking,private,18743,3921,no,7.9,947,yes,no,Booking (hotel/apartment filter),https://www.booking.com/hotel/jp/the-b-ikebukro.html?checkin=2026-11-10&checkout=2026-11-11&group_adults=2&no_rooms=1&selected_currency=JPY
2026-11-10,Tue,2026-11-11,"10min walk Ikebukuro Sta JR , 10min Shinjuku Sta, Wi-Fi, PocketWiFi",Quadruple Room with Terrace,unverified,18843,3942,no,8.0,73,yes,no,Booking (review>=8 filter),https://www.booking.com/hotel/jp/ikebukuro-li-dao-qu.html?checkin=2026-11-10&checkout=2026-11-11&group_adults=2&no_rooms=1&selected_currency=JPY
2026-11-10,Tue,2026-11-11,HOTEL VARKIN ANNEX,Standard Double Room,private,18901,3954,no,8.6,741,no,no,Booking (hotel/apartment filter),https://www.booking.com/hotel/jp/varkin-annex.html?checkin=2026-11-10&checkout=2026-11-11&group_adults=2&no_rooms=1&selected_currency=JPY
2026-11-10,Tue,2026-11-11,HOTEL VARKIN ANNEX,Standard Double Room,unverified,18901,3954,no,8.6,741,no,no,Booking (review>=8 filter),https://www.booking.com/hotel/jp/varkin-annex.html?checkin=2026-11-10&checkout=2026-11-11&group_adults=2&no_rooms=1&selected_currency=JPY
2026-11-10,Tue,2026-11-11,Ostay Ikebukuro Dairaku Hotel Apartment,One-Bedroom Apartment,unverified,19424,4064,no,8.9,29,no,no,Booking (review>=8 filter),https://www.booking.com/hotel/jp/ostay-ikebukuro-dairaku-apartment-toshima-city1.html?checkin=2026-11-10&checkout=2026-11-11&group_adults=2&no_rooms=1&selected_currency=JPY
2026-11-10,Tue,2026-11-11,"Luce Ikebukuro - Cozy APT Stay in Ikebukuro Tokyo, with Direct Access to Shinjuku & Shibuya",Late Escape Deal,unverified,19623,4105,no,8.1,68,no,no,Booking (review>=8 filter),https://www.booking.com/hotel/jp/lucechi-dai.html?checkin=2026-11-10&checkout=2026-11-11&group_adults=2&no_rooms=1&selected_currency=JPY
2026-11-10,Tue,2026-11-11,フクロウ庵101,Apartment,unverified,19658,4112,no,9.0,5,yes,no,Booking (review>=8 filter),https://www.booking.com/hotel/jp/kopogang-qi-101.html?checkin=2026-11-10&checkout=2026-11-11&group_adults=2&no_rooms=1&selected_currency=JPY
2026-11-10,Tue,2026-11-11,Hotel Grand City,Double Room with Small Double Bed - Non-Smoking,private,20000,4184,no,7.9,2100,yes,no,Booking (hotel/apartment filter),https://www.booking.com/hotel/jp/grand-city-tokyo.html?checkin=2026-11-10&checkout=2026-11-11&group_adults=2&no_rooms=1&selected_currency=JPY
2026-11-10,Tue,2026-11-11,"YFhouse池袋ikebukuro-Direct to Ginza, Tokyo Dome, and the Harry Potter Studio Tour Tokyo",Studio with Balcony,unverified,20000,4184,no,9.1,8,yes,no,Booking (review>=8 filter),https://www.booking.com/hotel/jp/yfhousechi-dai-ikebukuro.html?checkin=2026-11-10&checkout=2026-11-11&group_adults=2&no_rooms=1&selected_currency=JPY
2026-11-10,Tue,2026-11-11,Tokyu Stay Ikebukuro,Moderate double Room - Non Smoking,unverified,20096,4204,no,8.7,1137,no,no,Booking (review>=8 filter),https://www.booking.com/hotel/jp/tokyu-stay-ikebukuro.html?checkin=2026-11-10&checkout=2026-11-11&group_adults=2&no_rooms=1&selected_currency=JPY
2026-11-10,Tue,2026-11-11,Home Story in Tokyo JR山手線大塚駅Otsuka &東京屋語,Late Escape Deal,unverified,20500,4289,no,9.0,6,yes,no,Booking (review>=8 filter),https://www.booking.com/hotel/jp/tokyo-house-asakusa.html?checkin=2026-11-10&checkout=2026-11-11&group_adults=2&no_rooms=1&selected_currency=JPY
2026-11-10,Tue,2026-11-11,Sakura Bella Ikebukuro,Double Room,unverified,20588,4307,no,8.1,606,yes,no,Booking (review>=8 filter),https://www.booking.com/hotel/jp/bella.html?checkin=2026-11-10&checkout=2026-11-11&group_adults=2&no_rooms=1&selected_currency=JPY
2026-11-10,Tue,2026-11-11,桜の川70-36池袋駅8分钟 1DK套房 max5人房 宽敞安静 ikeburuko,Late Escape Deal,unverified,20618,4313,no,9.0,33,no,no,Booking (review>=8 filter),https://www.booking.com/hotel/jp/chi-dai-yi-8fen-zhong-1dktao-fang-4ren-fang-kuan-chang-an-jing-ikeburuko.html?checkin=2026-11-10&checkout=2026-11-11&group_adults=2&no_rooms=1&selected_currency=JPY
2026-11-10,Tue,2026-11-11,Keio Presso Inn Ikebukuro,Double Room with Small Double Bed - Non-Smoking,private,20696,4330,no,8.5,1433,yes,no,Booking (hotel/apartment filter),https://www.booking.com/hotel/jp/keio-presson-inn-ikebukuro.html?checkin=2026-11-10&checkout=2026-11-11&group_adults=2&no_rooms=1&selected_currency=JPY
2026-11-10,Tue,2026-11-11,Keio Presso Inn Ikebukuro,Double Room with Small Double Bed - Non-Smoking,unverified,20696,4330,no,8.5,1433,yes,no,Booking (review>=8 filter),https://www.booking.com/hotel/jp/keio-presson-inn-ikebukuro.html?checkin=2026-11-10&checkout=2026-11-11&group_adults=2&no_rooms=1&selected_currency=JPY
2026-11-10,Tue,2026-11-11,Ikebukuro Royal Hotel,New to Booking.com,private,20909,4374,no,7.7,3,yes,no,Booking (hotel/apartment filter),https://www.booking.com/hotel/jp/ikebukuroroyalhotel.html?checkin=2026-11-10&checkout=2026-11-11&group_adults=2&no_rooms=1&selected_currency=JPY
2026-11-10,Tue,2026-11-11,DEL style Ikebukuro Higashiguchi by Daiwa Roynet Hotel,Standard Double Room (2 Adults) - Smoking,private,21273,4450,no,8.8,367,yes,no,Booking (hotel/apartment filter),https://www.booking.com/hotel/jp/daiwaroinetutohoteruchi-dai-dong-kou.html?checkin=2026-11-10&checkout=2026-11-11&group_adults=2&no_rooms=1&selected_currency=JPY
2026-11-10,Tue,2026-11-11,COCOYO Hotel Otsuka,Economy Twin Room,private,21273,4450,no,8.6,440,yes,no,Booking (hotel/apartment filter),https://www.booking.com/hotel/jp/cocoyo.html?checkin=2026-11-10&checkout=2026-11-11&group_adults=2&no_rooms=1&selected_currency=JPY
2026-11-10,Tue,2026-11-11,DEL style Ikebukuro Higashiguchi by Daiwa Roynet Hotel,Standard Double Room (2 Adults) - Smoking,unverified,21273,4450,no,8.8,367,yes,no,Booking (review>=8 filter),https://www.booking.com/hotel/jp/daiwaroinetutohoteruchi-dai-dong-kou.html?checkin=2026-11-10&checkout=2026-11-11&group_adults=2&no_rooms=1&selected_currency=JPY
2026-11-10,Tue,2026-11-11,COCOYO Hotel Otsuka,Economy Twin Room,unverified,21273,4450,no,8.6,440,yes,no,Booking (review>=8 filter),https://www.booking.com/hotel/jp/cocoyo.html?checkin=2026-11-10&checkout=2026-11-11&group_adults=2&no_rooms=1&selected_currency=JPY
2026-11-10,Tue,2026-11-11,Rakuyitsu Group Ikebukuro Mizukien 2F 111Tb,Villa,unverified,21391,4475,no,9.1,9,yes,no,Booking (review>=8 filter),https://www.booking.com/hotel/jp/rui-yue-yuan-2-zui-ji-yi-nochi-dai-yi-tu-bu-8fen-xin-su-made1yi-5fen-46m-mujizhi.html?checkin=2026-11-10&checkout=2026-11-11&group_adults=2&no_rooms=1&selected_currency=JPY
2026-11-10,Tue,2026-11-11,池袋大型交通便利 2f,,private,21636,4526,no,4.0,0,yes,no,Booking (hotel/apartment filter),https://www.booking.com/hotel/jp/chi-dai-da-xing-jiao-tong-bian-li-2f.html?checkin=2026-11-10&checkout=2026-11-11&group_adults=2&no_rooms=1&selected_currency=JPY
2026-11-10,Tue,2026-11-11,MSTAY池袋one,Three-Bedroom Villa,unverified,21767,4554,no,9.1,7,yes,no,Booking (review>=8 filter),https://www.booking.com/hotel/jp/mstaychi-dai-one.html?checkin=2026-11-10&checkout=2026-11-11&group_adults=2&no_rooms=1&selected_currency=JPY
2026-11-10,Tue,2026-11-11,Ciel東池袋,New to Booking.com,private,21852,4571,no,8.5,16,no,no,Booking (hotel/apartment filter),https://www.booking.com/hotel/jp/cieldong-chi-dai.html?checkin=2026-11-10&checkout=2026-11-11&group_adults=2&no_rooms=1&selected_currency=JPY
2026-11-10,Tue,2026-11-11,Ciel東池袋,New to Booking.com,unverified,21852,4571,no,8.5,16,no,no,Booking (review>=8 filter),https://www.booking.com/hotel/jp/cieldong-chi-dai.html?checkin=2026-11-10&checkout=2026-11-11&group_adults=2&no_rooms=1&selected_currency=JPY
2026-11-10,Tue,2026-11-11,AM's 502 Movie 5 min to Ikebukuro 13 min to Shinjuku Station 19 min to Shibuya Station with coworking space,One-Bedroom Apartment,private,22091,4621,no,8.5,4,no,no,Booking (hotel/apartment filter),https://www.booking.com/hotel/jp/ams-502-movie-5-min-to-ikebukuro-13-min-to-shinjuku-station-19-min-to-shibuya-st.html?checkin=2026-11-10&checkout=2026-11-11&group_adults=2&no_rooms=1&selected_currency=JPY
2026-11-10,Tue,2026-11-11,AM's 502 Movie 5 min to Ikebukuro 13 min to Shinjuku Station 19 min to Shibuya Station with coworking space,One-Bedroom Apartment,unverified,22091,4621,no,8.5,4,no,no,Booking (review>=8 filter),https://www.booking.com/hotel/jp/ams-502-movie-5-min-to-ikebukuro-13-min-to-shinjuku-station-19-min-to-shibuya-st.html?checkin=2026-11-10&checkout=2026-11-11&group_adults=2&no_rooms=1&selected_currency=JPY
2026-11-10,Tue,2026-11-11,Dormy Inn Ikebukuro - Natural Hot Spring,Late Escape Deal,private,22636,4735,no,8.7,1808,yes,no,Booking (hotel/apartment filter),https://www.booking.com/hotel/jp/domiinchi-dai.html?checkin=2026-11-10&checkout=2026-11-11&group_adults=2&no_rooms=1&selected_currency=JPY
2026-11-10,Tue,2026-11-11,Dormy Inn Ikebukuro - Natural Hot Spring,Late Escape Deal,unverified,22636,4735,no,8.7,1808,yes,no,Booking (review>=8 filter),https://www.booking.com/hotel/jp/domiinchi-dai.html?checkin=2026-11-10&checkout=2026-11-11&group_adults=2&no_rooms=1&selected_currency=JPY
2026-11-10,Tue,2026-11-11,BaliAn Resort Forest Ikebukuro,Comfort Double Room - Smoking,unverified,23416,4899,no,9.0,90,yes,no,Booking (review>=8 filter),https://www.booking.com/hotel/jp/hoterubarianrizotohuoresutochi-dai-xi-kou-dian.html?checkin=2026-11-10&checkout=2026-11-11&group_adults=2&no_rooms=1&selected_currency=JPY
2026-11-10,Tue,2026-11-11,Ikebukuro 2Room D3,Two-Bedroom Apartment,unverified,23809,4981,no,8.7,7,no,no,Booking (review>=8 filter),https://www.booking.com/hotel/jp/ikebukuro-2room-d3.html?checkin=2026-11-10&checkout=2026-11-11&group_adults=2&no_rooms=1&selected_currency=JPY
2026-11-10,Tue,2026-11-11,Cosmy-2 IC53,One-Bedroom Apartment,unverified,24139,5050,no,8.1,8,yes,no,Booking (review>=8 filter),https://www.booking.com/hotel/jp/cosmy-2-ic53.html?checkin=2026-11-10&checkout=2026-11-11&group_adults=2&no_rooms=1&selected_currency=JPY
2026-11-10,Tue,2026-11-11,池袋大型交通生活便利,Apartment,unverified,25216,5275,no,10.0,2,no,no,Booking (review>=8 filter),https://www.booking.com/hotel/jp/chi-dai-da-xing-jiao-tong-sheng-huo-bian-li.html?checkin=2026-11-10&checkout=2026-11-11&group_adults=2&no_rooms=1&selected_currency=JPY
2026-11-10,Tue,2026-11-11,R&B Hotel Otsuka Eki Kitaguchi - Vacation STAY 40484v,Studio,unverified,25410,5316,no,8.3,113,yes,no,Booking (review>=8 filter),https://www.booking.com/hotel/jp/r-b-otsuka-eki-kitaguchi-vacation-stay-40484v.html?checkin=2026-11-10&checkout=2026-11-11&group_adults=2&no_rooms=1&selected_currency=JPY
2026-11-10,Tue,2026-11-11,别墅A棟 池袋商圈 大塚站7分钟 3个房间 交通便利 最大8人 Ikebukuro center 7 mins to ST Max 8P 直达新宿 涉谷 表参道 池袋 上野 代代木 银座 原宿,Three-Bedroom Villa,unverified,25500,5335,no,9.5,4,yes,no,Booking (review>=8 filter),https://www.booking.com/hotel/jp/bie-shu-chi-dai-shang-quan-da-zhong-zhan-7fen-zhong-3ge-fang-jian-jiao-tong-bian.html?checkin=2026-11-10&checkout=2026-11-11&group_adults=2&no_rooms=1&selected_currency=JPY
2026-11-10,Tue,2026-11-11,Jr山手线大塚站步行1分钟地处商店街的无敌便利,Two-Bedroom Apartment,unverified,26018,5443,no,8.2,18,no,no,Booking (review>=8 filter),https://www.booking.com/hotel/jp/jrshan-shou-xian-da-zhong-zhan-bu-xing-1fen-zhong-di-chu-shang-dian-jie-de-wu-di.html?checkin=2026-11-10&checkout=2026-11-11&group_adults=2&no_rooms=1&selected_currency=JPY
2026-11-10,Tue,2026-11-11,R&B Hotel Otsuka Eki Kitaguchi - Vacation STAY 40485v,Studio,unverified,26330,5508,no,8.5,29,yes,no,Booking (review>=8 filter),https://www.booking.com/hotel/jp/r-b-otsuka-eki-kitaguchi-vacation-stay-40485v.html?checkin=2026-11-10&checkout=2026-11-11&group_adults=2&no_rooms=1&selected_currency=JPY
2026-11-10,Tue,2026-11-11,OMO5 Tokyo Otsuka by Hoshino Resorts,YAGURA Room,unverified,26509,5546,no,8.8,1371,no,no,Booking (review>=8 filter),https://www.booking.com/hotel/jp/xing-ye-rizoto-omo5-da-zhong.html?checkin=2026-11-10&checkout=2026-11-11&group_adults=2&no_rooms=1&selected_currency=JPY
2026-11-10,Tue,2026-11-11,R&B Hotel Otsuka Eki Kitaguchi - Vacation STAY 14221v,Studio,unverified,26545,5553,no,8.2,18,yes,no,Booking (review>=8 filter),https://www.booking.com/hotel/jp/r-b-otsuka-eki-kitaguchi-vacation-stay-14221v.html?checkin=2026-11-10&checkout=2026-11-11&group_adults=2&no_rooms=1&selected_currency=JPY
2026-11-10,Tue,2026-11-11,Sunshine City Prince Hotel Ikebukuro Tokyo,Twin Room Non-Smoking 26-32nd Floor,unverified,27536,5761,no,8.5,3151,yes,no,Booking (review>=8 filter),https://www.booking.com/hotel/jp/sunshine-city-prince.html?checkin=2026-11-10&checkout=2026-11-11&group_adults=2&no_rooms=1&selected_currency=JPY
2026-11-10,Tue,2026-11-11,池袋4丁目貸切一軒家最大七名,Three-Bedroom Apartment,unverified,27636,5781,no,9.1,6,yes,no,Booking (review>=8 filter),https://www.booking.com/hotel/jp/ikebukuro-walking-distance-family-villa-max-7-people-whole-rental-wi-fi.html?checkin=2026-11-10&checkout=2026-11-11&group_adults=2&no_rooms=1&selected_currency=JPY
2026-11-10,Tue,2026-11-11,"2 Minutes Walk to Ikebukuro Station, Central Tokyo and Very Convenient",One-Bedroom Apartment,unverified,27982,5854,no,9.6,16,no,no,Booking (review>=8 filter),https://www.booking.com/hotel/jp/2-min-walk-to-ikebukuro-station.html?checkin=2026-11-10&checkout=2026-11-11&group_adults=2&no_rooms=1&selected_currency=JPY
2026-11-10,Tue,2026-11-11,Y's INN Ikefukuro 109T,Villa,unverified,28430,5948,no,8.3,3,yes,no,Booking (review>=8 filter),https://www.booking.com/hotel/jp/chi-dai-chi-dai-yi-madetu-bu-11fen-xin-su-shibui-gu-qian-cao-yin-zuo-qiu-xie-yua.html?checkin=2026-11-10&checkout=2026-11-11&group_adults=2&no_rooms=1&selected_currency=JPY
2026-11-10,Tue,2026-11-11,Ikebukuro 3-Chome Stay,,unverified,30600,6402,no,10.0,0,no,no,Booking (review>=8 filter),https://www.booking.com/hotel/jp/chi-dai-3ding-mu-stay.html?checkin=2026-11-10&checkout=2026-11-11&group_adults=2&no_rooms=1&selected_currency=JPY
2026-11-10,Tue,2026-11-11,新宿 涉谷 原宿可多线直达 有Wifi 山手线大站池袋车站一戸建,,unverified,31091,6504,no,10.0,0,no,no,Booking (review>=8 filter),https://www.booking.com/hotel/jp/xin-su-she-gu-yuan-su-ke-duo-xian-zhi-da-you-wifi-shan-shou-xian-da-zhan-chi-dai.html?checkin=2026-11-10&checkout=2026-11-11&group_adults=2&no_rooms=1&selected_currency=JPY
2026-11-10,Tue,2026-11-11,悠悠之家 池袋商业区 7分钟步行到池袋车站 3层独栋别墅 全新 3房2厅厨卫齐全 免费车库 奈飞影院,Three-Bedroom Villa,unverified,31818,6656,no,9.5,2,no,no,Booking (review>=8 filter),https://www.booking.com/hotel/jp/you-you-zhi-jia-chi-dai-shang-ye-qu-7fen-zhong-bu-xing-dao-chi-dai-che-zhan-3cen.html?checkin=2026-11-10&checkout=2026-11-11&group_adults=2&no_rooms=1&selected_currency=JPY
2026-11-10,Tue,2026-11-11,桜の川65 池袋駅C6口 8分 2-10人丨Ikebukuro JR Line C6 Exit 8 minutes 2-10 people,Late Escape Deal,unverified,32073,6710,no,9.5,27,no,no,Booking (review>=8 filter),https://www.booking.com/hotel/jp/ying-nochuan-65-ikebukuro-area.html?checkin=2026-11-10&checkout=2026-11-11&group_adults=2&no_rooms=1&selected_currency=JPY
2026-11-10,Tue,2026-11-11,SLEEPLAB THE STAY 池袋 -Ikebukuro-,One-Bedroom Family Apartment,unverified,32318,6761,no,8.1,12,no,no,Booking (review>=8 filter),https://www.booking.com/hotel/jp/sleeplab-the-stay-chi-dai-ikebukuro.html?checkin=2026-11-10&checkout=2026-11-11&group_adults=2&no_rooms=1&selected_currency=JPY
2026-11-10,Tue,2026-11-11,池袋站步行3分钟 团体6-10人入住,Studio Apartment,unverified,33228,6951,no,9.3,22,no,no,Booking (review>=8 filter),https://www.booking.com/hotel/jp/dong-jing-xing-yun-lu-guan-li-dao-qu-nan-chi-dai-2ding-mu-24fan-3hao.html?checkin=2026-11-10&checkout=2026-11-11&group_adults=2&no_rooms=1&selected_currency=JPY
2026-11-10,Tue,2026-11-11,Oasis IKEBUKURO,Late Escape Deal,unverified,33840,7079,no,8.0,2,no,no,Booking (review>=8 filter),https://www.booking.com/hotel/jp/oasis-ikebukuro.html?checkin=2026-11-10&checkout=2026-11-11&group_adults=2&no_rooms=1&selected_currency=JPY
2026-11-10,Tue,2026-11-11,Hotel Metropolitan Tokyo Ikebukuro,Moderate Queen - Non-Smoking (6F-7F),unverified,35044,7331,no,8.8,3049,yes,no,Booking (review>=8 filter),https://www.booking.com/hotel/jp/metropolitan-tokyo.html?checkin=2026-11-10&checkout=2026-11-11&group_adults=2&no_rooms=1&selected_currency=JPY
2026-11-10,Tue,2026-11-11,ixtupinnenn 020T,,unverified,35345,7394,no,10.0,0,yes,no,Booking (review>=8 filter),https://www.booking.com/hotel/jp/yi-pin-yuan-4ldkhu-jian-108m-riniyuaru-wu-liao-zhu-che-chang-ari-da-xing-wei-she.html?checkin=2026-11-10&checkout=2026-11-11&group_adults=2&no_rooms=1&selected_currency=JPY
2026-11-10,Tue,2026-11-11,"SCD155 Private House for 9 with Rooftop in Ikebukuro, Direct Access to Tokyo's Core Commercial Districts",Villa,unverified,37183,7779,no,8.8,5,yes,no,Booking (review>=8 filter),https://www.booking.com/hotel/jp/spacious-villa-in-ikebukuro-suburbs-direct-access-to-tokyos-core-commercial-dist.html?checkin=2026-11-10&checkout=2026-11-11&group_adults=2&no_rooms=1&selected_currency=JPY
2026-11-10,Tue,2026-11-11,SCD2 Fully Equipped House for 9 in Ikebukuro,Three-Bedroom Villa,unverified,37391,7822,no,8.0,6,yes,no,Booking (review>=8 filter),https://www.booking.com/hotel/jp/ikebukuro-commercial-district-premium-homestay.html?checkin=2026-11-10&checkout=2026-11-11&group_adults=2&no_rooms=1&selected_currency=JPY
2026-11-10,Tue,2026-11-11,"9-min walk to Ikebukuro Station, 1-min walk to Kanamecho Station Max 8 guests 70 sqm Free parking Direct access to Shinjuku, Shibuya, Ueno",Two-Bedroom Apartment,unverified,37811,7910,no,8.8,6,no,no,Booking (review>=8 filter),https://www.booking.com/hotel/jp/9-min-walk-to-ikebukuro-station-1-min-walk-to-kanamecho-station-max-8-guests-70.html?checkin=2026-11-10&checkout=2026-11-11&group_adults=2&no_rooms=1&selected_currency=JPY
2026-11-10,Tue,2026-11-11,MIMARU Tokyo Ikebukuro,One-Bedroom Loft Bed Apartment,unverified,42545,8900,no,9.1,1045,yes,no,Booking (review>=8 filter),https://www.booking.com/hotel/jp/mimarudong-jing-chi-dai.html?checkin=2026-11-10&checkout=2026-11-11&group_adults=2&no_rooms=1&selected_currency=JPY
2026-11-10,Tue,2026-11-11,hotel hisoca ikebukuro,Double Room with Two Double Beds,unverified,48491,10144,no,9.3,327,yes,no,Booking (review>=8 filter),https://www.booking.com/hotel/jp/hisoca.html?checkin=2026-11-10&checkout=2026-11-11&group_adults=2&no_rooms=1&selected_currency=JPY
2026-11-10,Tue,2026-11-11,Ikebukuro 3 Chome,Villa,unverified,50727,10612,no,9.5,2,yes,no,Booking (review>=8 filter),https://www.booking.com/hotel/jp/ikebukuro-3-chome.html?checkin=2026-11-10&checkout=2026-11-11&group_adults=2&no_rooms=1&selected_currency=JPY
2026-11-10,Tue,2026-11-11,Felizstay Ikebukuro,New to Booking.com,unverified,56229,11763,no,,0,yes,no,Booking (review>=8 filter),https://www.booking.com/hotel/jp/felizstay-ikebukuro.html?checkin=2026-11-10&checkout=2026-11-11&group_adults=2&no_rooms=1&selected_currency=JPY
2026-11-10,Tue,2026-11-11,こたつたたみハウス,,unverified,57589,12048,no,10.0,0,no,no,Booking (review>=8 filter),https://www.booking.com/hotel/jp/kotatsu-tatami-house.html?checkin=2026-11-10&checkout=2026-11-11&group_adults=2&no_rooms=1&selected_currency=JPY
2026-11-10,Tue,2026-11-11,Corpo Okazaki - Vacation STAY 20516,,unverified,59724,12494,no,8.0,0,yes,no,Booking (review>=8 filter),https://www.booking.com/hotel/jp/corpo-okazaki-vacation-stay-20516.html?checkin=2026-11-10&checkout=2026-11-11&group_adults=2&no_rooms=1&selected_currency=JPY
2026-11-10,Tue,2026-11-11,"A spacious home near Ikebukuro Station on the JR Yamanote Line, the world's third-most-used railway station, just a 5 minute walk from the shopping and entertainment district",,unverified,60282,12611,no,10.0,0,yes,no,Booking (review>=8 filter),https://www.booking.com/hotel/jp/a-spacious-home-near-ikebukuro-station-on-the-jr-yamanote-line-the-worlds-third.html?checkin=2026-11-10&checkout=2026-11-11&group_adults=2&no_rooms=1&selected_currency=JPY
2026-11-10,Tue,2026-11-11,Hotel Bellclassic Tokyo,Suite,unverified,109832,22977,no,8.9,43,yes,no,Booking (review>=8 filter),https://www.booking.com/hotel/jp/bellclassic.html?checkin=2026-11-10&checkout=2026-11-11&group_adults=2&no_rooms=1&selected_currency=JPY
2026-11-10,Tue,2026-11-11,8路線使用可能！アクセス抜群/池袋駅より徒歩5分/最大11名/Wi-Fi完備/まるごと3LDK,Three-Bedroom Apartment,unverified,157635,32977,no,8.6,39,yes,no,Booking (review>=8 filter),https://www.booking.com/hotel/jp/8lu-xian-shi-yong-ke-neng-akusesuba-qun-chi-dai-yi-yoritu-bu-5fen-zui-da-11ming.html?checkin=2026-11-10&checkout=2026-11-11&group_adults=2&no_rooms=1&selected_currency=JPY
2026-11-11,Wed,2026-11-12,Ikebukuro Base,One-Bedroom Apartment,private,6329,1324,yes,6.5,32,no,no,Booking (hotel/apartment filter),https://www.booking.com/hotel/jp/ikebukuro-base.html?checkin=2026-11-11&checkout=2026-11-12&group_adults=2&no_rooms=1&selected_currency=JPY
2026-11-11,Wed,2026-11-12,Urban Nest Otsuka 301 JR OTSUKA STATION,One-Bedroom Apartment,private,7088,1483,yes,8.0,3,no,no,Booking (hotel/apartment filter),https://www.booking.com/hotel/jp/urban-nest-otsuka-301-jr-otsuka-station.html?checkin=2026-11-11&checkout=2026-11-12&group_adults=2&no_rooms=1&selected_currency=JPY
2026-11-11,Wed,2026-11-12,Green Apple Otsuka 201 in JR Otsuka station,,private,7088,1483,yes,,0,no,no,Booking (hotel/apartment filter),https://www.booking.com/hotel/jp/green-apple-otsuka-201-in-jr-otsuka-station.html?checkin=2026-11-11&checkout=2026-11-12&group_adults=2&no_rooms=1&selected_currency=JPY
2026-11-11,Wed,2026-11-12,Urban Nest Otsuka 301 JR OTSUKA STATION,One-Bedroom Apartment,unverified,7088,1483,yes,8.0,3,no,no,Booking (review>=8 filter),https://www.booking.com/hotel/jp/urban-nest-otsuka-301-jr-otsuka-station.html?checkin=2026-11-11&checkout=2026-11-12&group_adults=2&no_rooms=1&selected_currency=JPY
2026-11-11,Wed,2026-11-12,Business Hotel Kankokukan - Vacation STAY 45862v,Apartment,unverified,7374,1543,yes,8.0,12,yes,no,Booking (review>=8 filter),https://www.booking.com/hotel/jp/business-kankokukan-vacation-stay-45862v.html?checkin=2026-11-11&checkout=2026-11-12&group_adults=2&no_rooms=1&selected_currency=JPY
2026-11-11,Wed,2026-11-12,池袋 4 丁目に位置するHanano Sato Lumiere 新宿 銀座 上野 秋葉原など東京主要観光地へのアクセスが非常に良好です 徒歩圏内に 24 時間コンビニ 銭湯がございます,New to Booking.com,unverified,8240,1724,yes,8.5,2,no,no,Booking (review>=8 filter),https://www.booking.com/hotel/jp/hanano-sato-lumiere.html?checkin=2026-11-11&checkout=2026-11-12&group_adults=2&no_rooms=1&selected_currency=JPY
2026-11-11,Wed,2026-11-12,Tabist Hotel Aurora Ikebukuro,Double Room - Smoking,private,8273,1731,yes,6.7,480,yes,no,Booking (hotel/apartment filter),https://www.booking.com/hotel/jp/hoteruorora.html?checkin=2026-11-11&checkout=2026-11-12&group_adults=2&no_rooms=1&selected_currency=JPY
2026-11-11,Wed,2026-11-12,Sakura Cherry otsuka 101 JR Otsuka station 6min,,private,8640,1807,yes,,0,no,no,Booking (hotel/apartment filter),https://www.booking.com/hotel/jp/sakura-cherry-otsuka-101-jr-otsuka-station-6min.html?checkin=2026-11-11&checkout=2026-11-12&group_adults=2&no_rooms=1&selected_currency=JPY
2026-11-11,Wed,2026-11-12,クオリティハイツ池袋駅西口至近,One-Bedroom Apartment,private,8782,1837,yes,7.1,39,no,no,Booking (hotel/apartment filter),https://www.booking.com/hotel/jp/kuoriteihaituchi-dai-yi-xi-kou-zhi-jin.html?checkin=2026-11-11&checkout=2026-11-12&group_adults=2&no_rooms=1&selected_currency=JPY
2026-11-11,Wed,2026-11-12,Green Hill,One-Bedroom Apartment,private,8944,1871,yes,5.1,56,yes,no,Booking (hotel/apartment filter),https://www.booking.com/hotel/jp/green-hill-dong-jing-du.html?checkin=2026-11-11&checkout=2026-11-12&group_adults=2&no_rooms=1&selected_currency=JPY
2026-11-11,Wed,2026-11-12,愛の屋ホテル池袋,One-Bedroom Apartment,private,9000,1883,yes,3.6,9,no,no,Booking (hotel/apartment filter),https://www.booking.com/hotel/jp/ai-nowu-hoteruchi-dai.html?checkin=2026-11-11&checkout=2026-11-12&group_adults=2&no_rooms=1&selected_currency=JPY
2026-11-11,Wed,2026-11-12,雲海池袋 101貸切 要町駅徒歩7分 池袋バスまで6分 高速WiFi スマートロック 最大3名,,private,9000,1883,yes,10.0,0,no,no,Booking (hotel/apartment filter),https://www.booking.com/hotel/jp/yun-hai-chi-dai-101dai-qie-yao-ting-yi-tu-bu-7fen-chi-dai-basumade6fen-gao-su-wi.html?checkin=2026-11-11&checkout=2026-11-12&group_adults=2&no_rooms=1&selected_currency=JPY
2026-11-11,Wed,2026-11-12,"7-minute walk from Otsuka Station,Yamanote Line 3-person Shared garden",One-Bedroom Apartment,private,9000,1883,yes,9.2,8,no,no,Booking (hotel/apartment filter),https://www.booking.com/hotel/jp/7-minute-walk-from-otsuka-station.html?checkin=2026-11-11&checkout=2026-11-12&group_adults=2&no_rooms=1&selected_currency=JPY
2026-11-11,Wed,2026-11-12,Otsuka 7 mins one stop to Ikebukuro mansion with garden,One-Bedroom Apartment,private,9000,1883,yes,7.1,6,no,no,Booking (hotel/apartment filter),https://www.booking.com/hotel/jp/otsuka-7-mins.html?checkin=2026-11-11&checkout=2026-11-12&group_adults=2&no_rooms=1&selected_currency=JPY
2026-11-11,Wed,2026-11-12,"7-minute walk from Otsuka Station,Yamanote Line 3-person Shared garden",One-Bedroom Apartment,unverified,9000,1883,yes,9.2,8,no,no,Booking (review>=8 filter),https://www.booking.com/hotel/jp/7-minute-walk-from-otsuka-station.html?checkin=2026-11-11&checkout=2026-11-12&group_adults=2&no_rooms=1&selected_currency=JPY
2026-11-11,Wed,2026-11-12,雲海池袋 101貸切 要町駅徒歩7分 池袋バスまで6分 高速WiFi スマートロック 最大3名,,unverified,9000,1883,yes,10.0,0,no,no,Booking (review>=8 filter),https://www.booking.com/hotel/jp/yun-hai-chi-dai-101dai-qie-yao-ting-yi-tu-bu-7fen-chi-dai-basumade6fen-gao-su-wi.html?checkin=2026-11-11&checkout=2026-11-12&group_adults=2&no_rooms=1&selected_currency=JPY
2026-11-11,Wed,2026-11-12,Hotel Suntargas Otsuka - Vacation STAY 08516v,Studio,private,9091,1902,yes,6.0,2,yes,no,Booking (hotel/apartment filter),https://www.booking.com/hotel/jp/suntargas-otsuka-vacation-stay-08516v.html?checkin=2026-11-11&checkout=2026-11-12&group_adults=2&no_rooms=1&selected_currency=JPY
2026-11-11,Wed,2026-11-12,Hotel Suntargas Otsuka - Vacation STAY 08508v,Studio,private,9091,1902,yes,6.5,2,yes,no,Booking (hotel/apartment filter),https://www.booking.com/hotel/jp/suntargas-otsuka-vacation-stay-08508v.html?checkin=2026-11-11&checkout=2026-11-12&group_adults=2&no_rooms=1&selected_currency=JPY
2026-11-11,Wed,2026-11-12,Hotel Suntargas Otsuka - Vacation STAY 08520v,Studio,private,9091,1902,yes,5.5,2,yes,no,Booking (hotel/apartment filter),https://www.booking.com/hotel/jp/suntargas-otsuka-vacation-stay-08520v.html?checkin=2026-11-11&checkout=2026-11-12&group_adults=2&no_rooms=1&selected_currency=JPY
2026-11-11,Wed,2026-11-12,Tabist Hotel Florida Ikebukuro,Double Room - Smoking,private,9273,1940,yes,6.7,161,yes,no,Booking (hotel/apartment filter),https://www.booking.com/hotel/jp/florida-dong-jing.html?checkin=2026-11-11&checkout=2026-11-12&group_adults=2&no_rooms=1&selected_currency=JPY
2026-11-11,Wed,2026-11-12,Hotel Amethyst,Double Room - Smoking,private,9818,2054,yes,6.4,75,yes,no,Booking (hotel/apartment filter),https://www.booking.com/hotel/jp/hoteru-amezisuto.html?checkin=2026-11-11&checkout=2026-11-12&group_adults=2&no_rooms=1&selected_currency=JPY
2026-11-11,Wed,2026-11-12,愛の屋民泊池袋,One-Bedroom Apartment,private,9818,2054,yes,6.2,45,no,no,Booking (hotel/apartment filter),https://www.booking.com/hotel/jp/ai-nowu-min-bo-chi-dai.html?checkin=2026-11-11&checkout=2026-11-12&group_adults=2&no_rooms=1&selected_currency=JPY
2026-11-11,Wed,2026-11-12,Excellent Access to Shinjuku Shibuya and Ginza 30 Seconds from Higashi Ikebukuro Station Steps from Sunshine City Fully Equipped Comfortable Studio for Up to 3 Guests,,private,9818,2054,yes,,0,yes,no,Booking (hotel/apartment filter),https://www.booking.com/hotel/jp/excellent-access-to-shinjuku-shibuya-and-ginza-30-seconds-from-higashi-ikebukuro.html?checkin=2026-11-11&checkout=2026-11-12&group_adults=2&no_rooms=1&selected_currency=JPY
2026-11-11,Wed,2026-11-12,Hotel en ホテル エン-Adult Only-,,unverified,10000,2092,yes,9.0,0,yes,no,Booking (review>=8 filter),https://www.booking.com/hotel/jp/en-hoteruen.html?checkin=2026-11-11&checkout=2026-11-12&group_adults=2&no_rooms=1&selected_currency=JPY
2026-11-11,Wed,2026-11-12,Ikebukuro home 18,Two-Bedroom Apartment,private,10105,2114,yes,6.2,12,no,no,Booking (hotel/apartment filter),https://www.booking.com/hotel/jp/ikebukuro-coze-home.html?checkin=2026-11-11&checkout=2026-11-12&group_adults=2&no_rooms=1&selected_currency=JPY
2026-11-11,Wed,2026-11-12,池袋 Aurora 7,One-Bedroom Apartment,private,10105,2114,yes,7.3,16,no,no,Booking (hotel/apartment filter),https://www.booking.com/hotel/jp/chi-dai-yi-zui-da-6ren-b09.html?checkin=2026-11-11&checkout=2026-11-12&group_adults=2&no_rooms=1&selected_currency=JPY
2026-11-11,Wed,2026-11-12,メリス池袋East 402,One-Bedroom Apartment,private,10162,2126,yes,8.7,16,no,no,Booking (hotel/apartment filter),https://www.booking.com/hotel/jp/merisuchi-dai-east-402.html?checkin=2026-11-11&checkout=2026-11-12&group_adults=2&no_rooms=1&selected_currency=JPY
2026-11-11,Wed,2026-11-12,メリス池袋East 103,,private,10162,2126,yes,,0,no,no,Booking (hotel/apartment filter),https://www.booking.com/hotel/jp/merisuchi-dai-east-103.html?checkin=2026-11-11&checkout=2026-11-12&group_adults=2&no_rooms=1&selected_currency=JPY
2026-11-11,Wed,2026-11-12,メリス池袋East 402,One-Bedroom Apartment,unverified,10162,2126,yes,8.7,16,no,no,Booking (review>=8 filter),https://www.booking.com/hotel/jp/merisuchi-dai-east-402.html?checkin=2026-11-11&checkout=2026-11-12&group_adults=2&no_rooms=1&selected_currency=JPY
2026-11-11,Wed,2026-11-12,Ryoma Ikebukuro male only -Guest House - Vacation STAY 14547v,Holiday Home,private,10275,2150,yes,4.4,18,yes,no,Booking (hotel/apartment filter),https://www.booking.com/hotel/jp/ryoma-ikebukuro-guest-house-vacation-stay-14547v.html?checkin=2026-11-11&checkout=2026-11-12&group_adults=2&no_rooms=1&selected_currency=JPY
2026-11-11,Wed,2026-11-12,Ryoma Ikebukuro female only Guest House Vacation STAY 16032v,Holiday Home,private,10275,2150,yes,5.4,25,yes,no,Booking (hotel/apartment filter),https://www.booking.com/hotel/jp/ryoma-ikebukuro-guest-house-vacation-stay-16032v.html?checkin=2026-11-11&checkout=2026-11-12&group_adults=2&no_rooms=1&selected_currency=JPY
2026-11-11,Wed,2026-11-12,House Ikebukuro,Japanese Style Economy Room,shared,10455,2187,yes,8.4,1381,yes,no,Booking (hotel/apartment filter),https://www.booking.com/hotel/jp/house-ikebukuro.html?checkin=2026-11-11&checkout=2026-11-12&group_adults=2&no_rooms=1&selected_currency=JPY
2026-11-11,Wed,2026-11-12,House Ikebukuro,Japanese Style Economy Room,shared,10455,2187,yes,8.4,1381,yes,no,Booking (review>=8 filter),https://www.booking.com/hotel/jp/house-ikebukuro.html?checkin=2026-11-11&checkout=2026-11-12&group_adults=2&no_rooms=1&selected_currency=JPY
2026-11-11,Wed,2026-11-12,Kimi Ryokan,Twin Room,shared,10500,2197,yes,8.3,1035,yes,no,Booking (review>=8 filter),https://www.booking.com/hotel/jp/kimi-ryokan.html?checkin=2026-11-11&checkout=2026-11-12&group_adults=2&no_rooms=1&selected_currency=JPY
2026-11-11,Wed,2026-11-12,Karasawa Hotel,One-Bedroom Apartment,private,10530,2203,yes,6.4,39,no,no,Booking (hotel/apartment filter),https://www.booking.com/hotel/jp/tang-ze-hoteru-karasawa.html?checkin=2026-11-11&checkout=2026-11-12&group_adults=2&no_rooms=1&selected_currency=JPY
2026-11-11,Wed,2026-11-12,HOTEL PARK SIDE,Standard Double Room,private,10727,2244,yes,7.5,71,yes,no,Booking (hotel/apartment filter),https://www.booking.com/hotel/jp/park-side-dong-jing.html?checkin=2026-11-11&checkout=2026-11-12&group_adults=2&no_rooms=1&selected_currency=JPY
2026-11-11,Wed,2026-11-12,Hananogo Ikebukuro - Vacation STAY 16082v,Studio,private,10863,2273,yes,7.0,5,yes,no,Booking (hotel/apartment filter),https://www.booking.com/hotel/jp/hananogo-ikebukuro-vacation-stay-16082v.html?checkin=2026-11-11&checkout=2026-11-12&group_adults=2&no_rooms=1&selected_currency=JPY
2026-11-11,Wed,2026-11-12,Hotel Moana Otsuka (Adult Only),Small Double Room,unverified,10909,2282,yes,8.0,303,yes,no,Booking (review>=8 filter),https://www.booking.com/hotel/jp/hoteru-moana-otsuka.html?checkin=2026-11-11&checkout=2026-11-12&group_adults=2&no_rooms=1&selected_currency=JPY
2026-11-11,Wed,2026-11-12,KOSUMOSU Ikebukuro Shinjuku Private House,Double Room,unverified,10909,2282,yes,8.4,146,no,no,Booking (review>=8 filter),https://www.booking.com/hotel/jp/kosumosu.html?checkin=2026-11-11&checkout=2026-11-12&group_adults=2&no_rooms=1&selected_currency=JPY
2026-11-11,Wed,2026-11-12,"BRT203 Cook & Relax, Private Kitchen & Double Bed",One-Bedroom Apartment,private,11008,2303,yes,8.5,4,yes,no,Booking (hotel/apartment filter),https://www.booking.com/hotel/jp/brt203-ikebukuro-station-double-apartment-in-a-busy-business-district-yamanote-l.html?checkin=2026-11-11&checkout=2026-11-12&group_adults=2&no_rooms=1&selected_currency=JPY
2026-11-11,Wed,2026-11-12,"BRT102 Near Ikebukuro, Easy Tokyo Access",,private,11008,2303,yes,8.0,0,yes,no,Booking (hotel/apartment filter),https://www.booking.com/hotel/jp/brt102-apartment-102-for-2-people-direct-access-to-shinjuku-and-shibuya-on-the-y.html?checkin=2026-11-11&checkout=2026-11-12&group_adults=2&no_rooms=1&selected_currency=JPY
2026-11-11,Wed,2026-11-12,"BRT203 Cook & Relax, Private Kitchen & Double Bed",One-Bedroom Apartment,unverified,11008,2303,yes,8.5,4,yes,no,Booking (review>=8 filter),https://www.booking.com/hotel/jp/brt203-ikebukuro-station-double-apartment-in-a-busy-business-district-yamanote-l.html?checkin=2026-11-11&checkout=2026-11-12&group_adults=2&no_rooms=1&selected_currency=JPY
2026-11-11,Wed,2026-11-12,"BRT102 Near Ikebukuro, Easy Tokyo Access",,unverified,11008,2303,yes,8.0,0,yes,no,Booking (review>=8 filter),https://www.booking.com/hotel/jp/brt102-apartment-102-for-2-people-direct-access-to-shinjuku-and-shibuya-on-the-y.html?checkin=2026-11-11&checkout=2026-11-12&group_adults=2&no_rooms=1&selected_currency=JPY
2026-11-11,Wed,2026-11-12,"Luce Ikebukuro - Cozy APT Stay in Ikebukuro Tokyo, with Direct Access to Shinjuku & Shibuya",Late Escape Deal,private,11015,2304,yes,8.1,68,no,no,Booking (hotel/apartment filter),https://www.booking.com/hotel/jp/lucechi-dai.html?checkin=2026-11-11&checkout=2026-11-12&group_adults=2&no_rooms=1&selected_currency=JPY
2026-11-11,Wed,2026-11-12,"Luce Ikebukuro - Cozy APT Stay in Ikebukuro Tokyo, with Direct Access to Shinjuku & Shibuya",Late Escape Deal,unverified,11015,2304,yes,8.1,68,no,no,Booking (review>=8 filter),https://www.booking.com/hotel/jp/lucechi-dai.html?checkin=2026-11-11&checkout=2026-11-12&group_adults=2&no_rooms=1&selected_currency=JPY
2026-11-11,Wed,2026-11-12,愛の屋ホテル池袋,Studio,private,11181,2339,yes,3.0,3,no,no,Booking (hotel/apartment filter),https://www.booking.com/hotel/jp/ai-nowu-hoteruchi-dai-dong-jing-du.html?checkin=2026-11-11&checkout=2026-11-12&group_adults=2&no_rooms=1&selected_currency=JPY
2026-11-11,Wed,2026-11-12,池袋駅徒歩7分 山手線交通便利 設備完備,One-Bedroom Apartment,private,11227,2349,yes,7.7,8,yes,no,Booking (hotel/apartment filter),https://www.booking.com/hotel/jp/chi-dai-yi-tu-bu-7fen-shan-shou-xian-jiao-tong-bian-li-she-bei-wan-bei.html?checkin=2026-11-11&checkout=2026-11-12&group_adults=2&no_rooms=1&selected_currency=JPY
2026-11-11,Wed,2026-11-12,Frame HIGASHI IKEBUKURO,Double or Twin Room,unverified,11230,2349,yes,8.6,31,no,no,Booking (review>=8 filter),https://www.booking.com/hotel/jp/frame-higashiikebukuro.html?checkin=2026-11-11&checkout=2026-11-12&group_adults=2&no_rooms=1&selected_currency=JPY
2026-11-11,Wed,2026-11-12,雲海301 要町駅徒歩7分 池袋バスまで6分 かわいい部屋 最大4名,,private,11232,2350,yes,,0,no,no,Booking (hotel/apartment filter),https://www.booking.com/hotel/jp/tiikawanojia-yao-ting-yi-tu-bu-7fen-chi-dai-basumade6fen-kawaiibu-wu-zui-da-4min.html?checkin=2026-11-11&checkout=2026-11-12&group_adults=2&no_rooms=1&selected_currency=JPY
2026-11-11,Wed,2026-11-12,Garden Otsuka,Late Escape Deal,private,11664,2440,yes,7.0,182,no,no,Booking (hotel/apartment filter),https://www.booking.com/hotel/jp/garden-otsuka-203.html?checkin=2026-11-11&checkout=2026-11-12&group_adults=2&no_rooms=1&selected_currency=JPY
2026-11-11,Wed,2026-11-12,雲海201 池袋までバス6分 要町駅徒歩7分 高速WiFi 最大4人,One-Bedroom Apartment,private,11880,2485,yes,8.7,3,no,no,Booking (hotel/apartment filter),https://www.booking.com/hotel/jp/metamonnojia-chi-dai-madebasu6fen-yao-ting-yi-tu-bu-7fen-gao-su-wifi-zui-da-4ren.html?checkin=2026-11-11&checkout=2026-11-12&group_adults=2&no_rooms=1&selected_currency=JPY
2026-11-11,Wed,2026-11-12,雲海201 池袋までバス6分 要町駅徒歩7分 高速WiFi 最大4人,One-Bedroom Apartment,unverified,11880,2485,yes,8.7,3,no,no,Booking (review>=8 filter),https://www.booking.com/hotel/jp/metamonnojia-chi-dai-madebasu6fen-yao-ting-yi-tu-bu-7fen-gao-su-wifi-zui-da-4ren.html?checkin=2026-11-11&checkout=2026-11-12&group_adults=2&no_rooms=1&selected_currency=JPY
2026-11-11,Wed,2026-11-12,池袋 Bodo House 9 A5,One-Bedroom Apartment,private,11905,2491,yes,6.9,36,no,no,Booking (hotel/apartment filter),https://www.booking.com/hotel/jp/chi-dai-bodo-house-9.html?checkin=2026-11-11&checkout=2026-11-12&group_adults=2&no_rooms=1&selected_currency=JPY
2026-11-11,Wed,2026-11-12,japan house Otsuka,One-Bedroom Apartment,private,12068,2525,yes,9.0,141,no,no,Booking (hotel/apartment filter),https://www.booking.com/hotel/jp/japan-house-otsuka.html?checkin=2026-11-11&checkout=2026-11-12&group_adults=2&no_rooms=1&selected_currency=JPY
2026-11-11,Wed,2026-11-12,japan house Otsuka,One-Bedroom Apartment,unverified,12068,2525,yes,9.0,141,no,no,Booking (review>=8 filter),https://www.booking.com/hotel/jp/japan-house-otsuka.html?checkin=2026-11-11&checkout=2026-11-12&group_adults=2&no_rooms=1&selected_currency=JPY
2026-11-11,Wed,2026-11-12,nestay miriz tokyo ikebukuro,Late Escape Deal,private,12115,2534,yes,8.4,179,no,no,Booking (hotel/apartment filter),https://www.booking.com/hotel/jp/nestay-miriz-tokyo-ikebukuro.html?checkin=2026-11-11&checkout=2026-11-12&group_adults=2&no_rooms=1&selected_currency=JPY
2026-11-11,Wed,2026-11-12,nestay miriz tokyo ikebukuro,Late Escape Deal,unverified,12115,2534,yes,8.4,179,no,no,Booking (review>=8 filter),https://www.booking.com/hotel/jp/nestay-miriz-tokyo-ikebukuro.html?checkin=2026-11-11&checkout=2026-11-12&group_adults=2&no_rooms=1&selected_currency=JPY
2026-11-11,Wed,2026-11-12,"BRT302 Twin Room, Ideal for Friends in Tokyo",One-Bedroom Apartment,private,12231,2559,yes,7.5,2,yes,no,Booking (hotel/apartment filter),https://www.booking.com/hotel/jp/brt302-ikebukuro-station-double-apartment-yamanote-line-direct-access-to-shinjuk.html?checkin=2026-11-11&checkout=2026-11-12&group_adults=2&no_rooms=1&selected_currency=JPY
2026-11-11,Wed,2026-11-12,"BRT201 Yamanote Line, Easy to Shinjuku & Shibuya",,private,12231,2559,yes,9.0,0,yes,no,Booking (hotel/apartment filter),https://www.booking.com/hotel/jp/brt201-ikebukuro-station-double-apartment-201-yamanote-line-direct-access-to-shi.html?checkin=2026-11-11&checkout=2026-11-12&group_adults=2&no_rooms=1&selected_currency=JPY
2026-11-11,Wed,2026-11-12,"BRT202 Tokyo City Base, Double Room for Two",,private,12231,2559,yes,1.0,0,yes,no,Booking (hotel/apartment filter),https://www.booking.com/hotel/jp/brt202-ikebukuro-station-apartment-for-2-people-direct-access-to-shinjuku-and-sh.html?checkin=2026-11-11&checkout=2026-11-12&group_adults=2&no_rooms=1&selected_currency=JPY
2026-11-11,Wed,2026-11-12,"BRT201 Yamanote Line, Easy to Shinjuku & Shibuya",,unverified,12231,2559,yes,9.0,0,yes,no,Booking (review>=8 filter),https://www.booking.com/hotel/jp/brt201-ikebukuro-station-double-apartment-201-yamanote-line-direct-access-to-shi.html?checkin=2026-11-11&checkout=2026-11-12&group_adults=2&no_rooms=1&selected_currency=JPY
2026-11-11,Wed,2026-11-12,Ikebukuro Center# Ikebukuro 5min walk#池袋中心地带# 池袋车站步行5分#无限制wifi#306,,private,12379,2590,yes,9.0,0,no,no,Booking (hotel/apartment filter),https://www.booking.com/hotel/jp/ikebukuro-center-ikebukuro-5min-walk-chi-dai-zhong-xin-di-dai-chi-d-toshima-cit2.html?checkin=2026-11-11&checkout=2026-11-12&group_adults=2&no_rooms=1&selected_currency=JPY
2026-11-11,Wed,2026-11-12,Ikebukuro Center# Ikebukuro 5min walk#池袋中心地带# 池袋车站步行5分#无限制wifi#306,,unverified,12379,2590,yes,9.0,0,no,no,Booking (review>=8 filter),https://www.booking.com/hotel/jp/ikebukuro-center-ikebukuro-5min-walk-chi-dai-zhong-xin-di-dai-chi-d-toshima-cit2.html?checkin=2026-11-11&checkout=2026-11-12&group_adults=2&no_rooms=1&selected_currency=JPY
2026-11-11,Wed,2026-11-12,"Ikebukuro 8 min walk, Kanamecho 6 min walk, 25sqm room, 3 guests, Direct access to Shinjuku, Shibuya, Tokyo, Ueno, 3 single beds",One-Bedroom Apartment,private,12421,2598,yes,7.4,5,yes,no,Booking (hotel/apartment filter),https://www.booking.com/hotel/jp/304-8-min-walk-to-ikebukuro-6-min-walk-to-kanamecho-station25m-max-2-people-dire.html?checkin=2026-11-11&checkout=2026-11-12&group_adults=2&no_rooms=1&selected_currency=JPY
2026-11-11,Wed,2026-11-12,"Ikebukuro 8 min walk, Kanamecho 6 min walk, 25sqm room, 2 guests, Direct access to Shinjuku, Shibuya, Tokyo, Ueno, 2 single beds",,private,12421,2598,yes,1.0,0,yes,no,Booking (hotel/apartment filter),https://www.booking.com/hotel/jp/103-8-min-walk-to-ikebukuro-6-min-walk-to-kanamecho-station25m-max-2-people-dire.html?checkin=2026-11-11&checkout=2026-11-12&group_adults=2&no_rooms=1&selected_currency=JPY
2026-11-11,Wed,2026-11-12,3-20-9 - Vacation STAY 92310v,,private,12475,2610,yes,,0,yes,no,Booking (hotel/apartment filter),https://www.booking.com/hotel/jp/3-20-9-vacation-stay-92310v.html?checkin=2026-11-11&checkout=2026-11-12&group_adults=2&no_rooms=1&selected_currency=JPY
2026-11-11,Wed,2026-11-12,jr山手线大塚站步行2分钟公寓,,private,12518,2619,yes,,0,yes,no,Booking (hotel/apartment filter),https://www.booking.com/hotel/jp/jrshan-shou-xian-da-zhong-zhan-bu-xing-2fen-zhong-gong-yu.html?checkin=2026-11-11&checkout=2026-11-12&group_adults=2&no_rooms=1&selected_currency=JPY
2026-11-11,Wed,2026-11-12,Hotel Suntargas Otsuka - Vacation STAY 08513v,Studio,private,12545,2624,yes,6.6,19,yes,no,Booking (hotel/apartment filter),https://www.booking.com/hotel/jp/suntargas-otsuka-vacation-stay-08513v.html?checkin=2026-11-11&checkout=2026-11-12&group_adults=2&no_rooms=1&selected_currency=JPY
2026-11-11,Wed,2026-11-12,ジェミニス池袋303,One-Bedroom Apartment,private,12600,2636,yes,8.5,2,yes,no,Booking (hotel/apartment filter),https://www.booking.com/hotel/jp/zieminisuchi-dai-303.html?checkin=2026-11-11&checkout=2026-11-12&group_adults=2&no_rooms=1&selected_currency=JPY
2026-11-11,Wed,2026-11-12,ジェミニス池袋303,One-Bedroom Apartment,unverified,12600,2636,yes,8.5,2,yes,no,Booking (review>=8 filter),https://www.booking.com/hotel/jp/zieminisuchi-dai-303.html?checkin=2026-11-11&checkout=2026-11-12&group_adults=2&no_rooms=1&selected_currency=JPY
2026-11-11,Wed,2026-11-12,Hananogo Ikebukuro - Vacation STAY 16116v,,private,12718,2661,yes,1.0,0,yes,no,Booking (hotel/apartment filter),https://www.booking.com/hotel/jp/hananogo-ikebukuro-vacation-stay-16116v.html?checkin=2026-11-11&checkout=2026-11-12&group_adults=2&no_rooms=1&selected_currency=JPY
2026-11-11,Wed,2026-11-12,Otsuka Town Hotel,Double Room - Non-Smoking,private,12727,2662,yes,6.9,23,yes,no,Booking (hotel/apartment filter),https://www.booking.com/hotel/jp/6102447.html?checkin=2026-11-11&checkout=2026-11-12&group_adults=2&no_rooms=1&selected_currency=JPY
2026-11-11,Wed,2026-11-12,池袋レトロなホテル,Superior Double Room,private,12818,2682,yes,7.8,138,yes,no,Booking (hotel/apartment filter),https://www.booking.com/hotel/jp/aroma-plus.html?checkin=2026-11-11&checkout=2026-11-12&group_adults=2&no_rooms=1&selected_currency=JPY
2026-11-11,Wed,2026-11-12,Garden Otsuka,One-Bedroom Apartment,private,12984,2716,yes,7.9,69,yes,no,Booking (hotel/apartment filter),https://www.booking.com/hotel/jp/garden-otsuka.html?checkin=2026-11-11&checkout=2026-11-12&group_adults=2&no_rooms=1&selected_currency=JPY
2026-11-11,Wed,2026-11-12,ARM ikebukuro,One-Bedroom Apartment,private,12984,2716,yes,8.2,45,yes,no,Booking (hotel/apartment filter),https://www.booking.com/hotel/jp/arm-ikebukuro.html?checkin=2026-11-11&checkout=2026-11-12&group_adults=2&no_rooms=1&selected_currency=JPY
2026-11-11,Wed,2026-11-12,Laurea Tower Ikebukuro,One-Bedroom Apartment,private,12984,2716,yes,7.5,266,yes,no,Booking (hotel/apartment filter),https://www.booking.com/hotel/jp/laurea-tower-ikebukuro.html?checkin=2026-11-11&checkout=2026-11-12&group_adults=2&no_rooms=1&selected_currency=JPY
2026-11-11,Wed,2026-11-12,ARM ikebukuro,One-Bedroom Apartment,unverified,12984,2716,yes,8.2,45,yes,no,Booking (review>=8 filter),https://www.booking.com/hotel/jp/arm-ikebukuro.html?checkin=2026-11-11&checkout=2026-11-12&group_adults=2&no_rooms=1&selected_currency=JPY
2026-11-11,Wed,2026-11-12,Toshima-ku - House - Vacation STAY 17454,,private,12999,2719,yes,,0,yes,no,Booking (hotel/apartment filter),https://www.booking.com/hotel/jp/toshima-ku-house-vacation-stay-17454.html?checkin=2026-11-11&checkout=2026-11-12&group_adults=2&no_rooms=1&selected_currency=JPY
2026-11-11,Wed,2026-11-12,NEST BASE Ikebukuro 302,Apartment,private,13012,2722,yes,7.6,5,yes,no,Booking (hotel/apartment filter),https://www.booking.com/hotel/jp/kopogang-qi-302.html?checkin=2026-11-11&checkout=2026-11-12&group_adults=2&no_rooms=1&selected_currency=JPY
2026-11-11,Wed,2026-11-12,ARstay IKEBUKURO TOKYO,,unverified,13019,2724,yes,8.0,0,yes,no,Booking (review>=8 filter),https://www.booking.com/hotel/jp/arstay-ikebukuro-li-dao-qu.html?checkin=2026-11-11&checkout=2026-11-12&group_adults=2&no_rooms=1&selected_currency=JPY
2026-11-11,Wed,2026-11-12,HOTEL CHECK INN BALI adult only,Economy Double Room,private,13091,2739,yes,7.2,316,yes,no,Booking (hotel/apartment filter),https://www.booking.com/hotel/jp/check-inn-bali.html?checkin=2026-11-11&checkout=2026-11-12&group_adults=2&no_rooms=1&selected_currency=JPY
2026-11-11,Wed,2026-11-12,Toyoko Inn Ikebukuro Kita-guchi No.1,plan price (breakfast included),private,13110,2743,yes,8.2,761,yes,yes,Toyoko Inn official site,https://www.toyoko-inn.com/eng/search/detail/00096/
2026-11-11,Wed,2026-11-12,Toyoko Inn Ikebukuro Kita-guchi No.2,plan price (breakfast included),private,13110,2743,yes,8.2,761,yes,yes,Toyoko Inn official site,https://www.toyoko-inn.com/eng/search/detail/00007/
2026-11-11,Wed,2026-11-12,NEST BASE Ikebukuro 202,,private,13210,2764,yes,,0,yes,no,Booking (hotel/apartment filter),https://www.booking.com/hotel/jp/nest-base-ikebukuro-202.html?checkin=2026-11-11&checkout=2026-11-12&group_adults=2&no_rooms=1&selected_currency=JPY
2026-11-11,Wed,2026-11-12,NEST BASE Ikebukuro 201,,private,13210,2764,yes,,0,yes,no,Booking (hotel/apartment filter),https://www.booking.com/hotel/jp/nest-base-ikebukuro-201.html?checkin=2026-11-11&checkout=2026-11-12&group_adults=2&no_rooms=1&selected_currency=JPY
2026-11-11,Wed,2026-11-12,"Ikebukuro 8 min walk, Kanamecho 6 min walk, 25sqm room, 2 guests, Direct access to Shinjuku, Shibuya, Tokyo, Ueno, 1 double bed",One-Bedroom Apartment,private,13415,2806,no,6.7,15,yes,no,Booking (hotel/apartment filter),https://www.booking.com/hotel/jp/8-min-walk-to-ikebukuro-6-min-walk-to-yanagibashi-station25m-max-2-people-direct.html?checkin=2026-11-11&checkout=2026-11-12&group_adults=2&no_rooms=1&selected_currency=JPY
2026-11-11,Wed,2026-11-12,NEST BASE Ikebukuro 301,,private,13435,2811,no,7.0,0,yes,no,Booking (hotel/apartment filter),https://www.booking.com/hotel/jp/kopogang-qi-301.html?checkin=2026-11-11&checkout=2026-11-12&group_adults=2&no_rooms=1&selected_currency=JPY
2026-11-11,Wed,2026-11-12,HOTEL PAL Otsuka -Adult Only-,Economy Double Room (Check-in after 19:00),unverified,13455,2815,no,9.2,97,yes,no,Booking (review>=8 filter),https://www.booking.com/hotel/jp/pal.html?checkin=2026-11-11&checkout=2026-11-12&group_adults=2&no_rooms=1&selected_currency=JPY
2026-11-11,Wed,2026-11-12,Verde Ikebukuro,One-Bedroom Apartment,private,13465,2817,no,7.8,60,yes,no,Booking (hotel/apartment filter),https://www.booking.com/hotel/jp/verde-ikebukuro.html?checkin=2026-11-11&checkout=2026-11-12&group_adults=2&no_rooms=1&selected_currency=JPY
2026-11-11,Wed,2026-11-12,Ikebukuro Warmハウス306,One-Bedroom Apartment,private,13492,2823,no,8.9,17,no,no,Booking (hotel/apartment filter),https://www.booking.com/hotel/jp/ikebukuro-warmhausu306.html?checkin=2026-11-11&checkout=2026-11-12&group_adults=2&no_rooms=1&selected_currency=JPY
2026-11-11,Wed,2026-11-12,Ikebukuro Warmハウス306,One-Bedroom Apartment,unverified,13492,2823,no,8.9,17,no,no,Booking (review>=8 filter),https://www.booking.com/hotel/jp/ikebukuro-warmhausu306.html?checkin=2026-11-11&checkout=2026-11-12&group_adults=2&no_rooms=1&selected_currency=JPY
2026-11-11,Wed,2026-11-12,The underz suite residence Ikebukuro by Tranova,One-Bedroom Apartment,private,13516,2828,no,7.9,22,yes,no,Booking (hotel/apartment filter),https://www.booking.com/hotel/jp/the-underz-suite-residence-ikebukuro.html?checkin=2026-11-11&checkout=2026-11-12&group_adults=2&no_rooms=1&selected_currency=JPY
2026-11-11,Wed,2026-11-12,nestay suite tokyo ikebukuro,One-Bedroom Apartment,private,13600,2845,no,7.5,68,no,no,Booking (hotel/apartment filter),https://www.booking.com/hotel/jp/nestay-suite-tokyo-ikebukuro.html?checkin=2026-11-11&checkout=2026-11-12&group_adults=2&no_rooms=1&selected_currency=JPY
2026-11-11,Wed,2026-11-12,Hotel Suntargas Otsuka,Single Room -Smoking,private,13636,2853,no,7.6,128,yes,no,Booking (hotel/apartment filter),https://www.booking.com/hotel/jp/suntargas-otsuka.html?checkin=2026-11-11&checkout=2026-11-12&group_adults=2&no_rooms=1&selected_currency=JPY
2026-11-11,Wed,2026-11-12,Ikebukuro Central Hotel,Superior Double Room,private,13636,2853,no,5.8,225,yes,no,Booking (hotel/apartment filter),https://www.booking.com/hotel/jp/chi-dai-sentoraruhoteru.html?checkin=2026-11-11&checkout=2026-11-12&group_adults=2&no_rooms=1&selected_currency=JPY
2026-11-11,Wed,2026-11-12,Toyoko Inn Ikebukuro Kita-guchi No.1,plan price (breakfast included),private,13800,2887,no,8.2,761,yes,yes,Toyoko Inn official site,https://www.toyoko-inn.com/eng/search/detail/00096/
2026-11-11,Wed,2026-11-12,Toyoko Inn Ikebukuro Kita-guchi No.2,plan price (breakfast included),private,13800,2887,no,8.2,761,yes,yes,Toyoko Inn official site,https://www.toyoko-inn.com/eng/search/detail/00007/
2026-11-11,Wed,2026-11-12,KOKO HOTEL Ikebukuro,Small Double Room - Non-Smoking,private,13804,2888,no,8.6,1616,yes,no,Booking (hotel/apartment filter),https://www.booking.com/hotel/jp/wing-international-select-ikebukuro.html?checkin=2026-11-11&checkout=2026-11-12&group_adults=2&no_rooms=1&selected_currency=JPY
2026-11-11,Wed,2026-11-12,KOKO HOTEL Ikebukuro,Small Double Room - Non-Smoking,unverified,13804,2888,no,8.6,1616,yes,no,Booking (review>=8 filter),https://www.booking.com/hotel/jp/wing-international-select-ikebukuro.html?checkin=2026-11-11&checkout=2026-11-12&group_adults=2&no_rooms=1&selected_currency=JPY
2026-11-11,Wed,2026-11-12,Garden Otsuka 302,One-Bedroom Apartment,unverified,13868,2901,no,8.2,42,yes,no,Booking (review>=8 filter),https://www.booking.com/hotel/jp/garden-otsuka-gadenda-zhong-hoteru.html?checkin=2026-11-11&checkout=2026-11-12&group_adults=2&no_rooms=1&selected_currency=JPY
2026-11-11,Wed,2026-11-12,Ikebukuro 8min walk#kebukuro center#Living room#bidet toilet#池袋中心#池袋车站步行8分钟#有客厅#卧室#智能马桶#干湿分离202,,private,13909,2910,no,,0,no,no,Booking (hotel/apartment filter),https://www.booking.com/hotel/jp/chi-dai-zhong-xin-chi-dai-che-zhan-bu-xing-7fen-zhong-ke-ting-wo-shi-zhi-neng-ma.html?checkin=2026-11-11&checkout=2026-11-12&group_adults=2&no_rooms=1&selected_currency=JPY
2026-11-11,Wed,2026-11-12,Hotel Route-Inn Tokyo Ikebukuro,Double Room with Small Double Bed - Smoking,private,14000,2929,no,7.9,344,yes,yes,Booking (hotel/apartment filter),https://www.booking.com/hotel/jp/ark-hotel-tokyo.html?checkin=2026-11-11&checkout=2026-11-12&group_adults=2&no_rooms=1&selected_currency=JPY
2026-11-11,Wed,2026-11-12,桜の川 池袋駅7分 2-4人丨7 minutes from Ikebukuro Station 2-4 people,Late Escape Deal,unverified,14051,2939,no,8.2,46,no,no,Booking (review>=8 filter),https://www.booking.com/hotel/jp/ikebukuro-8min-modern-stay.html?checkin=2026-11-11&checkout=2026-11-12&group_adults=2&no_rooms=1&selected_currency=JPY
2026-11-11,Wed,2026-11-12,池袋 Energy CA0 a9,One-Bedroom Apartment,private,14285,2988,no,7.4,19,no,no,Booking (hotel/apartment filter),https://www.booking.com/hotel/jp/chi-dai-energy-ca0-a9.html?checkin=2026-11-11&checkout=2026-11-12&group_adults=2&no_rooms=1&selected_currency=JPY
2026-11-11,Wed,2026-11-12,Ikebukuro IVY House Ao6,One-Bedroom Apartment,private,14285,2988,no,6.3,17,no,no,Booking (hotel/apartment filter),https://www.booking.com/hotel/jp/ikebukuro-ivy-house-ao6.html?checkin=2026-11-11&checkout=2026-11-12&group_adults=2&no_rooms=1&selected_currency=JPY
2026-11-11,Wed,2026-11-12,Ikebukuro Cozy ハウス5,One-Bedroom Apartment,private,14285,2988,no,6.7,13,no,no,Booking (hotel/apartment filter),https://www.booking.com/hotel/jp/ikebukuro-cozy-hausu5.html?checkin=2026-11-11&checkout=2026-11-12&group_adults=2&no_rooms=1&selected_currency=JPY
2026-11-11,Wed,2026-11-12,タスキスマート池袋一号館Tasuki Smart Ikebukuro1,Family Room with Bath,private,14531,3040,no,8.7,186,no,no,Booking (hotel/apartment filter),https://www.booking.com/hotel/jp/japan-house-ikebukuro-1.html?checkin=2026-11-11&checkout=2026-11-12&group_adults=2&no_rooms=1&selected_currency=JPY
2026-11-11,Wed,2026-11-12,タスキスマート池袋一号館Tasuki Smart Ikebukuro1,Family Room with Bath,unverified,14531,3040,no,8.7,186,no,no,Booking (review>=8 filter),https://www.booking.com/hotel/jp/japan-house-ikebukuro-1.html?checkin=2026-11-11&checkout=2026-11-12&group_adults=2&no_rooms=1&selected_currency=JPY
2026-11-11,Wed,2026-11-12,Reimi Mondo601,Deluxe Suite,private,14545,3043,no,8.0,14,no,no,Booking (hotel/apartment filter),https://www.booking.com/hotel/jp/reimi-mondo-tokyo4.html?checkin=2026-11-11&checkout=2026-11-12&group_adults=2&no_rooms=1&selected_currency=JPY
2026-11-11,Wed,2026-11-12,Reimi Mondo701,Two-Bedroom Apartment,private,14545,3043,no,8.0,2,no,no,Booking (hotel/apartment filter),https://www.booking.com/hotel/jp/reimi-mondo-701.html?checkin=2026-11-11&checkout=2026-11-12&group_adults=2&no_rooms=1&selected_currency=JPY
2026-11-11,Wed,2026-11-12,Reimi Mondo601,Deluxe Suite,unverified,14545,3043,no,8.0,14,no,no,Booking (review>=8 filter),https://www.booking.com/hotel/jp/reimi-mondo-tokyo4.html?checkin=2026-11-11&checkout=2026-11-12&group_adults=2&no_rooms=1&selected_currency=JPY
2026-11-11,Wed,2026-11-12,Reimi Mondo701,Two-Bedroom Apartment,unverified,14545,3043,no,8.0,2,no,no,Booking (review>=8 filter),https://www.booking.com/hotel/jp/reimi-mondo-701.html?checkin=2026-11-11&checkout=2026-11-12&group_adults=2&no_rooms=1&selected_currency=JPY
2026-11-11,Wed,2026-11-12,Super Hotel Ikebukuro-Eki Kitaguchi,Double Room with Small Double Bed,unverified,14627,3060,no,8.2,841,no,no,Booking (review>=8 filter),https://www.booking.com/hotel/jp/super-hotel-inn-ikebukuroeki-kitaguchi.html?checkin=2026-11-11&checkout=2026-11-12&group_adults=2&no_rooms=1&selected_currency=JPY
2026-11-11,Wed,2026-11-12,Sunshine902,One-Bedroom Apartment,private,14727,3081,no,,0,no,no,Booking (hotel/apartment filter),https://www.booking.com/hotel/jp/sunshine902.html?checkin=2026-11-11&checkout=2026-11-12&group_adults=2&no_rooms=1&selected_currency=JPY
2026-11-11,Wed,2026-11-12,Sunshine902,One-Bedroom Apartment,unverified,14727,3081,no,,0,no,no,Booking (review>=8 filter),https://www.booking.com/hotel/jp/sunshine902.html?checkin=2026-11-11&checkout=2026-11-12&group_adults=2&no_rooms=1&selected_currency=JPY
2026-11-11,Wed,2026-11-12,Washington R&B Hotel Otsuka Eki Kitaguchi,Double Room with Small Double Bed - Non-Smoking,private,14932,3124,no,8.2,953,yes,no,Booking (hotel/apartment filter),https://www.booking.com/hotel/jp/r-and-b-otsukaeki-kitaguchi.html?checkin=2026-11-11&checkout=2026-11-12&group_adults=2&no_rooms=1&selected_currency=JPY
2026-11-11,Wed,2026-11-12,Washington R&B Hotel Otsuka Eki Kitaguchi,Double Room with Small Double Bed - Non-Smoking,unverified,14932,3124,no,8.2,953,yes,no,Booking (review>=8 filter),https://www.booking.com/hotel/jp/r-and-b-otsukaeki-kitaguchi.html?checkin=2026-11-11&checkout=2026-11-12&group_adults=2&no_rooms=1&selected_currency=JPY
2026-11-11,Wed,2026-11-12,HOTEL MYSTAYS Higashi Ikebukuro,Superior Semi Double - Non-Smoking - House Keeping is Optional with Additional Cost,private,15045,3147,no,8.3,1699,yes,no,Booking (hotel/apartment filter),https://www.booking.com/hotel/jp/flexstay-higashi-ikebukuro-inn.html?checkin=2026-11-11&checkout=2026-11-12&group_adults=2&no_rooms=1&selected_currency=JPY
2026-11-11,Wed,2026-11-12,HOTEL MYSTAYS Higashi Ikebukuro,Superior Semi Double - Non-Smoking - House Keeping is Optional with Additional Cost,unverified,15045,3147,no,8.3,1699,yes,no,Booking (review>=8 filter),https://www.booking.com/hotel/jp/flexstay-higashi-ikebukuro-inn.html?checkin=2026-11-11&checkout=2026-11-12&group_adults=2&no_rooms=1&selected_currency=JPY
2026-11-11,Wed,2026-11-12,KOKO HOTEL Ikebukuro East,Standard Double Room - Non-Smoking,private,15055,3150,no,8.4,1366,yes,no,Booking (hotel/apartment filter),https://www.booking.com/hotel/jp/wing-international-ikebukuro.html?checkin=2026-11-11&checkout=2026-11-12&group_adults=2&no_rooms=1&selected_currency=JPY
2026-11-11,Wed,2026-11-12,KOKO HOTEL Ikebukuro East,Standard Double Room - Non-Smoking,unverified,15055,3150,no,8.4,1366,yes,no,Booking (review>=8 filter),https://www.booking.com/hotel/jp/wing-international-ikebukuro.html?checkin=2026-11-11&checkout=2026-11-12&group_adults=2&no_rooms=1&selected_currency=JPY
2026-11-11,Wed,2026-11-12,Swan Park Ikebukuro,One-Bedroom Apartment,unverified,15309,3203,no,8.2,33,no,no,Booking (review>=8 filter),https://www.booking.com/hotel/jp/suwanpakuchi-dai.html?checkin=2026-11-11&checkout=2026-11-12&group_adults=2&no_rooms=1&selected_currency=JPY
2026-11-11,Wed,2026-11-12,Hotel Resol Ikebukuro,Double Room for 2 adults - Smoking,private,15382,3218,no,7.9,989,yes,no,Booking (hotel/apartment filter),https://www.booking.com/hotel/jp/resol-ikebukuro.html?checkin=2026-11-11&checkout=2026-11-12&group_adults=2&no_rooms=1&selected_currency=JPY
2026-11-11,Wed,2026-11-12,Garden Otsuka 302,One-Bedroom Apartment,private,15409,3224,no,8.2,42,yes,no,Booking (hotel/apartment filter),https://www.booking.com/hotel/jp/garden-otsuka-gadenda-zhong-hoteru.html?checkin=2026-11-11&checkout=2026-11-12&group_adults=2&no_rooms=1&selected_currency=JPY
2026-11-11,Wed,2026-11-12,R&B Hotel Otsuka Eki Kitaguchi - Vacation STAY 40487v,,private,15467,3236,no,5.0,0,yes,no,Booking (hotel/apartment filter),https://www.booking.com/hotel/jp/r-b-otsuka-eki-kitaguchi-vacation-stay-40487v.html?checkin=2026-11-11&checkout=2026-11-12&group_adults=2&no_rooms=1&selected_currency=JPY
2026-11-11,Wed,2026-11-12,IKEBUKURO MANGA HOUSE,One-Bedroom Apartment,private,15491,3241,no,7.8,169,yes,no,Booking (hotel/apartment filter),https://www.booking.com/hotel/jp/ikebukuro-manga-house.html?checkin=2026-11-11&checkout=2026-11-12&group_adults=2&no_rooms=1&selected_currency=JPY
2026-11-11,Wed,2026-11-12,Tokyo Ikebukuro House,One-Bedroom Apartment,private,15545,3252,no,8.3,3,no,no,Booking (hotel/apartment filter),https://www.booking.com/hotel/jp/tokyo-ikebukuro-house.html?checkin=2026-11-11&checkout=2026-11-12&group_adults=2&no_rooms=1&selected_currency=JPY
2026-11-11,Wed,2026-11-12,今和Hotel,One-Bedroom Apartment,private,15545,3252,no,8.7,95,no,no,Booking (hotel/apartment filter),https://www.booking.com/hotel/jp/jin-he-dong-jing-du.html?checkin=2026-11-11&checkout=2026-11-12&group_adults=2&no_rooms=1&selected_currency=JPY
2026-11-11,Wed,2026-11-12,XW-Ikebukuro 903-TS0492,Two-Bedroom Apartment,private,15545,3252,no,9.3,9,yes,no,Booking (hotel/apartment filter),https://www.booking.com/hotel/jp/xw-ikebukuro-903.html?checkin=2026-11-11&checkout=2026-11-12&group_adults=2&no_rooms=1&selected_currency=JPY
2026-11-11,Wed,2026-11-12,Tokyo Ikebukuro House,One-Bedroom Apartment,unverified,15545,3252,no,8.3,3,no,no,Booking (review>=8 filter),https://www.booking.com/hotel/jp/tokyo-ikebukuro-house.html?checkin=2026-11-11&checkout=2026-11-12&group_adults=2&no_rooms=1&selected_currency=JPY
2026-11-11,Wed,2026-11-12,今和Hotel,One-Bedroom Apartment,unverified,15545,3252,no,8.7,95,no,no,Booking (review>=8 filter),https://www.booking.com/hotel/jp/jin-he-dong-jing-du.html?checkin=2026-11-11&checkout=2026-11-12&group_adults=2&no_rooms=1&selected_currency=JPY
2026-11-11,Wed,2026-11-12,XW-Ikebukuro 903-TS0492,Two-Bedroom Apartment,unverified,15545,3252,no,9.3,9,yes,no,Booking (review>=8 filter),https://www.booking.com/hotel/jp/xw-ikebukuro-903.html?checkin=2026-11-11&checkout=2026-11-12&group_adults=2&no_rooms=1&selected_currency=JPY
2026-11-11,Wed,2026-11-12,Laluna Higashiikebukuro,One-Bedroom Apartment,private,15580,3259,no,8.1,85,yes,no,Booking (hotel/apartment filter),https://www.booking.com/hotel/jp/laluna-higashiikebukuro-dong-jing-du.html?checkin=2026-11-11&checkout=2026-11-12&group_adults=2&no_rooms=1&selected_currency=JPY
2026-11-11,Wed,2026-11-12,Laluna Higashiikebukuro,One-Bedroom Apartment,unverified,15580,3259,no,8.1,85,yes,no,Booking (review>=8 filter),https://www.booking.com/hotel/jp/laluna-higashiikebukuro-dong-jing-du.html?checkin=2026-11-11&checkout=2026-11-12&group_adults=2&no_rooms=1&selected_currency=JPY
2026-11-11,Wed,2026-11-12,SUPER HOTEL Ikebukuro West Natural Hot Spring,Room Selected at Check-In,unverified,15598,3263,no,8.7,1349,no,yes,Booking (review>=8 filter),https://www.booking.com/hotel/jp/super-hotel-jr-ikebukuro-nishiguchi.html?checkin=2026-11-11&checkout=2026-11-12&group_adults=2&no_rooms=1&selected_currency=JPY
2026-11-11,Wed,2026-11-12,R&B Hotel Otsuka Eki Kitaguchi - Vacation STAY 40488v,,private,15927,3332,no,,0,yes,no,Booking (hotel/apartment filter),https://www.booking.com/hotel/jp/r-b-otsuka-eki-kitaguchi-vacation-stay-40488v.html?checkin=2026-11-11&checkout=2026-11-12&group_adults=2&no_rooms=1&selected_currency=JPY
2026-11-11,Wed,2026-11-12,Ikebukuro center#池袋中心#高级阳光公寓车站步行5分#高速wifi1208,One-Bedroom Apartment,private,16073,3362,no,8.5,7,no,no,Booking (hotel/apartment filter),https://www.booking.com/hotel/jp/ikebukuro-center-chi-dai-zhong-xin-gao-ji-yang-guang-gong-yu-che-zh-toshima-city.html?checkin=2026-11-11&checkout=2026-11-12&group_adults=2&no_rooms=1&selected_currency=JPY
2026-11-11,Wed,2026-11-12,Ikebukuro center#池袋中心#高级阳光公寓车站步行5分#高速wifi1208,One-Bedroom Apartment,unverified,16073,3362,no,8.5,7,no,no,Booking (review>=8 filter),https://www.booking.com/hotel/jp/ikebukuro-center-chi-dai-zhong-xin-gao-ji-yang-guang-gong-yu-che-zh-toshima-city.html?checkin=2026-11-11&checkout=2026-11-12&group_adults=2&no_rooms=1&selected_currency=JPY
2026-11-11,Wed,2026-11-12,Petit Bali Ikebukuro,Economy Double Room - Smoking,private,16200,3389,no,8.4,281,yes,no,Booking (hotel/apartment filter),https://www.booking.com/hotel/jp/hoteruputeibarichi-dai-dian-dong-jing.html?checkin=2026-11-11&checkout=2026-11-12&group_adults=2&no_rooms=1&selected_currency=JPY
2026-11-11,Wed,2026-11-12,Petit Bali Ikebukuro,Economy Double Room - Smoking,unverified,16200,3389,no,8.4,281,yes,no,Booking (review>=8 filter),https://www.booking.com/hotel/jp/hoteruputeibarichi-dai-dian-dong-jing.html?checkin=2026-11-11&checkout=2026-11-12&group_adults=2&no_rooms=1&selected_currency=JPY
2026-11-11,Wed,2026-11-12,Maison Highway Ikebukuro,One-Bedroom Apartment,private,16229,3395,no,9.0,5,yes,no,Booking (hotel/apartment filter),https://www.booking.com/hotel/jp/maison-highway-ikebukuro.html?checkin=2026-11-11&checkout=2026-11-12&group_adults=2&no_rooms=1&selected_currency=JPY
2026-11-11,Wed,2026-11-12,Maison Highway Ikebukuro,One-Bedroom Apartment,unverified,16229,3395,no,9.0,5,yes,no,Booking (review>=8 filter),https://www.booking.com/hotel/jp/maison-highway-ikebukuro.html?checkin=2026-11-11&checkout=2026-11-12&group_adults=2&no_rooms=1&selected_currency=JPY
2026-11-11,Wed,2026-11-12,Super Hotel Ikebukuro-Eki Kitaguchi,Double Room with Small Double Bed,private,16252,3400,no,8.2,841,no,no,Booking (hotel/apartment filter),https://www.booking.com/hotel/jp/super-hotel-inn-ikebukuroeki-kitaguchi.html?checkin=2026-11-11&checkout=2026-11-12&group_adults=2&no_rooms=1&selected_currency=JPY
2026-11-11,Wed,2026-11-12,Stay in TOKYO Ikebukuro Convenient for Shopping & Long Stays!,One-Bedroom Apartment,private,16364,3423,no,7.6,6,yes,no,Booking (hotel/apartment filter),https://www.booking.com/hotel/jp/geminis-ikebukuro-double-room-for-2-8min-walk-from-ikebukuro-station.html?checkin=2026-11-11&checkout=2026-11-12&group_adults=2&no_rooms=1&selected_currency=JPY
2026-11-11,Wed,2026-11-12,HOTEL VARKIN Ikebukuro Nishiguchi,Economy Double Room,unverified,16568,3466,no,8.3,780,no,no,Booking (review>=8 filter),https://www.booking.com/hotel/jp/varkin-chi-dai-xi-kou.html?checkin=2026-11-11&checkout=2026-11-12&group_adults=2&no_rooms=1&selected_currency=JPY
2026-11-11,Wed,2026-11-12,Asta Hotel,Double Room,private,16652,3484,no,7.9,754,yes,no,Booking (hotel/apartment filter),https://www.booking.com/hotel/jp/asutahoteru.html?checkin=2026-11-11&checkout=2026-11-12&group_adults=2&no_rooms=1&selected_currency=JPY
2026-11-11,Wed,2026-11-12,R&B Hotel Otsuka Eki Kitaguchi - Vacation STAY 14227v,,private,16727,3499,no,10.0,0,yes,yes,Booking (hotel/apartment filter),https://www.booking.com/hotel/jp/r-b-otsuka-eki-kitaguchi-vacation-stay-14227v.html?checkin=2026-11-11&checkout=2026-11-12&group_adults=2&no_rooms=1&selected_currency=JPY
2026-11-11,Wed,2026-11-12,R&B Hotel Otsuka Eki Kitaguchi - Vacation STAY 14227v,,unverified,16727,3499,no,10.0,0,yes,yes,Booking (review>=8 filter),https://www.booking.com/hotel/jp/r-b-otsuka-eki-kitaguchi-vacation-stay-14227v.html?checkin=2026-11-11&checkout=2026-11-12&group_adults=2&no_rooms=1&selected_currency=JPY
2026-11-11,Wed,2026-11-12,Ikebukuro Grand Hotel,Superior Double Room,private,17000,3556,no,5.3,9,yes,no,Booking (hotel/apartment filter),https://www.booking.com/hotel/jp/ikebukuro-grand-hotel.html?checkin=2026-11-11&checkout=2026-11-12&group_adults=2&no_rooms=1&selected_currency=JPY
2026-11-11,Wed,2026-11-12,R&B Hotel Otsuka Eki Kitaguchi - Vacation STAY 14229v,,private,17182,3594,no,,0,yes,yes,Booking (hotel/apartment filter),https://www.booking.com/hotel/jp/r-b-otsuka-eki-kitaguchi-vacation-stay-14229v.html?checkin=2026-11-11&checkout=2026-11-12&group_adults=2&no_rooms=1&selected_currency=JPY
2026-11-11,Wed,2026-11-12,池袋Apila,Family Room with Private Bathroom,unverified,17186,3595,no,9.2,116,no,no,Booking (review>=8 filter),https://www.booking.com/hotel/jp/chi-dai-apila.html?checkin=2026-11-11&checkout=2026-11-12&group_adults=2&no_rooms=1&selected_currency=JPY
2026-11-11,Wed,2026-11-12,Ikebukuro中川405-TS0041,Two-Bedroom Apartment,private,17273,3614,no,9.0,15,yes,no,Booking (hotel/apartment filter),https://www.booking.com/hotel/jp/ikebukurozhong-chuan-405.html?checkin=2026-11-11&checkout=2026-11-12&group_adults=2&no_rooms=1&selected_currency=JPY
2026-11-11,Wed,2026-11-12,Ikebukuro中川405-TS0041,Two-Bedroom Apartment,unverified,17273,3614,no,9.0,15,yes,no,Booking (review>=8 filter),https://www.booking.com/hotel/jp/ikebukurozhong-chuan-405.html?checkin=2026-11-11&checkout=2026-11-12&group_adults=2&no_rooms=1&selected_currency=JPY
2026-11-11,Wed,2026-11-12,SUPER HOTEL Ikebukuro West Natural Hot Spring,Room Selected at Check-In,private,17331,3626,no,8.7,1349,no,yes,Booking (hotel/apartment filter),https://www.booking.com/hotel/jp/super-hotel-jr-ikebukuro-nishiguchi.html?checkin=2026-11-11&checkout=2026-11-12&group_adults=2&no_rooms=1&selected_currency=JPY
2026-11-11,Wed,2026-11-12,3-20-9 - Vacation STAY 92290v,,private,17400,3640,no,,0,yes,no,Booking (hotel/apartment filter),https://www.booking.com/hotel/jp/3-20-9-vacation-stay-92290v.html?checkin=2026-11-11&checkout=2026-11-12&group_adults=2&no_rooms=1&selected_currency=JPY
2026-11-11,Wed,2026-11-12,ASTA HOTEL - Vacation STAY 87220v,,private,17584,3679,no,,0,yes,no,Booking (hotel/apartment filter),https://www.booking.com/hotel/jp/asta-vacation-stay-87220v.html?checkin=2026-11-11&checkout=2026-11-12&group_adults=2&no_rooms=1&selected_currency=JPY
2026-11-11,Wed,2026-11-12,ASTA HOTEL - Vacation STAY 87206v,,private,17584,3679,no,,0,yes,no,Booking (hotel/apartment filter),https://www.booking.com/hotel/jp/asta-vacation-stay-87206v.html?checkin=2026-11-11&checkout=2026-11-12&group_adults=2&no_rooms=1&selected_currency=JPY
2026-11-11,Wed,2026-11-12,japan house Ikebukuro 2,Duplex Studio,private,17726,3708,no,8.5,249,no,no,Booking (hotel/apartment filter),https://www.booking.com/hotel/jp/japan-house-ikebukuro-2-toshima-city.html?checkin=2026-11-11&checkout=2026-11-12&group_adults=2&no_rooms=1&selected_currency=JPY
2026-11-11,Wed,2026-11-12,japan house Ikebukuro 2,Duplex Studio,unverified,17726,3708,no,8.5,249,no,no,Booking (review>=8 filter),https://www.booking.com/hotel/jp/japan-house-ikebukuro-2-toshima-city.html?checkin=2026-11-11&checkout=2026-11-12&group_adults=2&no_rooms=1&selected_currency=JPY
2026-11-11,Wed,2026-11-12,Super Hotel Premier Ikebukuro Natural Hot Spring,Room Selected at Check-In,private,17732,3710,no,8.8,1985,no,no,Booking (hotel/apartment filter),https://www.booking.com/hotel/jp/supahoterupremierchi-dai-tian-ran-wen-quan.html?checkin=2026-11-11&checkout=2026-11-12&group_adults=2&no_rooms=1&selected_currency=JPY
2026-11-11,Wed,2026-11-12,Super Hotel Premier Ikebukuro Natural Hot Spring,Room Selected at Check-In,unverified,17732,3710,no,8.8,1985,no,no,Booking (review>=8 filter),https://www.booking.com/hotel/jp/supahoterupremierchi-dai-tian-ran-wen-quan.html?checkin=2026-11-11&checkout=2026-11-12&group_adults=2&no_rooms=1&selected_currency=JPY
2026-11-11,Wed,2026-11-12,Wellsquareism Ikebukuro East,One-Bedroom Apartment,private,17889,3742,no,8.7,41,yes,no,Booking (hotel/apartment filter),https://www.booking.com/hotel/jp/well-square-ikebukuro-east.html?checkin=2026-11-11&checkout=2026-11-12&group_adults=2&no_rooms=1&selected_currency=JPY
2026-11-11,Wed,2026-11-12,Wellsquareism Ikebukuro East,One-Bedroom Apartment,unverified,17889,3742,no,8.7,41,yes,no,Booking (review>=8 filter),https://www.booking.com/hotel/jp/well-square-ikebukuro-east.html?checkin=2026-11-11&checkout=2026-11-12&group_adults=2&no_rooms=1&selected_currency=JPY
2026-11-11,Wed,2026-11-12,Exquisite business hotel Bella,Double Room with Private Bathroom,unverified,18023,3770,no,8.4,220,yes,no,Booking (review>=8 filter),https://www.booking.com/hotel/jp/bella-toshima-city1.html?checkin=2026-11-11&checkout=2026-11-12&group_adults=2&no_rooms=1&selected_currency=JPY
2026-11-11,Wed,2026-11-12,フクロウ庵101,Apartment,private,18122,3791,no,9.0,5,yes,no,Booking (hotel/apartment filter),https://www.booking.com/hotel/jp/kopogang-qi-101.html?checkin=2026-11-11&checkout=2026-11-12&group_adults=2&no_rooms=1&selected_currency=JPY
2026-11-11,Wed,2026-11-12,フクロウ庵101,Apartment,unverified,18122,3791,no,9.0,5,yes,no,Booking (review>=8 filter),https://www.booking.com/hotel/jp/kopogang-qi-101.html?checkin=2026-11-11&checkout=2026-11-12&group_adults=2&no_rooms=1&selected_currency=JPY
2026-11-11,Wed,2026-11-12,HOTEL VARKIN Ikebukuro Nishiguchi,Economy Double Room,private,18409,3851,no,8.3,780,no,no,Booking (hotel/apartment filter),https://www.booking.com/hotel/jp/varkin-chi-dai-xi-kou.html?checkin=2026-11-11&checkout=2026-11-12&group_adults=2&no_rooms=1&selected_currency=JPY
2026-11-11,Wed,2026-11-12,the b ikebukuro,Superior Single Room with Shower - Non-Smoking,private,18563,3883,no,7.9,947,no,no,Booking (hotel/apartment filter),https://www.booking.com/hotel/jp/the-b-ikebukro.html?checkin=2026-11-11&checkout=2026-11-12&group_adults=2&no_rooms=1&selected_currency=JPY
2026-11-11,Wed,2026-11-12,Ruma Inn Ikebukuro,Three-Bedroom Apartment,private,18900,3954,no,7.1,71,no,no,Booking (hotel/apartment filter),https://www.booking.com/hotel/jp/ruma-inn-ikebukuro.html?checkin=2026-11-11&checkout=2026-11-12&group_adults=2&no_rooms=1&selected_currency=JPY
2026-11-11,Wed,2026-11-12,Super Hotel Tokyo Otsuka,Double Room,private,18919,3958,no,8.8,750,no,yes,Booking (hotel/apartment filter),https://www.booking.com/hotel/jp/super-tokyo-otsuka.html?checkin=2026-11-11&checkout=2026-11-12&group_adults=2&no_rooms=1&selected_currency=JPY
2026-11-11,Wed,2026-11-12,Super Hotel Tokyo Otsuka,Double Room,unverified,18919,3958,no,8.8,750,no,yes,Booking (review>=8 filter),https://www.booking.com/hotel/jp/super-tokyo-otsuka.html?checkin=2026-11-11&checkout=2026-11-12&group_adults=2&no_rooms=1&selected_currency=JPY
2026-11-11,Wed,2026-11-12,渡邉ビル,Three-Bedroom Apartment,private,18963,3967,no,7.6,40,no,no,Booking (hotel/apartment filter),https://www.booking.com/hotel/jp/du-bian-biru.html?checkin=2026-11-11&checkout=2026-11-12&group_adults=2&no_rooms=1&selected_currency=JPY
2026-11-11,Wed,2026-11-12,Centurion Hotel Ikebukuro Station,Standard Semi-Double Room - Non Smoking,private,19079,3991,no,8.1,1745,yes,no,Booking (hotel/apartment filter),https://www.booking.com/hotel/jp/centurion-ikebukuro.html?checkin=2026-11-11&checkout=2026-11-12&group_adults=2&no_rooms=1&selected_currency=JPY
2026-11-11,Wed,2026-11-12,Centurion Hotel Ikebukuro Station,Standard Semi-Double Room - Non Smoking,unverified,19079,3991,no,8.1,1745,yes,no,Booking (review>=8 filter),https://www.booking.com/hotel/jp/centurion-ikebukuro.html?checkin=2026-11-11&checkout=2026-11-12&group_adults=2&no_rooms=1&selected_currency=JPY
2026-11-11,Wed,2026-11-12,Frt池袋2丁目,One-Bedroom Apartment,private,19309,4039,no,7.5,2,yes,no,Booking (hotel/apartment filter),https://www.booking.com/hotel/jp/frtchi-dai-2ding-mu-906.html?checkin=2026-11-11&checkout=2026-11-12&group_adults=2&no_rooms=1&selected_currency=JPY
2026-11-11,Wed,2026-11-12,Ostay Ikebukuro Dairaku Hotel Apartment,One-Bedroom Apartment,unverified,19424,4064,no,8.9,29,no,no,Booking (review>=8 filter),https://www.booking.com/hotel/jp/ostay-ikebukuro-dairaku-apartment-toshima-city1.html?checkin=2026-11-11&checkout=2026-11-12&group_adults=2&no_rooms=1&selected_currency=JPY
2026-11-11,Wed,2026-11-12,Cross Bridge Ikebukuro,Two-Bedroom Apartment,private,19464,4072,no,8.4,22,no,no,Booking (hotel/apartment filter),https://www.booking.com/hotel/jp/cross-bridge-ikebukuro.html?checkin=2026-11-11&checkout=2026-11-12&group_adults=2&no_rooms=1&selected_currency=JPY
2026-11-11,Wed,2026-11-12,Cross Bridge Ikebukuro,Two-Bedroom Apartment,unverified,19464,4072,no,8.4,22,no,no,Booking (review>=8 filter),https://www.booking.com/hotel/jp/cross-bridge-ikebukuro.html?checkin=2026-11-11&checkout=2026-11-12&group_adults=2&no_rooms=1&selected_currency=JPY
2026-11-11,Wed,2026-11-12,Shiratori303 B035,New to Booking.com,private,19638,4108,no,,0,yes,no,Booking (hotel/apartment filter),https://www.booking.com/hotel/jp/b035po-wei-sanbai-niao-303a.html?checkin=2026-11-11&checkout=2026-11-12&group_adults=2&no_rooms=1&selected_currency=JPY
2026-11-11,Wed,2026-11-12,Shiratori303 B035,New to Booking.com,unverified,19638,4108,no,,0,yes,no,Booking (review>=8 filter),https://www.booking.com/hotel/jp/b035po-wei-sanbai-niao-303a.html?checkin=2026-11-11&checkout=2026-11-12&group_adults=2&no_rooms=1&selected_currency=JPY
2026-11-11,Wed,2026-11-12,APA Hotel Yamanote Otsuka Ekimae Tower,Standard Double Room - Non-Smoking,private,19711,4124,no,8.5,8714,yes,no,Booking (hotel/apartment filter),https://www.booking.com/hotel/jp/apa-yamanote-otsuka-eki-tower.html?checkin=2026-11-11&checkout=2026-11-12&group_adults=2&no_rooms=1&selected_currency=JPY
2026-11-11,Wed,2026-11-12,APA Hotel Yamanote Otsuka Ekimae Tower,Standard Double Room - Non-Smoking,unverified,19711,4124,no,8.5,8714,yes,no,Booking (review>=8 filter),https://www.booking.com/hotel/jp/apa-yamanote-otsuka-eki-tower.html?checkin=2026-11-11&checkout=2026-11-12&group_adults=2&no_rooms=1&selected_currency=JPY
2026-11-11,Wed,2026-11-12,"10min walk Ikebukuro Sta JR , 10min Shinjuku Sta, Wi-Fi, PocketWiFi",Quadruple Room with Garden View,unverified,19996,4183,no,8.0,73,yes,no,Booking (review>=8 filter),https://www.booking.com/hotel/jp/ikebukuro-li-dao-qu.html?checkin=2026-11-11&checkout=2026-11-12&group_adults=2&no_rooms=1&selected_currency=JPY
2026-11-11,Wed,2026-11-12,Hotel Grand City,Double Room with Small Double Bed - Non-Smoking,private,20000,4184,no,7.9,2100,yes,no,Booking (hotel/apartment filter),https://www.booking.com/hotel/jp/grand-city-tokyo.html?checkin=2026-11-11&checkout=2026-11-12&group_adults=2&no_rooms=1&selected_currency=JPY
2026-11-11,Wed,2026-11-12,"YFhouse池袋ikebukuro-Direct to Ginza, Tokyo Dome, and the Harry Potter Studio Tour Tokyo",Studio with Balcony,private,20000,4184,no,9.1,8,yes,no,Booking (hotel/apartment filter),https://www.booking.com/hotel/jp/yfhousechi-dai-ikebukuro.html?checkin=2026-11-11&checkout=2026-11-12&group_adults=2&no_rooms=1&selected_currency=JPY
2026-11-11,Wed,2026-11-12,"YFhouse池袋ikebukuro-Direct to Ginza, Tokyo Dome, and the Harry Potter Studio Tour Tokyo",Studio with Balcony,unverified,20000,4184,no,9.1,8,yes,no,Booking (review>=8 filter),https://www.booking.com/hotel/jp/yfhousechi-dai-ikebukuro.html?checkin=2026-11-11&checkout=2026-11-12&group_adults=2&no_rooms=1&selected_currency=JPY
2026-11-11,Wed,2026-11-12,HOTEL LiVEMAX Tokyo-Otsuka Ekimae,Single Room with Small Double Bed - Smoking,private,20357,4259,no,7.2,169,yes,no,Booking (hotel/apartment filter),https://www.booking.com/hotel/jp/livemax-tokyo-otsuka-ekimae.html?checkin=2026-11-11&checkout=2026-11-12&group_adults=2&no_rooms=1&selected_currency=JPY
2026-11-11,Wed,2026-11-12,APA Hotel Ikebukuro Eki Kitaguchi,Double Room - Non-Smoking,private,20455,4279,no,7.9,1496,yes,no,Booking (hotel/apartment filter),https://www.booking.com/hotel/jp/apa-ikebukuro-kitaguchi.html?checkin=2026-11-11&checkout=2026-11-12&group_adults=2&no_rooms=1&selected_currency=JPY
2026-11-11,Wed,2026-11-12,Home Story in Tokyo JR山手線大塚駅Otsuka &東京屋語,Late Escape Deal,private,20500,4289,no,9.0,6,yes,no,Booking (hotel/apartment filter),https://www.booking.com/hotel/jp/tokyo-house-asakusa.html?checkin=2026-11-11&checkout=2026-11-12&group_adults=2&no_rooms=1&selected_currency=JPY
2026-11-11,Wed,2026-11-12,Home Story in Tokyo JR山手線大塚駅Otsuka &東京屋語,Late Escape Deal,unverified,20500,4289,no,9.0,6,yes,no,Booking (review>=8 filter),https://www.booking.com/hotel/jp/tokyo-house-asakusa.html?checkin=2026-11-11&checkout=2026-11-12&group_adults=2&no_rooms=1&selected_currency=JPY
2026-11-11,Wed,2026-11-12,桜の川70-36池袋駅8分钟 1DK套房 max5人房 宽敞安静 ikeburuko,Late Escape Deal,private,20618,4313,no,9.0,33,no,no,Booking (hotel/apartment filter),https://www.booking.com/hotel/jp/chi-dai-yi-8fen-zhong-1dktao-fang-4ren-fang-kuan-chang-an-jing-ikeburuko.html?checkin=2026-11-11&checkout=2026-11-12&group_adults=2&no_rooms=1&selected_currency=JPY
2026-11-11,Wed,2026-11-12,桜の川70-36池袋駅8分钟 1DK套房 max5人房 宽敞安静 ikeburuko,Late Escape Deal,unverified,20618,4313,no,9.0,33,no,no,Booking (review>=8 filter),https://www.booking.com/hotel/jp/chi-dai-yi-8fen-zhong-1dktao-fang-4ren-fang-kuan-chang-an-jing-ikeburuko.html?checkin=2026-11-11&checkout=2026-11-12&group_adults=2&no_rooms=1&selected_currency=JPY
2026-11-11,Wed,2026-11-12,アンドステイ池袋4丁目502,One-Bedroom Apartment,private,20727,4336,no,7.7,4,yes,no,Booking (hotel/apartment filter),https://www.booking.com/hotel/jp/andosuteichi-dai-4ding-mu.html?checkin=2026-11-11&checkout=2026-11-12&group_adults=2&no_rooms=1&selected_currency=JPY
2026-11-11,Wed,2026-11-12,Daiichi Inn Ikebukuro,Superior Twin Room,private,20785,4348,no,8.6,515,yes,no,Booking (hotel/apartment filter),https://www.booking.com/hotel/jp/daiichi-inn-ikebukuro.html?checkin=2026-11-11&checkout=2026-11-12&group_adults=2&no_rooms=1&selected_currency=JPY
2026-11-11,Wed,2026-11-12,Daiichi Inn Ikebukuro,Superior Twin Room,unverified,20785,4348,no,8.6,515,yes,no,Booking (review>=8 filter),https://www.booking.com/hotel/jp/daiichi-inn-ikebukuro.html?checkin=2026-11-11&checkout=2026-11-12&group_adults=2&no_rooms=1&selected_currency=JPY
2026-11-11,Wed,2026-11-12,Ikebukuro Royal Hotel,New to Booking.com,private,20909,4374,no,7.7,3,yes,no,Booking (hotel/apartment filter),https://www.booking.com/hotel/jp/ikebukuroroyalhotel.html?checkin=2026-11-11&checkout=2026-11-12&group_adults=2&no_rooms=1&selected_currency=JPY
2026-11-11,Wed,2026-11-12,COCOYO Hotel Otsuka,Economy Twin Room,private,21273,4450,no,8.6,440,yes,no,Booking (hotel/apartment filter),https://www.booking.com/hotel/jp/cocoyo.html?checkin=2026-11-11&checkout=2026-11-12&group_adults=2&no_rooms=1&selected_currency=JPY
2026-11-11,Wed,2026-11-12,COCOYO Hotel Otsuka,Economy Twin Room,unverified,21273,4450,no,8.6,440,yes,no,Booking (review>=8 filter),https://www.booking.com/hotel/jp/cocoyo.html?checkin=2026-11-11&checkout=2026-11-12&group_adults=2&no_rooms=1&selected_currency=JPY
2026-11-11,Wed,2026-11-12,池袋大型交通便利 2f,,private,21636,4526,no,4.0,0,yes,no,Booking (hotel/apartment filter),https://www.booking.com/hotel/jp/chi-dai-da-xing-jiao-tong-bian-li-2f.html?checkin=2026-11-11&checkout=2026-11-12&group_adults=2&no_rooms=1&selected_currency=JPY
2026-11-11,Wed,2026-11-12,Ciel東池袋,New to Booking.com,private,21745,4549,no,8.5,16,no,no,Booking (hotel/apartment filter),https://www.booking.com/hotel/jp/cieldong-chi-dai.html?checkin=2026-11-11&checkout=2026-11-12&group_adults=2&no_rooms=1&selected_currency=JPY
2026-11-11,Wed,2026-11-12,Ciel東池袋,New to Booking.com,unverified,21745,4549,no,8.5,16,no,no,Booking (review>=8 filter),https://www.booking.com/hotel/jp/cieldong-chi-dai.html?checkin=2026-11-11&checkout=2026-11-12&group_adults=2&no_rooms=1&selected_currency=JPY
2026-11-11,Wed,2026-11-12,HOTEL APERTO (Adult Only),Check-in after 9pm - Standard Double Room,private,21845,4570,no,8.7,1297,yes,no,Booking (hotel/apartment filter),https://www.booking.com/hotel/jp/aperto.html?checkin=2026-11-11&checkout=2026-11-12&group_adults=2&no_rooms=1&selected_currency=JPY
2026-11-11,Wed,2026-11-12,HOTEL APERTO (Adult Only),Check-in after 9pm - Standard Double Room,unverified,21845,4570,no,8.7,1297,yes,no,Booking (review>=8 filter),https://www.booking.com/hotel/jp/aperto.html?checkin=2026-11-11&checkout=2026-11-12&group_adults=2&no_rooms=1&selected_currency=JPY
2026-11-11,Wed,2026-11-12,Sakura Bella Ikebukuro,Double Room,unverified,22028,4608,no,8.1,606,yes,no,Booking (review>=8 filter),https://www.booking.com/hotel/jp/bella.html?checkin=2026-11-11&checkout=2026-11-12&group_adults=2&no_rooms=1&selected_currency=JPY
2026-11-11,Wed,2026-11-12,Hotel VARKIN,Queen Room,private,22032,4609,no,7.7,773,yes,no,Booking (hotel/apartment filter),https://www.booking.com/hotel/jp/varkin-hotel.html?checkin=2026-11-11&checkout=2026-11-12&group_adults=2&no_rooms=1&selected_currency=JPY
2026-11-11,Wed,2026-11-12,HOTEL VARKIN ANNEX,Queen Room,unverified,22051,4613,no,8.6,741,no,no,Booking (review>=8 filter),https://www.booking.com/hotel/jp/varkin-annex.html?checkin=2026-11-11&checkout=2026-11-12&group_adults=2&no_rooms=1&selected_currency=JPY
2026-11-11,Wed,2026-11-12,AM's 502 Movie 5 min to Ikebukuro 13 min to Shinjuku Station 19 min to Shibuya Station with coworking space,One-Bedroom Apartment,private,22091,4621,no,8.5,4,no,no,Booking (hotel/apartment filter),https://www.booking.com/hotel/jp/ams-502-movie-5-min-to-ikebukuro-13-min-to-shinjuku-station-19-min-to-shibuya-st.html?checkin=2026-11-11&checkout=2026-11-12&group_adults=2&no_rooms=1&selected_currency=JPY
2026-11-11,Wed,2026-11-12,AM's 502 Movie 5 min to Ikebukuro 13 min to Shinjuku Station 19 min to Shibuya Station with coworking space,One-Bedroom Apartment,unverified,22091,4621,no,8.5,4,no,no,Booking (review>=8 filter),https://www.booking.com/hotel/jp/ams-502-movie-5-min-to-ikebukuro-13-min-to-shinjuku-station-19-min-to-shibuya-st.html?checkin=2026-11-11&checkout=2026-11-12&group_adults=2&no_rooms=1&selected_currency=JPY
2026-11-11,Wed,2026-11-12,MSTAY池袋one,Three-Bedroom Villa,unverified,22645,4737,no,9.1,7,yes,no,Booking (review>=8 filter),https://www.booking.com/hotel/jp/mstaychi-dai-one.html?checkin=2026-11-11&checkout=2026-11-12&group_adults=2&no_rooms=1&selected_currency=JPY
2026-11-11,Wed,2026-11-12,Keio Presso Inn Ikebukuro,Double Room with Small Double Bed - Non-Smoking,private,22729,4755,no,8.5,1433,yes,no,Booking (hotel/apartment filter),https://www.booking.com/hotel/jp/keio-presson-inn-ikebukuro.html?checkin=2026-11-11&checkout=2026-11-12&group_adults=2&no_rooms=1&selected_currency=JPY
2026-11-11,Wed,2026-11-12,Keio Presso Inn Ikebukuro,Double Room with Small Double Bed - Non-Smoking,unverified,22729,4755,no,8.5,1433,yes,no,Booking (review>=8 filter),https://www.booking.com/hotel/jp/keio-presson-inn-ikebukuro.html?checkin=2026-11-11&checkout=2026-11-12&group_adults=2&no_rooms=1&selected_currency=JPY
2026-11-11,Wed,2026-11-12,Tokyu Stay Ikebukuro,Moderate double Room - Non Smoking,unverified,22903,4791,no,8.7,1137,no,no,Booking (review>=8 filter),https://www.booking.com/hotel/jp/tokyu-stay-ikebukuro.html?checkin=2026-11-11&checkout=2026-11-12&group_adults=2&no_rooms=1&selected_currency=JPY
2026-11-11,Wed,2026-11-12,BaliAn Resort Forest Ikebukuro,Comfort Double Room - Smoking,unverified,23416,4899,no,9.0,90,yes,no,Booking (review>=8 filter),https://www.booking.com/hotel/jp/hoterubarianrizotohuoresutochi-dai-xi-kou-dian.html?checkin=2026-11-11&checkout=2026-11-12&group_adults=2&no_rooms=1&selected_currency=JPY
2026-11-11,Wed,2026-11-12,Dormy Inn Ikebukuro - Natural Hot Spring,Late Escape Deal,private,23545,4926,no,8.7,1808,yes,no,Booking (hotel/apartment filter),https://www.booking.com/hotel/jp/domiinchi-dai.html?checkin=2026-11-11&checkout=2026-11-12&group_adults=2&no_rooms=1&selected_currency=JPY
2026-11-11,Wed,2026-11-12,Dormy Inn Ikebukuro - Natural Hot Spring,Late Escape Deal,unverified,23545,4926,no,8.7,1808,yes,no,Booking (review>=8 filter),https://www.booking.com/hotel/jp/domiinchi-dai.html?checkin=2026-11-11&checkout=2026-11-12&group_adults=2&no_rooms=1&selected_currency=JPY
2026-11-11,Wed,2026-11-12,Ikebukuro 2Room D3,Two-Bedroom Apartment,private,23809,4981,no,8.7,7,no,no,Booking (hotel/apartment filter),https://www.booking.com/hotel/jp/ikebukuro-2room-d3.html?checkin=2026-11-11&checkout=2026-11-12&group_adults=2&no_rooms=1&selected_currency=JPY
2026-11-11,Wed,2026-11-12,Ikebukuro 2Room D3,Two-Bedroom Apartment,unverified,23809,4981,no,8.7,7,no,no,Booking (review>=8 filter),https://www.booking.com/hotel/jp/ikebukuro-2room-d3.html?checkin=2026-11-11&checkout=2026-11-12&group_adults=2&no_rooms=1&selected_currency=JPY
2026-11-11,Wed,2026-11-12,HOTEL VARKIN ANNEX,Queen Room,private,24501,5126,no,8.6,741,no,no,Booking (hotel/apartment filter),https://www.booking.com/hotel/jp/varkin-annex.html?checkin=2026-11-11&checkout=2026-11-12&group_adults=2&no_rooms=1&selected_currency=JPY
2026-11-11,Wed,2026-11-12,Rakuyitsu Group Ikebukuro Mizukien 3F 111Tc,Villa,unverified,24509,5127,no,8.8,15,yes,no,Booking (review>=8 filter),https://www.booking.com/hotel/jp/rui-yue-yuan-3-zui-ji-yi-nochi-dai-yi-tu-bu-8fen-xin-su-made1yi-5fen-53m-mujizhi.html?checkin=2026-11-11&checkout=2026-11-12&group_adults=2&no_rooms=1&selected_currency=JPY
2026-11-11,Wed,2026-11-12,池袋大型交通生活便利,Apartment,unverified,25216,5275,no,10.0,2,no,no,Booking (review>=8 filter),https://www.booking.com/hotel/jp/chi-dai-da-xing-jiao-tong-sheng-huo-bian-li.html?checkin=2026-11-11&checkout=2026-11-12&group_adults=2&no_rooms=1&selected_currency=JPY
2026-11-11,Wed,2026-11-12,R&B Hotel Otsuka Eki Kitaguchi - Vacation STAY 40484v,Studio,private,25410,5316,no,8.3,113,yes,no,Booking (hotel/apartment filter),https://www.booking.com/hotel/jp/r-b-otsuka-eki-kitaguchi-vacation-stay-40484v.html?checkin=2026-11-11&checkout=2026-11-12&group_adults=2&no_rooms=1&selected_currency=JPY
2026-11-11,Wed,2026-11-12,R&B Hotel Otsuka Eki Kitaguchi - Vacation STAY 40484v,Studio,unverified,25410,5316,no,8.3,113,yes,no,Booking (review>=8 filter),https://www.booking.com/hotel/jp/r-b-otsuka-eki-kitaguchi-vacation-stay-40484v.html?checkin=2026-11-11&checkout=2026-11-12&group_adults=2&no_rooms=1&selected_currency=JPY
2026-11-11,Wed,2026-11-12,别墅A棟 池袋商圈 大塚站7分钟 3个房间 交通便利 最大8人 Ikebukuro center 7 mins to ST Max 8P 直达新宿 涉谷 表参道 池袋 上野 代代木 银座 原宿,Three-Bedroom Villa,unverified,25500,5335,no,9.5,4,yes,no,Booking (review>=8 filter),https://www.booking.com/hotel/jp/bie-shu-chi-dai-shang-quan-da-zhong-zhan-7fen-zhong-3ge-fang-jian-jiao-tong-bian.html?checkin=2026-11-11&checkout=2026-11-12&group_adults=2&no_rooms=1&selected_currency=JPY
2026-11-11,Wed,2026-11-12,Jr山手线大塚站步行1分钟地处商店街的无敌便利,Two-Bedroom Apartment,private,26018,5443,no,8.2,18,no,no,Booking (hotel/apartment filter),https://www.booking.com/hotel/jp/jrshan-shou-xian-da-zhong-zhan-bu-xing-1fen-zhong-di-chu-shang-dian-jie-de-wu-di.html?checkin=2026-11-11&checkout=2026-11-12&group_adults=2&no_rooms=1&selected_currency=JPY
2026-11-11,Wed,2026-11-12,Jr山手线大塚站步行1分钟地处商店街的无敌便利,Two-Bedroom Apartment,unverified,26018,5443,no,8.2,18,no,no,Booking (review>=8 filter),https://www.booking.com/hotel/jp/jrshan-shou-xian-da-zhong-zhan-bu-xing-1fen-zhong-di-chu-shang-dian-jie-de-wu-di.html?checkin=2026-11-11&checkout=2026-11-12&group_adults=2&no_rooms=1&selected_currency=JPY
2026-11-11,Wed,2026-11-12,R&B Hotel Otsuka Eki Kitaguchi - Vacation STAY 40485v,Studio,private,26330,5508,no,8.5,29,yes,no,Booking (hotel/apartment filter),https://www.booking.com/hotel/jp/r-b-otsuka-eki-kitaguchi-vacation-stay-40485v.html?checkin=2026-11-11&checkout=2026-11-12&group_adults=2&no_rooms=1&selected_currency=JPY
2026-11-11,Wed,2026-11-12,ASTA HOTEL - Vacation STAY 87210v,,private,26330,5508,no,,0,yes,no,Booking (hotel/apartment filter),https://www.booking.com/hotel/jp/asta-vacation-stay-87210v.html?checkin=2026-11-11&checkout=2026-11-12&group_adults=2&no_rooms=1&selected_currency=JPY
2026-11-11,Wed,2026-11-12,ASTA HOTEL - Vacation STAY 87171v,,private,26330,5508,no,,0,yes,no,Booking (hotel/apartment filter),https://www.booking.com/hotel/jp/asta-vacation-stay-87171v.html?checkin=2026-11-11&checkout=2026-11-12&group_adults=2&no_rooms=1&selected_currency=JPY
2026-11-11,Wed,2026-11-12,R&B Hotel Otsuka Eki Kitaguchi - Vacation STAY 40485v,Studio,unverified,26330,5508,no,8.5,29,yes,no,Booking (review>=8 filter),https://www.booking.com/hotel/jp/r-b-otsuka-eki-kitaguchi-vacation-stay-40485v.html?checkin=2026-11-11&checkout=2026-11-12&group_adults=2&no_rooms=1&selected_currency=JPY
2026-11-11,Wed,2026-11-12,OMO5 Tokyo Otsuka by Hoshino Resorts,YAGURA Room,private,26509,5546,no,8.8,1371,no,no,Booking (hotel/apartment filter),https://www.booking.com/hotel/jp/xing-ye-rizoto-omo5-da-zhong.html?checkin=2026-11-11&checkout=2026-11-12&group_adults=2&no_rooms=1&selected_currency=JPY
2026-11-11,Wed,2026-11-12,OMO5 Tokyo Otsuka by Hoshino Resorts,YAGURA Room,unverified,26509,5546,no,8.8,1371,no,no,Booking (review>=8 filter),https://www.booking.com/hotel/jp/xing-ye-rizoto-omo5-da-zhong.html?checkin=2026-11-11&checkout=2026-11-12&group_adults=2&no_rooms=1&selected_currency=JPY
2026-11-11,Wed,2026-11-12,R&B Hotel Otsuka Eki Kitaguchi - Vacation STAY 14221v,Studio,private,26545,5553,no,8.2,18,yes,no,Booking (hotel/apartment filter),https://www.booking.com/hotel/jp/r-b-otsuka-eki-kitaguchi-vacation-stay-14221v.html?checkin=2026-11-11&checkout=2026-11-12&group_adults=2&no_rooms=1&selected_currency=JPY
2026-11-11,Wed,2026-11-12,R&B Hotel Otsuka Eki Kitaguchi - Vacation STAY 14221v,Studio,unverified,26545,5553,no,8.2,18,yes,no,Booking (review>=8 filter),https://www.booking.com/hotel/jp/r-b-otsuka-eki-kitaguchi-vacation-stay-14221v.html?checkin=2026-11-11&checkout=2026-11-12&group_adults=2&no_rooms=1&selected_currency=JPY
2026-11-11,Wed,2026-11-12,R&B Hotel Otsuka Eki Kitaguchi - Vacation STAY 14225v,Studio,private,27455,5744,no,7.0,2,yes,no,Booking (hotel/apartment filter),https://www.booking.com/hotel/jp/r-b-otsuka-eki-kitaguchi-vacation-stay-14225v.html?checkin=2026-11-11&checkout=2026-11-12&group_adults=2&no_rooms=1&selected_currency=JPY
2026-11-11,Wed,2026-11-12,池袋4丁目貸切一軒家最大七名,Three-Bedroom Apartment,unverified,27636,5781,no,9.1,6,yes,no,Booking (review>=8 filter),https://www.booking.com/hotel/jp/ikebukuro-walking-distance-family-villa-max-7-people-whole-rental-wi-fi.html?checkin=2026-11-11&checkout=2026-11-12&group_adults=2&no_rooms=1&selected_currency=JPY
2026-11-11,Wed,2026-11-12,"2 Minutes Walk to Ikebukuro Station, Central Tokyo and Very Convenient",One-Bedroom Apartment,unverified,27982,5854,no,9.6,16,no,no,Booking (review>=8 filter),https://www.booking.com/hotel/jp/2-min-walk-to-ikebukuro-station.html?checkin=2026-11-11&checkout=2026-11-12&group_adults=2&no_rooms=1&selected_currency=JPY
2026-11-11,Wed,2026-11-12,Y's INN Ikefukuro 109T,Villa,unverified,28430,5948,no,8.3,3,yes,no,Booking (review>=8 filter),https://www.booking.com/hotel/jp/chi-dai-chi-dai-yi-madetu-bu-11fen-xin-su-shibui-gu-qian-cao-yin-zuo-qiu-xie-yua.html?checkin=2026-11-11&checkout=2026-11-12&group_adults=2&no_rooms=1&selected_currency=JPY
2026-11-11,Wed,2026-11-12,ASTA HOTEL - Vacation STAY 87233v,,private,29092,6086,no,,0,yes,no,Booking (hotel/apartment filter),https://www.booking.com/hotel/jp/asta-vacation-stay-87233v.html?checkin=2026-11-11&checkout=2026-11-12&group_adults=2&no_rooms=1&selected_currency=JPY
2026-11-11,Wed,2026-11-12,Sunshine City Prince Hotel Ikebukuro Tokyo,Semi Double Room - Non-Smoking 33-37th Floor,private,29139,6096,no,8.5,3151,yes,no,Booking (hotel/apartment filter),https://www.booking.com/hotel/jp/sunshine-city-prince.html?checkin=2026-11-11&checkout=2026-11-12&group_adults=2&no_rooms=1&selected_currency=JPY
2026-11-11,Wed,2026-11-12,Sunshine City Prince Hotel Ikebukuro Tokyo,Semi Double Room - Non-Smoking 33-37th Floor,unverified,29139,6096,no,8.5,3151,yes,no,Booking (review>=8 filter),https://www.booking.com/hotel/jp/sunshine-city-prince.html?checkin=2026-11-11&checkout=2026-11-12&group_adults=2&no_rooms=1&selected_currency=JPY
2026-11-11,Wed,2026-11-12,Cosmy-2 IC53,One-Bedroom Apartment,unverified,29221,6113,no,8.1,8,yes,no,Booking (review>=8 filter),https://www.booking.com/hotel/jp/cosmy-2-ic53.html?checkin=2026-11-11&checkout=2026-11-12&group_adults=2&no_rooms=1&selected_currency=JPY
2026-11-11,Wed,2026-11-12,Tokyo Ikebukuro Garden Villa Hotel,,private,29455,6162,no,,0,no,no,Booking (hotel/apartment filter),https://www.booking.com/hotel/jp/tokyo-ikebukuro-garden-villa.html?checkin=2026-11-11&checkout=2026-11-12&group_adults=2&no_rooms=1&selected_currency=JPY
2026-11-11,Wed,2026-11-12,Ikebukuro 3-Chome Stay,,unverified,30600,6402,no,10.0,0,no,no,Booking (review>=8 filter),https://www.booking.com/hotel/jp/chi-dai-3ding-mu-stay.html?checkin=2026-11-11&checkout=2026-11-12&group_adults=2&no_rooms=1&selected_currency=JPY
2026-11-11,Wed,2026-11-12,新宿 涉谷 原宿可多线直达 有Wifi 山手线大站池袋车站一戸建,,unverified,31091,6504,no,10.0,0,no,no,Booking (review>=8 filter),https://www.booking.com/hotel/jp/xin-su-she-gu-yuan-su-ke-duo-xian-zhi-da-you-wifi-shan-shou-xian-da-zhan-chi-dai.html?checkin=2026-11-11&checkout=2026-11-12&group_adults=2&no_rooms=1&selected_currency=JPY
2026-11-11,Wed,2026-11-12,Yurakuen 113t,Villa,unverified,31371,6563,no,9.6,15,yes,no,Booking (review>=8 filter),https://www.booking.com/hotel/jp/you-le-yuan-73mdai-qie-chi-dai-made1yi-xin-su-made5yi-jrda-zhong-yi-karatu-bu-10.html?checkin=2026-11-11&checkout=2026-11-12&group_adults=2&no_rooms=1&selected_currency=JPY
2026-11-11,Wed,2026-11-12,悠悠之家 池袋商业区 7分钟步行到池袋车站 3层独栋别墅 全新 3房2厅厨卫齐全 免费车库 奈飞影院,Three-Bedroom Villa,unverified,31818,6656,no,9.5,2,no,no,Booking (review>=8 filter),https://www.booking.com/hotel/jp/you-you-zhi-jia-chi-dai-shang-ye-qu-7fen-zhong-bu-xing-dao-chi-dai-che-zhan-3cen.html?checkin=2026-11-11&checkout=2026-11-12&group_adults=2&no_rooms=1&selected_currency=JPY
2026-11-11,Wed,2026-11-12,桜の川65 池袋駅C6口 8分 2-10人丨Ikebukuro JR Line C6 Exit 8 minutes 2-10 people,Late Escape Deal,unverified,32073,6710,no,9.5,27,no,no,Booking (review>=8 filter),https://www.booking.com/hotel/jp/ying-nochuan-65-ikebukuro-area.html?checkin=2026-11-11&checkout=2026-11-12&group_adults=2&no_rooms=1&selected_currency=JPY
2026-11-11,Wed,2026-11-12,SLEEPLAB THE STAY 池袋 -Ikebukuro-,One-Bedroom Family Apartment,unverified,32318,6761,no,8.1,12,no,no,Booking (review>=8 filter),https://www.booking.com/hotel/jp/sleeplab-the-stay-chi-dai-ikebukuro.html?checkin=2026-11-11&checkout=2026-11-12&group_adults=2&no_rooms=1&selected_currency=JPY
2026-11-11,Wed,2026-11-12,池袋站步行3分钟 团体6-10人入住,Studio Apartment,unverified,33228,6951,no,9.3,22,no,no,Booking (review>=8 filter),https://www.booking.com/hotel/jp/dong-jing-xing-yun-lu-guan-li-dao-qu-nan-chi-dai-2ding-mu-24fan-3hao.html?checkin=2026-11-11&checkout=2026-11-12&group_adults=2&no_rooms=1&selected_currency=JPY
2026-11-11,Wed,2026-11-12,Oasis IKEBUKURO,Late Escape Deal,unverified,33840,7079,no,8.0,2,no,no,Booking (review>=8 filter),https://www.booking.com/hotel/jp/oasis-ikebukuro.html?checkin=2026-11-11&checkout=2026-11-12&group_adults=2&no_rooms=1&selected_currency=JPY
2026-11-11,Wed,2026-11-12,Hotel Metropolitan Tokyo Ikebukuro,Moderate Queen - Non-Smoking (6F-7F),unverified,35044,7331,no,8.8,3049,yes,no,Booking (review>=8 filter),https://www.booking.com/hotel/jp/metropolitan-tokyo.html?checkin=2026-11-11&checkout=2026-11-12&group_adults=2&no_rooms=1&selected_currency=JPY
2026-11-11,Wed,2026-11-12,ixtupinnenn 020T,,unverified,35345,7394,no,10.0,0,yes,no,Booking (review>=8 filter),https://www.booking.com/hotel/jp/yi-pin-yuan-4ldkhu-jian-108m-riniyuaru-wu-liao-zhu-che-chang-ari-da-xing-wei-she.html?checkin=2026-11-11&checkout=2026-11-12&group_adults=2&no_rooms=1&selected_currency=JPY
2026-11-11,Wed,2026-11-12,"SCD155 Private House for 9 with Rooftop in Ikebukuro, Direct Access to Tokyo's Core Commercial Districts",Villa,unverified,37183,7779,no,8.8,5,yes,no,Booking (review>=8 filter),https://www.booking.com/hotel/jp/spacious-villa-in-ikebukuro-suburbs-direct-access-to-tokyos-core-commercial-dist.html?checkin=2026-11-11&checkout=2026-11-12&group_adults=2&no_rooms=1&selected_currency=JPY
2026-11-11,Wed,2026-11-12,"9-min walk to Ikebukuro Station, 1-min walk to Kanamecho Station Max 8 guests 70 sqm Free parking Direct access to Shinjuku, Shibuya, Ueno",Two-Bedroom Apartment,unverified,37320,7807,no,8.8,6,no,no,Booking (review>=8 filter),https://www.booking.com/hotel/jp/9-min-walk-to-ikebukuro-station-1-min-walk-to-kanamecho-station-max-8-guests-70.html?checkin=2026-11-11&checkout=2026-11-12&group_adults=2&no_rooms=1&selected_currency=JPY
2026-11-11,Wed,2026-11-12,SCD2 Fully Equipped House for 9 in Ikebukuro,Three-Bedroom Villa,unverified,37391,7822,no,8.0,6,yes,no,Booking (review>=8 filter),https://www.booking.com/hotel/jp/ikebukuro-commercial-district-premium-homestay.html?checkin=2026-11-11&checkout=2026-11-12&group_adults=2&no_rooms=1&selected_currency=JPY
2026-11-11,Wed,2026-11-12,MIMARU Tokyo Ikebukuro,Late Escape Deal,unverified,42545,8900,no,9.1,1045,yes,no,Booking (review>=8 filter),https://www.booking.com/hotel/jp/mimarudong-jing-chi-dai.html?checkin=2026-11-11&checkout=2026-11-12&group_adults=2&no_rooms=1&selected_currency=JPY
2026-11-11,Wed,2026-11-12,hotel hisoca ikebukuro,Superior Double Room with Two Double Beds,unverified,46200,9665,no,9.3,327,yes,no,Booking (review>=8 filter),https://www.booking.com/hotel/jp/hisoca.html?checkin=2026-11-11&checkout=2026-11-12&group_adults=2&no_rooms=1&selected_currency=JPY
2026-11-11,Wed,2026-11-12,Ikebukuro 3 Chome,Villa,unverified,50727,10612,no,9.5,2,yes,no,Booking (review>=8 filter),https://www.booking.com/hotel/jp/ikebukuro-3-chome.html?checkin=2026-11-11&checkout=2026-11-12&group_adults=2&no_rooms=1&selected_currency=JPY
2026-11-11,Wed,2026-11-12,Corpo Okazaki - Vacation STAY 20516,,unverified,55056,11518,no,8.0,0,yes,no,Booking (review>=8 filter),https://www.booking.com/hotel/jp/corpo-okazaki-vacation-stay-20516.html?checkin=2026-11-11&checkout=2026-11-12&group_adults=2&no_rooms=1&selected_currency=JPY
2026-11-11,Wed,2026-11-12,"A spacious home near Ikebukuro Station on the JR Yamanote Line, the world's third-most-used railway station, just a 5 minute walk from the shopping and entertainment district",,unverified,60282,12611,no,10.0,0,yes,no,Booking (review>=8 filter),https://www.booking.com/hotel/jp/a-spacious-home-near-ikebukuro-station-on-the-jr-yamanote-line-the-worlds-third.html?checkin=2026-11-11&checkout=2026-11-12&group_adults=2&no_rooms=1&selected_currency=JPY
2026-11-11,Wed,2026-11-12,こたつたたみハウス,,unverified,61401,12845,no,10.0,0,no,no,Booking (review>=8 filter),https://www.booking.com/hotel/jp/kotatsu-tatami-house.html?checkin=2026-11-11&checkout=2026-11-12&group_adults=2&no_rooms=1&selected_currency=JPY
2026-11-11,Wed,2026-11-12,Felizstay Ikebukuro,New to Booking.com,unverified,63192,13220,no,,0,yes,no,Booking (review>=8 filter),https://www.booking.com/hotel/jp/felizstay-ikebukuro.html?checkin=2026-11-11&checkout=2026-11-12&group_adults=2&no_rooms=1&selected_currency=JPY
2026-11-11,Wed,2026-11-12,Hotel Bellclassic Tokyo,Suite,unverified,123471,25830,no,8.9,43,yes,no,Booking (review>=8 filter),https://www.booking.com/hotel/jp/bellclassic.html?checkin=2026-11-11&checkout=2026-11-12&group_adults=2&no_rooms=1&selected_currency=JPY
2026-11-11,Wed,2026-11-12,8路線使用可能！アクセス抜群/池袋駅より徒歩5分/最大11名/Wi-Fi完備/まるごと3LDK,Three-Bedroom Apartment,unverified,157698,32990,no,8.6,39,yes,no,Booking (review>=8 filter),https://www.booking.com/hotel/jp/8lu-xian-shi-yong-ke-neng-akusesuba-qun-chi-dai-yi-yoritu-bu-5fen-zui-da-11ming.html?checkin=2026-11-11&checkout=2026-11-12&group_adults=2&no_rooms=1&selected_currency=JPY
2026-11-12,Thu,2026-11-13,Urban Nest Otsuka 301 JR OTSUKA STATION,One-Bedroom Apartment,private,7088,1483,yes,8.0,3,no,no,Booking (hotel/apartment filter),https://www.booking.com/hotel/jp/urban-nest-otsuka-301-jr-otsuka-station.html?checkin=2026-11-12&checkout=2026-11-13&group_adults=2&no_rooms=1&selected_currency=JPY
2026-11-12,Thu,2026-11-13,Urban Nest Otsuka 301 JR OTSUKA STATION,One-Bedroom Apartment,unverified,7088,1483,yes,8.0,3,no,no,Booking (review>=8 filter),https://www.booking.com/hotel/jp/urban-nest-otsuka-301-jr-otsuka-station.html?checkin=2026-11-12&checkout=2026-11-13&group_adults=2&no_rooms=1&selected_currency=JPY
2026-11-12,Thu,2026-11-13,Business Hotel Kankokukan - Vacation STAY 45862v,Apartment,unverified,7374,1543,yes,8.0,12,yes,no,Booking (review>=8 filter),https://www.booking.com/hotel/jp/business-kankokukan-vacation-stay-45862v.html?checkin=2026-11-12&checkout=2026-11-13&group_adults=2&no_rooms=1&selected_currency=JPY
2026-11-12,Thu,2026-11-13,パインセンターハイツ池袋,,private,7773,1626,yes,,0,no,no,Booking (hotel/apartment filter),https://www.booking.com/hotel/jp/painsentahaituchi-dai.html?checkin=2026-11-12&checkout=2026-11-13&group_adults=2&no_rooms=1&selected_currency=JPY
2026-11-12,Thu,2026-11-13,nestay miriz tokyo ikebukuro,Late Escape Deal,unverified,7880,1648,yes,8.4,179,no,no,Booking (review>=8 filter),https://www.booking.com/hotel/jp/nestay-miriz-tokyo-ikebukuro.html?checkin=2026-11-12&checkout=2026-11-13&group_adults=2&no_rooms=1&selected_currency=JPY
2026-11-12,Thu,2026-11-13,池袋 4 丁目に位置するHanano Sato Lumiere 新宿 銀座 上野 秋葉原など東京主要観光地へのアクセスが非常に良好です 徒歩圏内に 24 時間コンビニ 銭湯がございます,New to Booking.com,unverified,8240,1724,yes,8.5,2,no,no,Booking (review>=8 filter),https://www.booking.com/hotel/jp/hanano-sato-lumiere.html?checkin=2026-11-12&checkout=2026-11-13&group_adults=2&no_rooms=1&selected_currency=JPY
2026-11-12,Thu,2026-11-13,Tabist Hotel Aurora Ikebukuro,Double Room - Smoking,private,8273,1731,yes,6.7,480,yes,no,Booking (hotel/apartment filter),https://www.booking.com/hotel/jp/hoteruorora.html?checkin=2026-11-12&checkout=2026-11-13&group_adults=2&no_rooms=1&selected_currency=JPY
2026-11-12,Thu,2026-11-13,クオリティハイツ101号室,Studio,private,8364,1750,yes,7.0,11,no,no,Booking (hotel/apartment filter),https://www.booking.com/hotel/jp/kuoriteihaitu101hao-shi.html?checkin=2026-11-12&checkout=2026-11-13&group_adults=2&no_rooms=1&selected_currency=JPY
2026-11-12,Thu,2026-11-13,Sakura Cherry otsuka 101 JR Otsuka station 6min,,private,8640,1807,yes,,0,no,no,Booking (hotel/apartment filter),https://www.booking.com/hotel/jp/sakura-cherry-otsuka-101-jr-otsuka-station-6min.html?checkin=2026-11-12&checkout=2026-11-13&group_adults=2&no_rooms=1&selected_currency=JPY
2026-11-12,Thu,2026-11-13,Tabist Hotel Florida Ikebukuro,Double Room - Smoking,private,8727,1826,yes,6.7,161,yes,no,Booking (hotel/apartment filter),https://www.booking.com/hotel/jp/florida-dong-jing.html?checkin=2026-11-12&checkout=2026-11-13&group_adults=2&no_rooms=1&selected_currency=JPY
2026-11-12,Thu,2026-11-13,nestay miriz tokyo ikebukuro,Late Escape Deal,private,8755,1832,yes,8.4,179,no,no,Booking (hotel/apartment filter),https://www.booking.com/hotel/jp/nestay-miriz-tokyo-ikebukuro.html?checkin=2026-11-12&checkout=2026-11-13&group_adults=2&no_rooms=1&selected_currency=JPY
2026-11-12,Thu,2026-11-13,クオリティハイツ池袋駅西口至近,One-Bedroom Apartment,private,8782,1837,yes,7.1,39,no,no,Booking (hotel/apartment filter),https://www.booking.com/hotel/jp/kuoriteihaituchi-dai-yi-xi-kou-zhi-jin.html?checkin=2026-11-12&checkout=2026-11-13&group_adults=2&no_rooms=1&selected_currency=JPY
2026-11-12,Thu,2026-11-13,Green Hill,One-Bedroom Apartment,private,8944,1871,yes,5.1,56,yes,no,Booking (hotel/apartment filter),https://www.booking.com/hotel/jp/green-hill-dong-jing-du.html?checkin=2026-11-12&checkout=2026-11-13&group_adults=2&no_rooms=1&selected_currency=JPY
2026-11-12,Thu,2026-11-13,愛の屋ホテル池袋,One-Bedroom Apartment,private,9000,1883,yes,3.6,9,no,no,Booking (hotel/apartment filter),https://www.booking.com/hotel/jp/ai-nowu-hoteruchi-dai.html?checkin=2026-11-12&checkout=2026-11-13&group_adults=2&no_rooms=1&selected_currency=JPY
2026-11-12,Thu,2026-11-13,雲海池袋 101貸切 要町駅徒歩7分 池袋バスまで6分 高速WiFi スマートロック 最大3名,,private,9000,1883,yes,10.0,0,no,no,Booking (hotel/apartment filter),https://www.booking.com/hotel/jp/yun-hai-chi-dai-101dai-qie-yao-ting-yi-tu-bu-7fen-chi-dai-basumade6fen-gao-su-wi.html?checkin=2026-11-12&checkout=2026-11-13&group_adults=2&no_rooms=1&selected_currency=JPY
2026-11-12,Thu,2026-11-13,雲海池袋 101貸切 要町駅徒歩7分 池袋バスまで6分 高速WiFi スマートロック 最大3名,,unverified,9000,1883,yes,10.0,0,no,no,Booking (review>=8 filter),https://www.booking.com/hotel/jp/yun-hai-chi-dai-101dai-qie-yao-ting-yi-tu-bu-7fen-chi-dai-basumade6fen-gao-su-wi.html?checkin=2026-11-12&checkout=2026-11-13&group_adults=2&no_rooms=1&selected_currency=JPY
2026-11-12,Thu,2026-11-13,Ikebukuro Base,One-Bedroom Apartment,private,9041,1891,yes,6.5,32,no,no,Booking (hotel/apartment filter),https://www.booking.com/hotel/jp/ikebukuro-base.html?checkin=2026-11-12&checkout=2026-11-13&group_adults=2&no_rooms=1&selected_currency=JPY
2026-11-12,Thu,2026-11-13,Hotel Suntargas Otsuka - Vacation STAY 08516v,Studio,private,9091,1902,yes,6.0,2,yes,no,Booking (hotel/apartment filter),https://www.booking.com/hotel/jp/suntargas-otsuka-vacation-stay-08516v.html?checkin=2026-11-12&checkout=2026-11-13&group_adults=2&no_rooms=1&selected_currency=JPY
2026-11-12,Thu,2026-11-13,Hotel Suntargas Otsuka - Vacation STAY 08508v,Studio,private,9091,1902,yes,6.5,2,yes,no,Booking (hotel/apartment filter),https://www.booking.com/hotel/jp/suntargas-otsuka-vacation-stay-08508v.html?checkin=2026-11-12&checkout=2026-11-13&group_adults=2&no_rooms=1&selected_currency=JPY
2026-11-12,Thu,2026-11-13,Hotel Suntargas Otsuka - Vacation STAY 08520v,Studio,private,9091,1902,yes,5.5,2,yes,no,Booking (hotel/apartment filter),https://www.booking.com/hotel/jp/suntargas-otsuka-vacation-stay-08520v.html?checkin=2026-11-12&checkout=2026-11-13&group_adults=2&no_rooms=1&selected_currency=JPY
2026-11-12,Thu,2026-11-13,"7-minute walk from Otsuka Station,Yamanote Line 3-person Shared garden",Double Room,unverified,9091,1902,yes,9.2,8,yes,no,Booking (review>=8 filter),https://www.booking.com/hotel/jp/7-minute-walk-from-otsuka-station.html?checkin=2026-11-12&checkout=2026-11-13&group_adults=2&no_rooms=1&selected_currency=JPY
2026-11-12,Thu,2026-11-13,"Luce Ikebukuro - Cozy APT Stay in Ikebukuro Tokyo, with Direct Access to Shinjuku & Shibuya",Late Escape Deal,unverified,9564,2001,yes,8.1,68,no,no,Booking (review>=8 filter),https://www.booking.com/hotel/jp/lucechi-dai.html?checkin=2026-11-12&checkout=2026-11-13&group_adults=2&no_rooms=1&selected_currency=JPY
2026-11-12,Thu,2026-11-13,Ikebukuro Central Hotel,Standard Double Room,private,9818,2054,yes,5.8,225,yes,no,Booking (hotel/apartment filter),https://www.booking.com/hotel/jp/chi-dai-sentoraruhoteru.html?checkin=2026-11-12&checkout=2026-11-13&group_adults=2&no_rooms=1&selected_currency=JPY
2026-11-12,Thu,2026-11-13,Hotel Amethyst,Double Room - Smoking,private,9818,2054,yes,6.4,75,yes,no,Booking (hotel/apartment filter),https://www.booking.com/hotel/jp/hoteru-amezisuto.html?checkin=2026-11-12&checkout=2026-11-13&group_adults=2&no_rooms=1&selected_currency=JPY
2026-11-12,Thu,2026-11-13,愛の屋民泊池袋,One-Bedroom Apartment,private,9818,2054,yes,6.2,45,no,no,Booking (hotel/apartment filter),https://www.booking.com/hotel/jp/ai-nowu-min-bo-chi-dai.html?checkin=2026-11-12&checkout=2026-11-13&group_adults=2&no_rooms=1&selected_currency=JPY
2026-11-12,Thu,2026-11-13,"7-minute walk from Otsuka Station,Yamanote Line 3-person Shared garden",One-Bedroom Apartment,private,9818,2054,yes,9.2,8,no,no,Booking (hotel/apartment filter),https://www.booking.com/hotel/jp/7-minute-walk-from-otsuka-station.html?checkin=2026-11-12&checkout=2026-11-13&group_adults=2&no_rooms=1&selected_currency=JPY
2026-11-12,Thu,2026-11-13,Otsuka 7 mins one stop to Ikebukuro mansion with garden,One-Bedroom Apartment,private,9818,2054,yes,7.1,6,no,no,Booking (hotel/apartment filter),https://www.booking.com/hotel/jp/otsuka-7-mins.html?checkin=2026-11-12&checkout=2026-11-13&group_adults=2&no_rooms=1&selected_currency=JPY
2026-11-12,Thu,2026-11-13,Excellent Access to Shinjuku Shibuya and Ginza 30 Seconds from Higashi Ikebukuro Station Steps from Sunshine City Fully Equipped Comfortable Studio for Up to 3 Guests,,private,9818,2054,yes,,0,yes,no,Booking (hotel/apartment filter),https://www.booking.com/hotel/jp/excellent-access-to-shinjuku-shibuya-and-ginza-30-seconds-from-higashi-ikebukuro.html?checkin=2026-11-12&checkout=2026-11-13&group_adults=2&no_rooms=1&selected_currency=JPY
2026-11-12,Thu,2026-11-13,Hotel en ホテル エン-Adult Only-,,unverified,10000,2092,yes,9.0,0,yes,no,Booking (review>=8 filter),https://www.booking.com/hotel/jp/en-hoteruen.html?checkin=2026-11-12&checkout=2026-11-13&group_adults=2&no_rooms=1&selected_currency=JPY
2026-11-12,Thu,2026-11-13,Garden square,One-Bedroom Apartment,private,10040,2100,yes,7.3,27,no,no,Booking (hotel/apartment filter),https://www.booking.com/hotel/jp/gadensukuea.html?checkin=2026-11-12&checkout=2026-11-13&group_adults=2&no_rooms=1&selected_currency=JPY
2026-11-12,Thu,2026-11-13,Ikebukuro home 18,Two-Bedroom Apartment,private,10105,2114,yes,6.2,12,no,no,Booking (hotel/apartment filter),https://www.booking.com/hotel/jp/ikebukuro-coze-home.html?checkin=2026-11-12&checkout=2026-11-13&group_adults=2&no_rooms=1&selected_currency=JPY
2026-11-12,Thu,2026-11-13,池袋 Aurora 7,One-Bedroom Apartment,private,10105,2114,yes,7.3,16,no,no,Booking (hotel/apartment filter),https://www.booking.com/hotel/jp/chi-dai-yi-zui-da-6ren-b09.html?checkin=2026-11-12&checkout=2026-11-13&group_adults=2&no_rooms=1&selected_currency=JPY
2026-11-12,Thu,2026-11-13,メリス池袋East 402,One-Bedroom Apartment,private,10162,2126,yes,8.7,16,no,no,Booking (hotel/apartment filter),https://www.booking.com/hotel/jp/merisuchi-dai-east-402.html?checkin=2026-11-12&checkout=2026-11-13&group_adults=2&no_rooms=1&selected_currency=JPY
2026-11-12,Thu,2026-11-13,メリス池袋East 402,One-Bedroom Apartment,unverified,10162,2126,yes,8.7,16,no,no,Booking (review>=8 filter),https://www.booking.com/hotel/jp/merisuchi-dai-east-402.html?checkin=2026-11-12&checkout=2026-11-13&group_adults=2&no_rooms=1&selected_currency=JPY
2026-11-12,Thu,2026-11-13,Ryoma Ikebukuro male only -Guest House - Vacation STAY 14547v,Holiday Home,private,10275,2150,yes,4.4,18,yes,no,Booking (hotel/apartment filter),https://www.booking.com/hotel/jp/ryoma-ikebukuro-guest-house-vacation-stay-14547v.html?checkin=2026-11-12&checkout=2026-11-13&group_adults=2&no_rooms=1&selected_currency=JPY
2026-11-12,Thu,2026-11-13,Ryoma Ikebukuro female only Guest House Vacation STAY 16032v,Holiday Home,private,10275,2150,yes,5.4,25,yes,no,Booking (hotel/apartment filter),https://www.booking.com/hotel/jp/ryoma-ikebukuro-guest-house-vacation-stay-16032v.html?checkin=2026-11-12&checkout=2026-11-13&group_adults=2&no_rooms=1&selected_currency=JPY
2026-11-12,Thu,2026-11-13,House Ikebukuro,Japanese Style Economy Room,shared,10455,2187,yes,8.4,1381,yes,no,Booking (hotel/apartment filter),https://www.booking.com/hotel/jp/house-ikebukuro.html?checkin=2026-11-12&checkout=2026-11-13&group_adults=2&no_rooms=1&selected_currency=JPY
2026-11-12,Thu,2026-11-13,House Ikebukuro,Japanese Style Economy Room,shared,10455,2187,yes,8.4,1381,yes,no,Booking (review>=8 filter),https://www.booking.com/hotel/jp/house-ikebukuro.html?checkin=2026-11-12&checkout=2026-11-13&group_adults=2&no_rooms=1&selected_currency=JPY
2026-11-12,Thu,2026-11-13,Kimi Ryokan,Twin Room,shared,10500,2197,yes,8.3,1035,yes,no,Booking (review>=8 filter),https://www.booking.com/hotel/jp/kimi-ryokan.html?checkin=2026-11-12&checkout=2026-11-13&group_adults=2&no_rooms=1&selected_currency=JPY
2026-11-12,Thu,2026-11-13,Hananogo Ikebukuro - Vacation STAY 16064v,,private,10506,2198,yes,5.0,0,yes,no,Booking (hotel/apartment filter),https://www.booking.com/hotel/jp/hananogo-ikebukuro-vacation-stay-16064v.html?checkin=2026-11-12&checkout=2026-11-13&group_adults=2&no_rooms=1&selected_currency=JPY
2026-11-12,Thu,2026-11-13,Karasawa Hotel,One-Bedroom Apartment,private,10530,2203,yes,6.4,39,no,no,Booking (hotel/apartment filter),https://www.booking.com/hotel/jp/tang-ze-hoteru-karasawa.html?checkin=2026-11-12&checkout=2026-11-13&group_adults=2&no_rooms=1&selected_currency=JPY
2026-11-12,Thu,2026-11-13,"Luce Ikebukuro - Cozy APT Stay in Ikebukuro Tokyo, with Direct Access to Shinjuku & Shibuya",Late Escape Deal,private,10626,2223,yes,8.1,68,no,no,Booking (hotel/apartment filter),https://www.booking.com/hotel/jp/lucechi-dai.html?checkin=2026-11-12&checkout=2026-11-13&group_adults=2&no_rooms=1&selected_currency=JPY
2026-11-12,Thu,2026-11-13,HOTEL PARK SIDE,Standard Double Room,private,10727,2244,yes,7.5,71,yes,no,Booking (hotel/apartment filter),https://www.booking.com/hotel/jp/park-side-dong-jing.html?checkin=2026-11-12&checkout=2026-11-13&group_adults=2&no_rooms=1&selected_currency=JPY
2026-11-12,Thu,2026-11-13,Hananogo Ikebukuro - Vacation STAY 16082v,Studio,private,10863,2273,yes,7.0,5,yes,no,Booking (hotel/apartment filter),https://www.booking.com/hotel/jp/hananogo-ikebukuro-vacation-stay-16082v.html?checkin=2026-11-12&checkout=2026-11-13&group_adults=2&no_rooms=1&selected_currency=JPY
2026-11-12,Thu,2026-11-13,Hotel Moana Otsuka (Adult Only),Small Double Room,unverified,10909,2282,yes,8.0,303,yes,no,Booking (review>=8 filter),https://www.booking.com/hotel/jp/hoteru-moana-otsuka.html?checkin=2026-11-12&checkout=2026-11-13&group_adults=2&no_rooms=1&selected_currency=JPY
2026-11-12,Thu,2026-11-13,"BRT203 Cook & Relax, Private Kitchen & Double Bed",One-Bedroom Apartment,unverified,11008,2303,yes,8.5,4,yes,no,Booking (review>=8 filter),https://www.booking.com/hotel/jp/brt203-ikebukuro-station-double-apartment-in-a-busy-business-district-yamanote-l.html?checkin=2026-11-12&checkout=2026-11-13&group_adults=2&no_rooms=1&selected_currency=JPY
2026-11-12,Thu,2026-11-13,愛の屋ホテル池袋,Studio,private,11181,2339,yes,3.0,3,no,no,Booking (hotel/apartment filter),https://www.booking.com/hotel/jp/ai-nowu-hoteruchi-dai-dong-jing-du.html?checkin=2026-11-12&checkout=2026-11-13&group_adults=2&no_rooms=1&selected_currency=JPY
2026-11-12,Thu,2026-11-13,Frame HIGASHI IKEBUKURO,Double or Twin Room,unverified,11230,2349,yes,8.6,31,no,no,Booking (review>=8 filter),https://www.booking.com/hotel/jp/frame-higashiikebukuro.html?checkin=2026-11-12&checkout=2026-11-13&group_adults=2&no_rooms=1&selected_currency=JPY
2026-11-12,Thu,2026-11-13,雲海301 要町駅徒歩7分 池袋バスまで6分 かわいい部屋 最大4名,,private,11232,2350,yes,,0,no,no,Booking (hotel/apartment filter),https://www.booking.com/hotel/jp/tiikawanojia-yao-ting-yi-tu-bu-7fen-chi-dai-basumade6fen-kawaiibu-wu-zui-da-4min.html?checkin=2026-11-12&checkout=2026-11-13&group_adults=2&no_rooms=1&selected_currency=JPY
2026-11-12,Thu,2026-11-13,KOSUMOSU Ikebukuro Shinjuku Private House,Double Room,unverified,11818,2472,yes,8.4,146,no,no,Booking (review>=8 filter),https://www.booking.com/hotel/jp/kosumosu.html?checkin=2026-11-12&checkout=2026-11-13&group_adults=2&no_rooms=1&selected_currency=JPY
2026-11-12,Thu,2026-11-13,雲海201 池袋までバス6分 要町駅徒歩7分 高速WiFi 最大4人,One-Bedroom Apartment,private,11880,2485,yes,8.7,3,no,no,Booking (hotel/apartment filter),https://www.booking.com/hotel/jp/metamonnojia-chi-dai-madebasu6fen-yao-ting-yi-tu-bu-7fen-gao-su-wifi-zui-da-4ren.html?checkin=2026-11-12&checkout=2026-11-13&group_adults=2&no_rooms=1&selected_currency=JPY
2026-11-12,Thu,2026-11-13,雲海201 池袋までバス6分 要町駅徒歩7分 高速WiFi 最大4人,One-Bedroom Apartment,unverified,11880,2485,yes,8.7,3,no,no,Booking (review>=8 filter),https://www.booking.com/hotel/jp/metamonnojia-chi-dai-madebasu6fen-yao-ting-yi-tu-bu-7fen-gao-su-wifi-zui-da-4ren.html?checkin=2026-11-12&checkout=2026-11-13&group_adults=2&no_rooms=1&selected_currency=JPY
2026-11-12,Thu,2026-11-13,池袋 Bodo House 9 A5,One-Bedroom Apartment,private,11905,2491,yes,6.9,36,no,no,Booking (hotel/apartment filter),https://www.booking.com/hotel/jp/chi-dai-bodo-house-9.html?checkin=2026-11-12&checkout=2026-11-13&group_adults=2&no_rooms=1&selected_currency=JPY
2026-11-12,Thu,2026-11-13,japan house Otsuka,One-Bedroom Apartment,private,12068,2525,yes,9.0,141,no,no,Booking (hotel/apartment filter),https://www.booking.com/hotel/jp/japan-house-otsuka.html?checkin=2026-11-12&checkout=2026-11-13&group_adults=2&no_rooms=1&selected_currency=JPY
2026-11-12,Thu,2026-11-13,japan house Otsuka,One-Bedroom Apartment,unverified,12068,2525,yes,9.0,141,no,no,Booking (review>=8 filter),https://www.booking.com/hotel/jp/japan-house-otsuka.html?checkin=2026-11-12&checkout=2026-11-13&group_adults=2&no_rooms=1&selected_currency=JPY
2026-11-12,Thu,2026-11-13,Home Story in Tokyo JR山手線大塚駅Otsuka &東京屋語,Late Escape Deal,unverified,12076,2526,yes,9.0,6,yes,no,Booking (review>=8 filter),https://www.booking.com/hotel/jp/tokyo-house-asakusa.html?checkin=2026-11-12&checkout=2026-11-13&group_adults=2&no_rooms=1&selected_currency=JPY
2026-11-12,Thu,2026-11-13,"BRT203 Cook & Relax, Private Kitchen & Double Bed",One-Bedroom Apartment,private,12231,2559,yes,8.5,4,yes,no,Booking (hotel/apartment filter),https://www.booking.com/hotel/jp/brt203-ikebukuro-station-double-apartment-in-a-busy-business-district-yamanote-l.html?checkin=2026-11-12&checkout=2026-11-13&group_adults=2&no_rooms=1&selected_currency=JPY
2026-11-12,Thu,2026-11-13,"BRT302 Twin Room, Ideal for Friends in Tokyo",One-Bedroom Apartment,private,12231,2559,yes,7.5,2,yes,no,Booking (hotel/apartment filter),https://www.booking.com/hotel/jp/brt302-ikebukuro-station-double-apartment-yamanote-line-direct-access-to-shinjuk.html?checkin=2026-11-12&checkout=2026-11-13&group_adults=2&no_rooms=1&selected_currency=JPY
2026-11-12,Thu,2026-11-13,"BRT201 Yamanote Line, Easy to Shinjuku & Shibuya",,private,12231,2559,yes,9.0,0,yes,no,Booking (hotel/apartment filter),https://www.booking.com/hotel/jp/brt201-ikebukuro-station-double-apartment-201-yamanote-line-direct-access-to-shi.html?checkin=2026-11-12&checkout=2026-11-13&group_adults=2&no_rooms=1&selected_currency=JPY
2026-11-12,Thu,2026-11-13,"BRT202 Tokyo City Base, Double Room for Two",,private,12231,2559,yes,1.0,0,yes,no,Booking (hotel/apartment filter),https://www.booking.com/hotel/jp/brt202-ikebukuro-station-apartment-for-2-people-direct-access-to-shinjuku-and-sh.html?checkin=2026-11-12&checkout=2026-11-13&group_adults=2&no_rooms=1&selected_currency=JPY
2026-11-12,Thu,2026-11-13,"BRT201 Yamanote Line, Easy to Shinjuku & Shibuya",,unverified,12231,2559,yes,9.0,0,yes,no,Booking (review>=8 filter),https://www.booking.com/hotel/jp/brt201-ikebukuro-station-double-apartment-201-yamanote-line-direct-access-to-shi.html?checkin=2026-11-12&checkout=2026-11-13&group_adults=2&no_rooms=1&selected_currency=JPY
2026-11-12,Thu,2026-11-13,Ikebukuro Center# Ikebukuro 5min walk#池袋中心地带# 池袋车站步行5分#无限制wifi#306,,unverified,12379,2590,yes,9.0,0,no,no,Booking (review>=8 filter),https://www.booking.com/hotel/jp/ikebukuro-center-ikebukuro-5min-walk-chi-dai-zhong-xin-di-dai-chi-d-toshima-cit2.html?checkin=2026-11-12&checkout=2026-11-13&group_adults=2&no_rooms=1&selected_currency=JPY
2026-11-12,Thu,2026-11-13,Hotel Suntargas Otsuka - Vacation STAY 08513v,Studio,private,12545,2624,yes,6.6,19,yes,no,Booking (hotel/apartment filter),https://www.booking.com/hotel/jp/suntargas-otsuka-vacation-stay-08513v.html?checkin=2026-11-12&checkout=2026-11-13&group_adults=2&no_rooms=1&selected_currency=JPY
2026-11-12,Thu,2026-11-13,Hotel Suntargas Otsuka - Vacation STAY 08494v,Studio,private,12545,2624,yes,6.1,19,yes,no,Booking (hotel/apartment filter),https://www.booking.com/hotel/jp/suntargas-otsuka-vacation-stay-08494v.html?checkin=2026-11-12&checkout=2026-11-13&group_adults=2&no_rooms=1&selected_currency=JPY
2026-11-12,Thu,2026-11-13,ジェミニス池袋303,One-Bedroom Apartment,private,12600,2636,yes,8.5,2,yes,no,Booking (hotel/apartment filter),https://www.booking.com/hotel/jp/zieminisuchi-dai-303.html?checkin=2026-11-12&checkout=2026-11-13&group_adults=2&no_rooms=1&selected_currency=JPY
2026-11-12,Thu,2026-11-13,ジェミニス池袋303,One-Bedroom Apartment,unverified,12600,2636,yes,8.5,2,yes,no,Booking (review>=8 filter),https://www.booking.com/hotel/jp/zieminisuchi-dai-303.html?checkin=2026-11-12&checkout=2026-11-13&group_adults=2&no_rooms=1&selected_currency=JPY
2026-11-12,Thu,2026-11-13,池袋レトロなホテル,Superior Double Room,private,12818,2682,yes,7.8,138,yes,no,Booking (hotel/apartment filter),https://www.booking.com/hotel/jp/aroma-plus.html?checkin=2026-11-12&checkout=2026-11-13&group_adults=2&no_rooms=1&selected_currency=JPY
2026-11-12,Thu,2026-11-13,3-20-9 - Vacation STAY 92310v,,private,12958,2711,yes,,0,yes,no,Booking (hotel/apartment filter),https://www.booking.com/hotel/jp/3-20-9-vacation-stay-92310v.html?checkin=2026-11-12&checkout=2026-11-13&group_adults=2&no_rooms=1&selected_currency=JPY
2026-11-12,Thu,2026-11-13,Garden Otsuka,Late Escape Deal,private,12960,2711,yes,7.0,182,no,no,Booking (hotel/apartment filter),https://www.booking.com/hotel/jp/garden-otsuka-203.html?checkin=2026-11-12&checkout=2026-11-13&group_adults=2&no_rooms=1&selected_currency=JPY
2026-11-12,Thu,2026-11-13,ARM ikebukuro,One-Bedroom Apartment,unverified,12984,2716,yes,8.2,45,yes,no,Booking (review>=8 filter),https://www.booking.com/hotel/jp/arm-ikebukuro.html?checkin=2026-11-12&checkout=2026-11-13&group_adults=2&no_rooms=1&selected_currency=JPY
2026-11-12,Thu,2026-11-13,Toshima-ku - House - Vacation STAY 17454,,private,12999,2719,yes,,0,yes,no,Booking (hotel/apartment filter),https://www.booking.com/hotel/jp/toshima-ku-house-vacation-stay-17454.html?checkin=2026-11-12&checkout=2026-11-13&group_adults=2&no_rooms=1&selected_currency=JPY
2026-11-12,Thu,2026-11-13,HOTEL CHECK INN BALI adult only,Economy Double Room,private,13091,2739,yes,7.2,316,yes,no,Booking (hotel/apartment filter),https://www.booking.com/hotel/jp/check-inn-bali.html?checkin=2026-11-12&checkout=2026-11-13&group_adults=2&no_rooms=1&selected_currency=JPY
2026-11-12,Thu,2026-11-13,Toyoko Inn Ikebukuro Kita-guchi No.1,plan price (breakfast included),private,13110,2743,yes,8.2,761,yes,yes,Toyoko Inn official site,https://www.toyoko-inn.com/eng/search/detail/00096/
2026-11-12,Thu,2026-11-13,福屋一番館,One-Bedroom Apartment with Park View,unverified,13255,2773,yes,9.1,49,no,no,Booking (review>=8 filter),https://www.booking.com/hotel/jp/fu-wu-yi-fan-guan.html?checkin=2026-11-12&checkout=2026-11-13&group_adults=2&no_rooms=1&selected_currency=JPY
2026-11-12,Thu,2026-11-13,プログレスヒルズ,Double Room,unverified,13255,2773,yes,8.2,157,yes,no,Booking (review>=8 filter),https://www.booking.com/hotel/jp/tokyo-holiday.html?checkin=2026-11-12&checkout=2026-11-13&group_adults=2&no_rooms=1&selected_currency=JPY
2026-11-12,Thu,2026-11-13,"Ikebukuro 8 min walk, Kanamecho 6 min walk, 25sqm room, 3 guests, Direct access to Shinjuku, Shibuya, Tokyo, Ueno, 3 single beds",One-Bedroom Apartment,private,13357,2794,yes,7.4,5,yes,no,Booking (hotel/apartment filter),https://www.booking.com/hotel/jp/304-8-min-walk-to-ikebukuro-6-min-walk-to-kanamecho-station25m-max-2-people-dire.html?checkin=2026-11-12&checkout=2026-11-13&group_adults=2&no_rooms=1&selected_currency=JPY
2026-11-12,Thu,2026-11-13,"Ikebukuro 8 min walk, Kanamecho 6 min walk, 25sqm room, 2 guests, Direct access to Shinjuku, Shibuya, Tokyo, Ueno, 2 single beds",,private,13357,2794,yes,1.0,0,yes,no,Booking (hotel/apartment filter),https://www.booking.com/hotel/jp/103-8-min-walk-to-ikebukuro-6-min-walk-to-kanamecho-station25m-max-2-people-dire.html?checkin=2026-11-12&checkout=2026-11-13&group_adults=2&no_rooms=1&selected_currency=JPY
2026-11-12,Thu,2026-11-13,Home Story in Tokyo JR山手線大塚駅Otsuka &東京屋語,Late Escape Deal,private,13418,2807,no,9.0,6,yes,no,Booking (hotel/apartment filter),https://www.booking.com/hotel/jp/tokyo-house-asakusa.html?checkin=2026-11-12&checkout=2026-11-13&group_adults=2&no_rooms=1&selected_currency=JPY
2026-11-12,Thu,2026-11-13,タスキスマート池袋一号館Tasuki Smart Ikebukuro1,Apartment,private,13431,2810,no,8.7,186,no,no,Booking (hotel/apartment filter),https://www.booking.com/hotel/jp/japan-house-ikebukuro-1.html?checkin=2026-11-12&checkout=2026-11-13&group_adults=2&no_rooms=1&selected_currency=JPY
2026-11-12,Thu,2026-11-13,タスキスマート池袋一号館Tasuki Smart Ikebukuro1,Apartment,unverified,13431,2810,no,8.7,186,no,no,Booking (review>=8 filter),https://www.booking.com/hotel/jp/japan-house-ikebukuro-1.html?checkin=2026-11-12&checkout=2026-11-13&group_adults=2&no_rooms=1&selected_currency=JPY
2026-11-12,Thu,2026-11-13,Hotel Suntargas Otsuka - Vacation STAY 08522v,,private,13455,2815,no,5.0,0,yes,no,Booking (hotel/apartment filter),https://www.booking.com/hotel/jp/suntargas-otsuka-vacation-stay-08522v.html?checkin=2026-11-12&checkout=2026-11-13&group_adults=2&no_rooms=1&selected_currency=JPY
2026-11-12,Thu,2026-11-13,HOTEL PAL Otsuka -Adult Only-,Standard Double Room (Check-in after 19:00),unverified,13455,2815,no,9.2,97,yes,no,Booking (review>=8 filter),https://www.booking.com/hotel/jp/pal.html?checkin=2026-11-12&checkout=2026-11-13&group_adults=2&no_rooms=1&selected_currency=JPY
2026-11-12,Thu,2026-11-13,Verde Ikebukuro,One-Bedroom Apartment,private,13465,2817,no,7.8,60,yes,no,Booking (hotel/apartment filter),https://www.booking.com/hotel/jp/verde-ikebukuro.html?checkin=2026-11-12&checkout=2026-11-13&group_adults=2&no_rooms=1&selected_currency=JPY
2026-11-12,Thu,2026-11-13,Ikebukuro Warmハウス306,One-Bedroom Apartment,private,13492,2823,no,8.9,17,no,no,Booking (hotel/apartment filter),https://www.booking.com/hotel/jp/ikebukuro-warmhausu306.html?checkin=2026-11-12&checkout=2026-11-13&group_adults=2&no_rooms=1&selected_currency=JPY
2026-11-12,Thu,2026-11-13,Ikebukuro Warmハウス306,One-Bedroom Apartment,unverified,13492,2823,no,8.9,17,no,no,Booking (review>=8 filter),https://www.booking.com/hotel/jp/ikebukuro-warmhausu306.html?checkin=2026-11-12&checkout=2026-11-13&group_adults=2&no_rooms=1&selected_currency=JPY
2026-11-12,Thu,2026-11-13,Hananogo Ikebukuro - Vacation STAY 16116v,,private,13625,2850,no,1.0,0,yes,no,Booking (hotel/apartment filter),https://www.booking.com/hotel/jp/hananogo-ikebukuro-vacation-stay-16116v.html?checkin=2026-11-12&checkout=2026-11-13&group_adults=2&no_rooms=1&selected_currency=JPY
2026-11-12,Thu,2026-11-13,Hotel Suntargas Otsuka,Single Room -Smoking,private,13636,2853,no,7.6,128,yes,no,Booking (hotel/apartment filter),https://www.booking.com/hotel/jp/suntargas-otsuka.html?checkin=2026-11-12&checkout=2026-11-13&group_adults=2&no_rooms=1&selected_currency=JPY
2026-11-12,Thu,2026-11-13,IKEBUKURO MANGA HOUSE,One-Bedroom Apartment,private,13687,2863,no,7.8,169,yes,no,Booking (hotel/apartment filter),https://www.booking.com/hotel/jp/ikebukuro-manga-house.html?checkin=2026-11-12&checkout=2026-11-13&group_adults=2&no_rooms=1&selected_currency=JPY
2026-11-12,Thu,2026-11-13,NEST BASE Ikebukuro 302,Apartment,private,13755,2878,no,7.6,5,yes,no,Booking (hotel/apartment filter),https://www.booking.com/hotel/jp/kopogang-qi-302.html?checkin=2026-11-12&checkout=2026-11-13&group_adults=2&no_rooms=1&selected_currency=JPY
2026-11-12,Thu,2026-11-13,Ikebukuro Center# Ikebukuro 5min walk#池袋中心地带# 池袋车站步行5分#无限制wifi#306,,private,13755,2878,no,9.0,0,no,no,Booking (hotel/apartment filter),https://www.booking.com/hotel/jp/ikebukuro-center-ikebukuro-5min-walk-chi-dai-zhong-xin-di-dai-chi-d-toshima-cit2.html?checkin=2026-11-12&checkout=2026-11-13&group_adults=2&no_rooms=1&selected_currency=JPY
2026-11-12,Thu,2026-11-13,Toyoko Inn Ikebukuro Kita-guchi No.1,plan price (breakfast included),private,13800,2887,no,8.2,761,yes,yes,Toyoko Inn official site,https://www.toyoko-inn.com/eng/search/detail/00096/
2026-11-12,Thu,2026-11-13,"Ikebukuro 8 min walk, Kanamecho 6 min walk, 25sqm room, 2 guests, Direct access to Shinjuku, Shibuya, Tokyo, Ueno, 1 double bed",One-Bedroom Apartment,private,13813,2890,no,6.7,15,yes,no,Booking (hotel/apartment filter),https://www.booking.com/hotel/jp/8-min-walk-to-ikebukuro-6-min-walk-to-yanagibashi-station25m-max-2-people-direct.html?checkin=2026-11-12&checkout=2026-11-13&group_adults=2&no_rooms=1&selected_currency=JPY
2026-11-12,Thu,2026-11-13,Ikebukuro 8min walk#kebukuro center#Living room#bidet toilet#池袋中心#池袋车站步行8分钟#有客厅#卧室#智能马桶#干湿分离202,,private,13909,2910,no,,0,no,no,Booking (hotel/apartment filter),https://www.booking.com/hotel/jp/chi-dai-zhong-xin-chi-dai-che-zhan-bu-xing-7fen-zhong-ke-ting-wo-shi-zhi-neng-ma.html?checkin=2026-11-12&checkout=2026-11-13&group_adults=2&no_rooms=1&selected_currency=JPY
2026-11-12,Thu,2026-11-13,桜の川 池袋駅7分 2-4人丨7 minutes from Ikebukuro Station 2-4 people,Late Escape Deal,unverified,14051,2939,no,8.2,46,no,no,Booking (review>=8 filter),https://www.booking.com/hotel/jp/ikebukuro-8min-modern-stay.html?checkin=2026-11-12&checkout=2026-11-13&group_adults=2&no_rooms=1&selected_currency=JPY
2026-11-12,Thu,2026-11-13,KOKO HOTEL Ikebukuro,Small Double Room - Non-Smoking,unverified,14168,2964,no,8.6,1616,yes,no,Booking (review>=8 filter),https://www.booking.com/hotel/jp/wing-international-select-ikebukuro.html?checkin=2026-11-12&checkout=2026-11-13&group_adults=2&no_rooms=1&selected_currency=JPY
2026-11-12,Thu,2026-11-13,NEST BASE Ikebukuro 301,,private,14202,2971,no,7.0,0,yes,no,Booking (hotel/apartment filter),https://www.booking.com/hotel/jp/kopogang-qi-301.html?checkin=2026-11-12&checkout=2026-11-13&group_adults=2&no_rooms=1&selected_currency=JPY
2026-11-12,Thu,2026-11-13,NEST BASE Ikebukuro 202,,private,14225,2976,no,,0,yes,no,Booking (hotel/apartment filter),https://www.booking.com/hotel/jp/nest-base-ikebukuro-202.html?checkin=2026-11-12&checkout=2026-11-13&group_adults=2&no_rooms=1&selected_currency=JPY
2026-11-12,Thu,2026-11-13,NEST BASE Ikebukuro 201,,private,14225,2976,no,,0,yes,no,Booking (hotel/apartment filter),https://www.booking.com/hotel/jp/nest-base-ikebukuro-201.html?checkin=2026-11-12&checkout=2026-11-13&group_adults=2&no_rooms=1&selected_currency=JPY
2026-11-12,Thu,2026-11-13,池袋 Energy CA0 a9,One-Bedroom Apartment,private,14285,2988,no,7.4,19,no,no,Booking (hotel/apartment filter),https://www.booking.com/hotel/jp/chi-dai-energy-ca0-a9.html?checkin=2026-11-12&checkout=2026-11-13&group_adults=2&no_rooms=1&selected_currency=JPY
2026-11-12,Thu,2026-11-13,Ikebukuro IVY House Ao6,One-Bedroom Apartment,private,14285,2988,no,6.3,17,no,no,Booking (hotel/apartment filter),https://www.booking.com/hotel/jp/ikebukuro-ivy-house-ao6.html?checkin=2026-11-12&checkout=2026-11-13&group_adults=2&no_rooms=1&selected_currency=JPY
2026-11-12,Thu,2026-11-13,Ikebukuro Cozy ハウス5,One-Bedroom Apartment,private,14285,2988,no,6.7,13,no,no,Booking (hotel/apartment filter),https://www.booking.com/hotel/jp/ikebukuro-cozy-hausu5.html?checkin=2026-11-12&checkout=2026-11-13&group_adults=2&no_rooms=1&selected_currency=JPY
2026-11-12,Thu,2026-11-13,Garden Otsuka,One-Bedroom Apartment,private,14426,3018,no,7.9,69,yes,no,Booking (hotel/apartment filter),https://www.booking.com/hotel/jp/garden-otsuka.html?checkin=2026-11-12&checkout=2026-11-13&group_adults=2&no_rooms=1&selected_currency=JPY
2026-11-12,Thu,2026-11-13,ARM ikebukuro,One-Bedroom Apartment,private,14426,3018,no,8.2,45,yes,no,Booking (hotel/apartment filter),https://www.booking.com/hotel/jp/arm-ikebukuro.html?checkin=2026-11-12&checkout=2026-11-13&group_adults=2&no_rooms=1&selected_currency=JPY
2026-11-12,Thu,2026-11-13,Laurea Tower Ikebukuro,One-Bedroom Apartment,private,14426,3018,no,7.5,266,yes,no,Booking (hotel/apartment filter),https://www.booking.com/hotel/jp/laurea-tower-ikebukuro.html?checkin=2026-11-12&checkout=2026-11-13&group_adults=2&no_rooms=1&selected_currency=JPY
2026-11-12,Thu,2026-11-13,nestay suite tokyo ikebukuro,One-Bedroom Apartment,private,14511,3036,no,7.5,68,no,no,Booking (hotel/apartment filter),https://www.booking.com/hotel/jp/nestay-suite-tokyo-ikebukuro.html?checkin=2026-11-12&checkout=2026-11-13&group_adults=2&no_rooms=1&selected_currency=JPY
2026-11-12,Thu,2026-11-13,Otsuka Town Hotel,Double Room - Non-Smoking,private,14545,3043,no,6.9,23,yes,no,Booking (hotel/apartment filter),https://www.booking.com/hotel/jp/6102447.html?checkin=2026-11-12&checkout=2026-11-13&group_adults=2&no_rooms=1&selected_currency=JPY
2026-11-12,Thu,2026-11-13,福屋一番館,One-Bedroom Apartment with Park View,private,14727,3081,no,9.1,49,no,no,Booking (hotel/apartment filter),https://www.booking.com/hotel/jp/fu-wu-yi-fan-guan.html?checkin=2026-11-12&checkout=2026-11-13&group_adults=2&no_rooms=1&selected_currency=JPY
2026-11-12,Thu,2026-11-13,プログレスヒルズ,Double Room,private,14727,3081,no,8.2,157,yes,no,Booking (hotel/apartment filter),https://www.booking.com/hotel/jp/tokyo-holiday.html?checkin=2026-11-12&checkout=2026-11-13&group_adults=2&no_rooms=1&selected_currency=JPY
2026-11-12,Thu,2026-11-13,ザ・ジェミニス池袋101,One-Bedroom Apartment,private,14749,3085,no,5.5,2,yes,no,Booking (hotel/apartment filter),https://www.booking.com/hotel/jp/zazieminisuchi-dai-101.html?checkin=2026-11-12&checkout=2026-11-13&group_adults=2&no_rooms=1&selected_currency=JPY
2026-11-12,Thu,2026-11-13,japan house Ikebukuro 2,Studio,unverified,14872,3111,no,8.5,249,no,no,Booking (review>=8 filter),https://www.booking.com/hotel/jp/japan-house-ikebukuro-2-toshima-city.html?checkin=2026-11-12&checkout=2026-11-13&group_adults=2&no_rooms=1&selected_currency=JPY
2026-11-12,Thu,2026-11-13,Washington R&B Hotel Otsuka Eki Kitaguchi,Double Room with Small Double Bed - Non-Smoking,private,14932,3124,no,8.2,953,yes,no,Booking (hotel/apartment filter),https://www.booking.com/hotel/jp/r-and-b-otsukaeki-kitaguchi.html?checkin=2026-11-12&checkout=2026-11-13&group_adults=2&no_rooms=1&selected_currency=JPY
2026-11-12,Thu,2026-11-13,Washington R&B Hotel Otsuka Eki Kitaguchi,Double Room with Small Double Bed - Non-Smoking,unverified,14932,3124,no,8.2,953,yes,no,Booking (review>=8 filter),https://www.booking.com/hotel/jp/r-and-b-otsukaeki-kitaguchi.html?checkin=2026-11-12&checkout=2026-11-13&group_adults=2&no_rooms=1&selected_currency=JPY
2026-11-12,Thu,2026-11-13,Swan Park Ikebukuro,One-Bedroom Apartment,unverified,15309,3203,no,8.2,33,no,no,Booking (review>=8 filter),https://www.booking.com/hotel/jp/suwanpakuchi-dai.html?checkin=2026-11-12&checkout=2026-11-13&group_adults=2&no_rooms=1&selected_currency=JPY
2026-11-12,Thu,2026-11-13,R&B Hotel Otsuka Eki Kitaguchi - Vacation STAY 40487v,,private,15467,3236,no,5.0,0,yes,no,Booking (hotel/apartment filter),https://www.booking.com/hotel/jp/r-b-otsuka-eki-kitaguchi-vacation-stay-40487v.html?checkin=2026-11-12&checkout=2026-11-13&group_adults=2&no_rooms=1&selected_currency=JPY
2026-11-12,Thu,2026-11-13,Tokyo Ikebukuro House,One-Bedroom Apartment,private,15545,3252,no,8.3,3,no,no,Booking (hotel/apartment filter),https://www.booking.com/hotel/jp/tokyo-ikebukuro-house.html?checkin=2026-11-12&checkout=2026-11-13&group_adults=2&no_rooms=1&selected_currency=JPY
2026-11-12,Thu,2026-11-13,Ikebukuro中川6H-TS0037,Two-Bedroom Apartment,private,15545,3252,no,8.8,31,yes,no,Booking (hotel/apartment filter),https://www.booking.com/hotel/jp/ikebukurozhong-chuan-6h.html?checkin=2026-11-12&checkout=2026-11-13&group_adults=2&no_rooms=1&selected_currency=JPY
2026-11-12,Thu,2026-11-13,Tokyo Ikebukuro House,One-Bedroom Apartment,unverified,15545,3252,no,8.3,3,no,no,Booking (review>=8 filter),https://www.booking.com/hotel/jp/tokyo-ikebukuro-house.html?checkin=2026-11-12&checkout=2026-11-13&group_adults=2&no_rooms=1&selected_currency=JPY
2026-11-12,Thu,2026-11-13,今和Hotel,One-Bedroom Apartment,unverified,15545,3252,no,8.7,95,no,no,Booking (review>=8 filter),https://www.booking.com/hotel/jp/jin-he-dong-jing-du.html?checkin=2026-11-12&checkout=2026-11-13&group_adults=2&no_rooms=1&selected_currency=JPY
2026-11-12,Thu,2026-11-13,Ikebukuro中川6H-TS0037,Two-Bedroom Apartment,unverified,15545,3252,no,8.8,31,yes,no,Booking (review>=8 filter),https://www.booking.com/hotel/jp/ikebukurozhong-chuan-6h.html?checkin=2026-11-12&checkout=2026-11-13&group_adults=2&no_rooms=1&selected_currency=JPY
2026-11-12,Thu,2026-11-13,Laluna Higashiikebukuro,One-Bedroom Apartment,private,15580,3259,no,8.1,85,yes,no,Booking (hotel/apartment filter),https://www.booking.com/hotel/jp/laluna-higashiikebukuro-dong-jing-du.html?checkin=2026-11-12&checkout=2026-11-13&group_adults=2&no_rooms=1&selected_currency=JPY
2026-11-12,Thu,2026-11-13,Laluna Higashiikebukuro,One-Bedroom Apartment,unverified,15580,3259,no,8.1,85,yes,no,Booking (review>=8 filter),https://www.booking.com/hotel/jp/laluna-higashiikebukuro-dong-jing-du.html?checkin=2026-11-12&checkout=2026-11-13&group_adults=2&no_rooms=1&selected_currency=JPY
2026-11-12,Thu,2026-11-13,The underz suite residence Ikebukuro by Tranova,One-Bedroom Apartment,private,15600,3264,no,7.9,22,yes,no,Booking (hotel/apartment filter),https://www.booking.com/hotel/jp/the-underz-suite-residence-ikebukuro.html?checkin=2026-11-12&checkout=2026-11-13&group_adults=2&no_rooms=1&selected_currency=JPY
2026-11-12,Thu,2026-11-13,KOKO HOTEL Ikebukuro East,Standard Double Room - Non-Smoking,unverified,15709,3286,no,8.4,1366,yes,no,Booking (review>=8 filter),https://www.booking.com/hotel/jp/wing-international-ikebukuro.html?checkin=2026-11-12&checkout=2026-11-13&group_adults=2&no_rooms=1&selected_currency=JPY
2026-11-12,Thu,2026-11-13,KOKO HOTEL Ikebukuro,Small Double Room - Non-Smoking,private,15743,3293,no,8.6,1616,yes,no,Booking (hotel/apartment filter),https://www.booking.com/hotel/jp/wing-international-select-ikebukuro.html?checkin=2026-11-12&checkout=2026-11-13&group_adults=2&no_rooms=1&selected_currency=JPY
2026-11-12,Thu,2026-11-13,HOTEL MYSTAYS Higashi Ikebukuro,Superior Semi Double - Non-Smoking - House Keeping is Optional with Additional Cost,private,15909,3328,no,8.3,1699,yes,no,Booking (hotel/apartment filter),https://www.booking.com/hotel/jp/flexstay-higashi-ikebukuro-inn.html?checkin=2026-11-12&checkout=2026-11-13&group_adults=2&no_rooms=1&selected_currency=JPY
2026-11-12,Thu,2026-11-13,HOTEL MYSTAYS Higashi Ikebukuro,Superior Semi Double - Non-Smoking - House Keeping is Optional with Additional Cost,unverified,15909,3328,no,8.3,1699,yes,no,Booking (review>=8 filter),https://www.booking.com/hotel/jp/flexstay-higashi-ikebukuro-inn.html?checkin=2026-11-12&checkout=2026-11-13&group_adults=2&no_rooms=1&selected_currency=JPY
2026-11-12,Thu,2026-11-13,R&B Hotel Otsuka Eki Kitaguchi - Vacation STAY 40488v,,private,15927,3332,no,,0,yes,no,Booking (hotel/apartment filter),https://www.booking.com/hotel/jp/r-b-otsuka-eki-kitaguchi-vacation-stay-40488v.html?checkin=2026-11-12&checkout=2026-11-13&group_adults=2&no_rooms=1&selected_currency=JPY
2026-11-12,Thu,2026-11-13,Ikebukuro center#池袋中心#高级阳光公寓车站步行5分#高速wifi1208,One-Bedroom Apartment,unverified,16073,3362,no,8.5,7,no,no,Booking (review>=8 filter),https://www.booking.com/hotel/jp/ikebukuro-center-chi-dai-zhong-xin-gao-ji-yang-guang-gong-yu-che-zh-toshima-city.html?checkin=2026-11-12&checkout=2026-11-13&group_adults=2&no_rooms=1&selected_currency=JPY
2026-11-12,Thu,2026-11-13,Petit Bali Ikebukuro,Economy Double Room - Smoking,unverified,16200,3389,no,8.4,281,yes,no,Booking (review>=8 filter),https://www.booking.com/hotel/jp/hoteruputeibarichi-dai-dian-dong-jing.html?checkin=2026-11-12&checkout=2026-11-13&group_adults=2&no_rooms=1&selected_currency=JPY
2026-11-12,Thu,2026-11-13,Maison Highway Ikebukuro,One-Bedroom Apartment,unverified,16229,3395,no,9.0,5,yes,no,Booking (review>=8 filter),https://www.booking.com/hotel/jp/maison-highway-ikebukuro.html?checkin=2026-11-12&checkout=2026-11-13&group_adults=2&no_rooms=1&selected_currency=JPY
2026-11-12,Thu,2026-11-13,Stay in TOKYO Ikebukuro Convenient for Shopping & Long Stays!,One-Bedroom Apartment,private,16364,3423,no,7.6,6,yes,no,Booking (hotel/apartment filter),https://www.booking.com/hotel/jp/geminis-ikebukuro-double-room-for-2-8min-walk-from-ikebukuro-station.html?checkin=2026-11-12&checkout=2026-11-13&group_adults=2&no_rooms=1&selected_currency=JPY
2026-11-12,Thu,2026-11-13,SUPER HOTEL Ikebukuro West Natural Hot Spring,Room Selected at Check-In,unverified,16468,3445,no,8.7,1349,no,yes,Booking (review>=8 filter),https://www.booking.com/hotel/jp/super-hotel-jr-ikebukuro-nishiguchi.html?checkin=2026-11-12&checkout=2026-11-13&group_adults=2&no_rooms=1&selected_currency=JPY
2026-11-12,Thu,2026-11-13,japan house Ikebukuro 2,Studio,private,16524,3457,no,8.5,249,no,no,Booking (hotel/apartment filter),https://www.booking.com/hotel/jp/japan-house-ikebukuro-2-toshima-city.html?checkin=2026-11-12&checkout=2026-11-13&group_adults=2&no_rooms=1&selected_currency=JPY
2026-11-12,Thu,2026-11-13,HOTEL VARKIN Ikebukuro Nishiguchi,Economy Double Room,unverified,16568,3466,no,8.3,780,no,no,Booking (review>=8 filter),https://www.booking.com/hotel/jp/varkin-chi-dai-xi-kou.html?checkin=2026-11-12&checkout=2026-11-13&group_adults=2&no_rooms=1&selected_currency=JPY
2026-11-12,Thu,2026-11-13,Asta Hotel,Double Room,private,16652,3484,no,7.9,754,yes,no,Booking (hotel/apartment filter),https://www.booking.com/hotel/jp/asutahoteru.html?checkin=2026-11-12&checkout=2026-11-13&group_adults=2&no_rooms=1&selected_currency=JPY
2026-11-12,Thu,2026-11-13,R&B Hotel Otsuka Eki Kitaguchi - Vacation STAY 14227v,,private,16727,3499,no,10.0,0,yes,yes,Booking (hotel/apartment filter),https://www.booking.com/hotel/jp/r-b-otsuka-eki-kitaguchi-vacation-stay-14227v.html?checkin=2026-11-12&checkout=2026-11-13&group_adults=2&no_rooms=1&selected_currency=JPY
2026-11-12,Thu,2026-11-13,R&B Hotel Otsuka Eki Kitaguchi - Vacation STAY 14227v,,unverified,16727,3499,no,10.0,0,yes,yes,Booking (review>=8 filter),https://www.booking.com/hotel/jp/r-b-otsuka-eki-kitaguchi-vacation-stay-14227v.html?checkin=2026-11-12&checkout=2026-11-13&group_adults=2&no_rooms=1&selected_currency=JPY
2026-11-12,Thu,2026-11-13,Ikebukuro Grand Hotel,Superior Double Room,private,17000,3556,no,5.3,9,yes,no,Booking (hotel/apartment filter),https://www.booking.com/hotel/jp/ikebukuro-grand-hotel.html?checkin=2026-11-12&checkout=2026-11-13&group_adults=2&no_rooms=1&selected_currency=JPY
2026-11-12,Thu,2026-11-13,Swan Park Ikebukuro,One-Bedroom Apartment,private,17010,3558,no,8.2,33,no,no,Booking (hotel/apartment filter),https://www.booking.com/hotel/jp/suwanpakuchi-dai.html?checkin=2026-11-12&checkout=2026-11-13&group_adults=2&no_rooms=1&selected_currency=JPY
2026-11-12,Thu,2026-11-13,R&B Hotel Otsuka Eki Kitaguchi - Vacation STAY 14229v,,private,17182,3594,no,,0,yes,yes,Booking (hotel/apartment filter),https://www.booking.com/hotel/jp/r-b-otsuka-eki-kitaguchi-vacation-stay-14229v.html?checkin=2026-11-12&checkout=2026-11-13&group_adults=2&no_rooms=1&selected_currency=JPY
2026-11-12,Thu,2026-11-13,今和Hotel,One-Bedroom Apartment,private,17273,3614,no,8.7,95,no,no,Booking (hotel/apartment filter),https://www.booking.com/hotel/jp/jin-he-dong-jing-du.html?checkin=2026-11-12&checkout=2026-11-13&group_adults=2&no_rooms=1&selected_currency=JPY
2026-11-12,Thu,2026-11-13,Daiichi Inn Ikebukuro,Small Twin Room,unverified,17279,3615,no,8.6,515,yes,no,Booking (review>=8 filter),https://www.booking.com/hotel/jp/daiichi-inn-ikebukuro.html?checkin=2026-11-12&checkout=2026-11-13&group_adults=2&no_rooms=1&selected_currency=JPY
2026-11-12,Thu,2026-11-13,Toyoko Inn Tokyo Otsuka-eki Kita-guchi No 1,Superior Single Room - Smoking,private,17373,3634,no,7.2,65,yes,no,Booking (hotel/apartment filter),https://www.booking.com/hotel/jp/toyoko-inn-tokyo-otsuka-eki-kita-guchi-no-1-tokyo.html?checkin=2026-11-12&checkout=2026-11-13&group_adults=2&no_rooms=1&selected_currency=JPY
2026-11-12,Thu,2026-11-13,KOKO HOTEL Ikebukuro East,Standard Double Room - Non-Smoking,private,17455,3652,no,8.4,1366,yes,no,Booking (hotel/apartment filter),https://www.booking.com/hotel/jp/wing-international-ikebukuro.html?checkin=2026-11-12&checkout=2026-11-13&group_adults=2&no_rooms=1&selected_currency=JPY
2026-11-12,Thu,2026-11-13,ASTA HOTEL - Vacation STAY 87220v,,private,17584,3679,no,,0,yes,no,Booking (hotel/apartment filter),https://www.booking.com/hotel/jp/asta-vacation-stay-87220v.html?checkin=2026-11-12&checkout=2026-11-13&group_adults=2&no_rooms=1&selected_currency=JPY
2026-11-12,Thu,2026-11-13,ASTA HOTEL - Vacation STAY 87206v,,private,17584,3679,no,,0,yes,no,Booking (hotel/apartment filter),https://www.booking.com/hotel/jp/asta-vacation-stay-87206v.html?checkin=2026-11-12&checkout=2026-11-13&group_adults=2&no_rooms=1&selected_currency=JPY
2026-11-12,Thu,2026-11-13,Super Hotel Premier Ikebukuro Natural Hot Spring,Room Selected at Check-In,unverified,17732,3710,no,8.8,1985,no,no,Booking (review>=8 filter),https://www.booking.com/hotel/jp/supahoterupremierchi-dai-tian-ran-wen-quan.html?checkin=2026-11-12&checkout=2026-11-13&group_adults=2&no_rooms=1&selected_currency=JPY
2026-11-12,Thu,2026-11-13,Wellsquareism Ikebukuro East,One-Bedroom Apartment,unverified,17889,3742,no,8.7,41,yes,no,Booking (review>=8 filter),https://www.booking.com/hotel/jp/well-square-ikebukuro-east.html?checkin=2026-11-12&checkout=2026-11-13&group_adults=2&no_rooms=1&selected_currency=JPY
2026-11-12,Thu,2026-11-13,Petit Bali Ikebukuro,Economy Double Room - Smoking,private,18000,3766,no,8.4,281,yes,no,Booking (hotel/apartment filter),https://www.booking.com/hotel/jp/hoteruputeibarichi-dai-dian-dong-jing.html?checkin=2026-11-12&checkout=2026-11-13&group_adults=2&no_rooms=1&selected_currency=JPY
2026-11-12,Thu,2026-11-13,Exquisite business hotel Bella,Double Room with Private Bathroom,unverified,18164,3800,no,8.4,220,yes,no,Booking (review>=8 filter),https://www.booking.com/hotel/jp/bella-toshima-city1.html?checkin=2026-11-12&checkout=2026-11-13&group_adults=2&no_rooms=1&selected_currency=JPY
2026-11-12,Thu,2026-11-13,Super Hotel Ikebukuro-Eki Kitaguchi,Double Room with Small Double Bed,unverified,18242,3816,no,8.2,841,no,no,Booking (review>=8 filter),https://www.booking.com/hotel/jp/super-hotel-inn-ikebukuroeki-kitaguchi.html?checkin=2026-11-12&checkout=2026-11-13&group_adults=2&no_rooms=1&selected_currency=JPY
2026-11-12,Thu,2026-11-13,SUPER HOTEL Ikebukuro West Natural Hot Spring,Room Selected at Check-In,private,18298,3828,no,8.7,1349,no,yes,Booking (hotel/apartment filter),https://www.booking.com/hotel/jp/super-hotel-jr-ikebukuro-nishiguchi.html?checkin=2026-11-12&checkout=2026-11-13&group_adults=2&no_rooms=1&selected_currency=JPY
2026-11-12,Thu,2026-11-13,HOTEL VARKIN Ikebukuro Nishiguchi,Economy Double Room,private,18409,3851,no,8.3,780,no,no,Booking (hotel/apartment filter),https://www.booking.com/hotel/jp/varkin-chi-dai-xi-kou.html?checkin=2026-11-12&checkout=2026-11-13&group_adults=2&no_rooms=1&selected_currency=JPY
2026-11-12,Thu,2026-11-13,"10min walk Ikebukuro Sta JR , 10min Shinjuku Sta, Wi-Fi, PocketWiFi",One-Bedroom Apartment,unverified,18612,3894,no,8.0,73,yes,no,Booking (review>=8 filter),https://www.booking.com/hotel/jp/ikebukuro-li-dao-qu.html?checkin=2026-11-12&checkout=2026-11-13&group_adults=2&no_rooms=1&selected_currency=JPY
2026-11-12,Thu,2026-11-13,Hotel Resol Ikebukuro,Double Room for 2 adults - Smoking,private,19091,3994,no,7.9,989,yes,no,Booking (hotel/apartment filter),https://www.booking.com/hotel/jp/resol-ikebukuro.html?checkin=2026-11-12&checkout=2026-11-13&group_adults=2&no_rooms=1&selected_currency=JPY
2026-11-12,Thu,2026-11-13,フクロウ庵101,Apartment,unverified,19156,4007,no,9.0,5,yes,no,Booking (review>=8 filter),https://www.booking.com/hotel/jp/kopogang-qi-101.html?checkin=2026-11-12&checkout=2026-11-13&group_adults=2&no_rooms=1&selected_currency=JPY
2026-11-12,Thu,2026-11-13,Daiichi Inn Ikebukuro,Small Twin Room,private,19198,4016,no,8.6,515,yes,no,Booking (hotel/apartment filter),https://www.booking.com/hotel/jp/daiichi-inn-ikebukuro.html?checkin=2026-11-12&checkout=2026-11-13&group_adults=2&no_rooms=1&selected_currency=JPY
2026-11-12,Thu,2026-11-13,Ostay Ikebukuro Dairaku Hotel Apartment,One-Bedroom Apartment,unverified,19424,4064,no,8.9,29,no,no,Booking (review>=8 filter),https://www.booking.com/hotel/jp/ostay-ikebukuro-dairaku-apartment-toshima-city1.html?checkin=2026-11-12&checkout=2026-11-13&group_adults=2&no_rooms=1&selected_currency=JPY
2026-11-12,Thu,2026-11-13,Cross Bridge Ikebukuro,Two-Bedroom Apartment,unverified,19464,4072,no,8.4,22,no,no,Booking (review>=8 filter),https://www.booking.com/hotel/jp/cross-bridge-ikebukuro.html?checkin=2026-11-12&checkout=2026-11-13&group_adults=2&no_rooms=1&selected_currency=JPY
2026-11-12,Thu,2026-11-13,Shiratori303 B035,New to Booking.com,unverified,19683,4118,no,,0,yes,no,Booking (review>=8 filter),https://www.booking.com/hotel/jp/b035po-wei-sanbai-niao-303a.html?checkin=2026-11-12&checkout=2026-11-13&group_adults=2&no_rooms=1&selected_currency=JPY
2026-11-12,Thu,2026-11-13,Super Hotel Premier Ikebukuro Natural Hot Spring,Room Selected at Check-In,private,19702,4122,no,8.8,1985,no,no,Booking (hotel/apartment filter),https://www.booking.com/hotel/jp/supahoterupremierchi-dai-tian-ran-wen-quan.html?checkin=2026-11-12&checkout=2026-11-13&group_adults=2&no_rooms=1&selected_currency=JPY
2026-11-12,Thu,2026-11-13,Hotel Route-Inn Tokyo Ikebukuro,Standard Twin Room - Smoking,private,19909,4165,no,7.9,344,yes,yes,Booking (hotel/apartment filter),https://www.booking.com/hotel/jp/ark-hotel-tokyo.html?checkin=2026-11-12&checkout=2026-11-13&group_adults=2&no_rooms=1&selected_currency=JPY
2026-11-12,Thu,2026-11-13,Hotel Grand City,Twin Room - Non-Smoking,private,20000,4184,no,7.9,2100,yes,no,Booking (hotel/apartment filter),https://www.booking.com/hotel/jp/grand-city-tokyo.html?checkin=2026-11-12&checkout=2026-11-13&group_adults=2&no_rooms=1&selected_currency=JPY
2026-11-12,Thu,2026-11-13,Super Hotel Ikebukuro-Eki Kitaguchi,Double Room with Small Double Bed,private,20269,4240,no,8.2,841,no,no,Booking (hotel/apartment filter),https://www.booking.com/hotel/jp/super-hotel-inn-ikebukuroeki-kitaguchi.html?checkin=2026-11-12&checkout=2026-11-13&group_adults=2&no_rooms=1&selected_currency=JPY
2026-11-12,Thu,2026-11-13,Centurion Hotel Ikebukuro Station,Standard Semi-Double Room - Non Smoking,private,20286,4244,no,8.1,1745,yes,no,Booking (hotel/apartment filter),https://www.booking.com/hotel/jp/centurion-ikebukuro.html?checkin=2026-11-12&checkout=2026-11-13&group_adults=2&no_rooms=1&selected_currency=JPY
2026-11-12,Thu,2026-11-13,Centurion Hotel Ikebukuro Station,Standard Semi-Double Room - Non Smoking,unverified,20286,4244,no,8.1,1745,yes,no,Booking (review>=8 filter),https://www.booking.com/hotel/jp/centurion-ikebukuro.html?checkin=2026-11-12&checkout=2026-11-13&group_adults=2&no_rooms=1&selected_currency=JPY
2026-11-12,Thu,2026-11-13,桜の川70-36池袋駅8分钟 1DK套房 max5人房 宽敞安静 ikeburuko,Late Escape Deal,unverified,20618,4313,no,9.0,33,no,no,Booking (review>=8 filter),https://www.booking.com/hotel/jp/chi-dai-yi-8fen-zhong-1dktao-fang-4ren-fang-kuan-chang-an-jing-ikeburuko.html?checkin=2026-11-12&checkout=2026-11-13&group_adults=2&no_rooms=1&selected_currency=JPY
2026-11-12,Thu,2026-11-13,APA Hotel Yamanote Otsuka Ekimae Tower,Standard Double Room - Non-Smoking,private,20720,4335,no,8.5,8714,yes,no,Booking (hotel/apartment filter),https://www.booking.com/hotel/jp/apa-yamanote-otsuka-eki-tower.html?checkin=2026-11-12&checkout=2026-11-13&group_adults=2&no_rooms=1&selected_currency=JPY
2026-11-12,Thu,2026-11-13,APA Hotel Yamanote Otsuka Ekimae Tower,Standard Double Room - Non-Smoking,unverified,20720,4335,no,8.5,8714,yes,no,Booking (review>=8 filter),https://www.booking.com/hotel/jp/apa-yamanote-otsuka-eki-tower.html?checkin=2026-11-12&checkout=2026-11-13&group_adults=2&no_rooms=1&selected_currency=JPY
2026-11-12,Thu,2026-11-13,Ikebukuro Royal Hotel,New to Booking.com,private,20909,4374,no,7.7,3,yes,no,Booking (hotel/apartment filter),https://www.booking.com/hotel/jp/ikebukuroroyalhotel.html?checkin=2026-11-12&checkout=2026-11-13&group_adults=2&no_rooms=1&selected_currency=JPY
2026-11-12,Thu,2026-11-13,COCOYO Hotel Otsuka,Economy Twin Room,unverified,21273,4450,no,8.6,440,yes,no,Booking (review>=8 filter),https://www.booking.com/hotel/jp/cocoyo.html?checkin=2026-11-12&checkout=2026-11-13&group_adults=2&no_rooms=1&selected_currency=JPY
2026-11-12,Thu,2026-11-13,"8Minutes Walk to IkebukuroStation, CentralTokyo and VeryConvenient Max5People",One-Bedroom Apartment,unverified,21281,4452,no,8.0,2,yes,no,Booking (review>=8 filter),https://www.booking.com/hotel/jp/ikebukuro-forest-room.html?checkin=2026-11-12&checkout=2026-11-13&group_adults=2&no_rooms=1&selected_currency=JPY
2026-11-12,Thu,2026-11-13,"YFhouse池袋ikebukuro-Direct to Ginza, Tokyo Dome, and the Harry Potter Studio Tour Tokyo",One-Bedroom Apartment with Balcony,unverified,21500,4498,no,9.1,8,yes,no,Booking (review>=8 filter),https://www.booking.com/hotel/jp/yfhousechi-dai-ikebukuro.html?checkin=2026-11-12&checkout=2026-11-13&group_adults=2&no_rooms=1&selected_currency=JPY
2026-11-12,Thu,2026-11-13,HOTEL LiVEMAX Ikebukuro Ekimae,Double Room with Small Double Bed - Smoking,private,21542,4507,no,6.8,152,yes,no,Booking (hotel/apartment filter),https://www.booking.com/hotel/jp/hoteruribumatukusuchi-dai-yi-qian.html?checkin=2026-11-12&checkout=2026-11-13&group_adults=2&no_rooms=1&selected_currency=JPY
2026-11-12,Thu,2026-11-13,池袋大型交通便利 2f,,private,21636,4526,no,4.0,0,yes,no,Booking (hotel/apartment filter),https://www.booking.com/hotel/jp/chi-dai-da-xing-jiao-tong-bian-li-2f.html?checkin=2026-11-12&checkout=2026-11-13&group_adults=2&no_rooms=1&selected_currency=JPY
2026-11-12,Thu,2026-11-13,the b ikebukuro,Superior Single Room with Shower - Non-Smoking,private,21750,4550,no,7.9,947,no,no,Booking (hotel/apartment filter),https://www.booking.com/hotel/jp/the-b-ikebukro.html?checkin=2026-11-12&checkout=2026-11-13&group_adults=2&no_rooms=1&selected_currency=JPY
2026-11-12,Thu,2026-11-13,Ciel東池袋,New to Booking.com,private,21814,4563,no,8.5,16,no,no,Booking (hotel/apartment filter),https://www.booking.com/hotel/jp/cieldong-chi-dai.html?checkin=2026-11-12&checkout=2026-11-13&group_adults=2&no_rooms=1&selected_currency=JPY
2026-11-12,Thu,2026-11-13,Ciel東池袋,New to Booking.com,unverified,21814,4563,no,8.5,16,no,no,Booking (review>=8 filter),https://www.booking.com/hotel/jp/cieldong-chi-dai.html?checkin=2026-11-12&checkout=2026-11-13&group_adults=2&no_rooms=1&selected_currency=JPY
2026-11-12,Thu,2026-11-13,HOTEL VARKIN ANNEX,Queen Room,unverified,22051,4613,no,8.6,741,no,no,Booking (review>=8 filter),https://www.booking.com/hotel/jp/varkin-annex.html?checkin=2026-11-12&checkout=2026-11-13&group_adults=2&no_rooms=1&selected_currency=JPY
2026-11-12,Thu,2026-11-13,DEL style Ikebukuro Higashiguchi by Daiwa Roynet Hotel,Standard Double Room (2 Adults) - Smoking,private,22091,4621,no,8.8,367,yes,no,Booking (hotel/apartment filter),https://www.booking.com/hotel/jp/daiwaroinetutohoteruchi-dai-dong-kou.html?checkin=2026-11-12&checkout=2026-11-13&group_adults=2&no_rooms=1&selected_currency=JPY
2026-11-12,Thu,2026-11-13,DEL style Ikebukuro Higashiguchi by Daiwa Roynet Hotel,Standard Double Room (2 Adults) - Smoking,unverified,22091,4621,no,8.8,367,yes,no,Booking (review>=8 filter),https://www.booking.com/hotel/jp/daiwaroinetutohoteruchi-dai-dong-kou.html?checkin=2026-11-12&checkout=2026-11-13&group_adults=2&no_rooms=1&selected_currency=JPY
2026-11-12,Thu,2026-11-13,AM's 502 Movie 5 min to Ikebukuro 13 min to Shinjuku Station 19 min to Shibuya Station with coworking space,One-Bedroom Apartment,unverified,22091,4621,no,8.5,4,no,no,Booking (review>=8 filter),https://www.booking.com/hotel/jp/ams-502-movie-5-min-to-ikebukuro-13-min-to-shinjuku-station-19-min-to-shibuya-st.html?checkin=2026-11-12&checkout=2026-11-13&group_adults=2&no_rooms=1&selected_currency=JPY
2026-11-12,Thu,2026-11-13,Sakura Bella Ikebukuro,Double Room,unverified,22200,4644,no,8.1,606,yes,no,Booking (review>=8 filter),https://www.booking.com/hotel/jp/bella.html?checkin=2026-11-12&checkout=2026-11-13&group_adults=2&no_rooms=1&selected_currency=JPY
2026-11-12,Thu,2026-11-13,Super Hotel Tokyo Otsuka,Double Room,unverified,22463,4699,no,8.8,750,no,yes,Booking (review>=8 filter),https://www.booking.com/hotel/jp/super-tokyo-otsuka.html?checkin=2026-11-12&checkout=2026-11-13&group_adults=2&no_rooms=1&selected_currency=JPY
2026-11-12,Thu,2026-11-13,MSTAY池袋one,Three-Bedroom Villa,unverified,22578,4723,no,9.1,7,yes,no,Booking (review>=8 filter),https://www.booking.com/hotel/jp/mstaychi-dai-one.html?checkin=2026-11-12&checkout=2026-11-13&group_adults=2&no_rooms=1&selected_currency=JPY
2026-11-12,Thu,2026-11-13,HOTEL LiVEMAX Tokyo-Otsuka Ekimae,Single Room with Small Double Bed - Smoking,private,22619,4732,no,7.2,169,yes,no,Booking (hotel/apartment filter),https://www.booking.com/hotel/jp/livemax-tokyo-otsuka-ekimae.html?checkin=2026-11-12&checkout=2026-11-13&group_adults=2&no_rooms=1&selected_currency=JPY
2026-11-12,Thu,2026-11-13,APA Hotel Ikebukuro Eki Kitaguchi,Double Room - Non-Smoking,private,22745,4758,no,7.9,1496,yes,no,Booking (hotel/apartment filter),https://www.booking.com/hotel/jp/apa-ikebukuro-kitaguchi.html?checkin=2026-11-12&checkout=2026-11-13&group_adults=2&no_rooms=1&selected_currency=JPY
2026-11-12,Thu,2026-11-13,Tokyu Stay Ikebukuro,Moderate double Room - Non Smoking,unverified,22903,4791,no,8.7,1137,no,no,Booking (review>=8 filter),https://www.booking.com/hotel/jp/tokyu-stay-ikebukuro.html?checkin=2026-11-12&checkout=2026-11-13&group_adults=2&no_rooms=1&selected_currency=JPY
2026-11-12,Thu,2026-11-13,HOTEL APERTO (Adult Only),Check-in after 9pm - Standard Double Room,unverified,22909,4793,no,8.7,1297,yes,no,Booking (review>=8 filter),https://www.booking.com/hotel/jp/aperto.html?checkin=2026-11-12&checkout=2026-11-13&group_adults=2&no_rooms=1&selected_currency=JPY
2026-11-12,Thu,2026-11-13,BaliAn Resort Forest Ikebukuro,Comfort Double Room - Smoking,unverified,23416,4899,no,9.0,90,yes,no,Booking (review>=8 filter),https://www.booking.com/hotel/jp/hoterubarianrizotohuoresutochi-dai-xi-kou-dian.html?checkin=2026-11-12&checkout=2026-11-13&group_adults=2&no_rooms=1&selected_currency=JPY
2026-11-12,Thu,2026-11-13,COCOYO Hotel Otsuka,Economy Twin Room,private,23636,4945,no,8.6,440,yes,no,Booking (hotel/apartment filter),https://www.booking.com/hotel/jp/cocoyo.html?checkin=2026-11-12&checkout=2026-11-13&group_adults=2&no_rooms=1&selected_currency=JPY
2026-11-12,Thu,2026-11-13,Ikebukuro 2Room D3,Two-Bedroom Apartment,unverified,23809,4981,no,8.7,7,no,no,Booking (review>=8 filter),https://www.booking.com/hotel/jp/ikebukuro-2room-d3.html?checkin=2026-11-12&checkout=2026-11-13&group_adults=2&no_rooms=1&selected_currency=JPY
2026-11-12,Thu,2026-11-13,Keio Presso Inn Ikebukuro,Double Room with Small Double Bed - Smoking,unverified,23948,5010,no,8.5,1433,yes,no,Booking (review>=8 filter),https://www.booking.com/hotel/jp/keio-presson-inn-ikebukuro.html?checkin=2026-11-12&checkout=2026-11-13&group_adults=2&no_rooms=1&selected_currency=JPY
2026-11-12,Thu,2026-11-13,Hotel VARKIN,Queen Room,private,24480,5121,no,7.7,773,yes,no,Booking (hotel/apartment filter),https://www.booking.com/hotel/jp/varkin-hotel.html?checkin=2026-11-12&checkout=2026-11-13&group_adults=2&no_rooms=1&selected_currency=JPY
2026-11-12,Thu,2026-11-13,Rakuyitsu Group Ikebukuro Mizukien 3F 111Tc,Villa,unverified,24509,5127,no,8.8,15,yes,no,Booking (review>=8 filter),https://www.booking.com/hotel/jp/rui-yue-yuan-3-zui-ji-yi-nochi-dai-yi-tu-bu-8fen-xin-su-made1yi-5fen-53m-mujizhi.html?checkin=2026-11-12&checkout=2026-11-13&group_adults=2&no_rooms=1&selected_currency=JPY
2026-11-12,Thu,2026-11-13,AM's 502 Movie 5 min to Ikebukuro 13 min to Shinjuku Station 19 min to Shibuya Station with coworking space,One-Bedroom Apartment,private,24545,5135,no,8.5,4,no,no,Booking (hotel/apartment filter),https://www.booking.com/hotel/jp/ams-502-movie-5-min-to-ikebukuro-13-min-to-shinjuku-station-19-min-to-shibuya-st.html?checkin=2026-11-12&checkout=2026-11-13&group_adults=2&no_rooms=1&selected_currency=JPY
2026-11-12,Thu,2026-11-13,Super Hotel Tokyo Otsuka,Double Room,private,24959,5221,no,8.8,750,no,yes,Booking (hotel/apartment filter),https://www.booking.com/hotel/jp/super-tokyo-otsuka.html?checkin=2026-11-12&checkout=2026-11-13&group_adults=2&no_rooms=1&selected_currency=JPY
2026-11-12,Thu,2026-11-13,池袋大型交通生活便利,Apartment,unverified,25216,5275,no,10.0,2,no,no,Booking (review>=8 filter),https://www.booking.com/hotel/jp/chi-dai-da-xing-jiao-tong-sheng-huo-bian-li.html?checkin=2026-11-12&checkout=2026-11-13&group_adults=2&no_rooms=1&selected_currency=JPY
2026-11-12,Thu,2026-11-13,Dormy Inn Ikebukuro - Natural Hot Spring,Late Escape Deal,private,25364,5306,no,8.7,1808,yes,no,Booking (hotel/apartment filter),https://www.booking.com/hotel/jp/domiinchi-dai.html?checkin=2026-11-12&checkout=2026-11-13&group_adults=2&no_rooms=1&selected_currency=JPY
2026-11-12,Thu,2026-11-13,Dormy Inn Ikebukuro - Natural Hot Spring,Late Escape Deal,unverified,25364,5306,no,8.7,1808,yes,no,Booking (review>=8 filter),https://www.booking.com/hotel/jp/domiinchi-dai.html?checkin=2026-11-12&checkout=2026-11-13&group_adults=2&no_rooms=1&selected_currency=JPY
2026-11-12,Thu,2026-11-13,R&B Hotel Otsuka Eki Kitaguchi - Vacation STAY 40484v,Studio,unverified,25410,5316,no,8.3,113,yes,no,Booking (review>=8 filter),https://www.booking.com/hotel/jp/r-b-otsuka-eki-kitaguchi-vacation-stay-40484v.html?checkin=2026-11-12&checkout=2026-11-13&group_adults=2&no_rooms=1&selected_currency=JPY
2026-11-12,Thu,2026-11-13,Tokyu Stay Ikebukuro,Moderate double Room - Non Smoking,private,25448,5324,no,8.7,1137,no,no,Booking (hotel/apartment filter),https://www.booking.com/hotel/jp/tokyu-stay-ikebukuro.html?checkin=2026-11-12&checkout=2026-11-13&group_adults=2&no_rooms=1&selected_currency=JPY
2026-11-12,Thu,2026-11-13,HOTEL APERTO (Adult Only),Check-in after 9pm - Standard Double Room,private,25455,5325,no,8.7,1297,yes,no,Booking (hotel/apartment filter),https://www.booking.com/hotel/jp/aperto.html?checkin=2026-11-12&checkout=2026-11-13&group_adults=2&no_rooms=1&selected_currency=JPY
2026-11-12,Thu,2026-11-13,别墅A棟 池袋商圈 大塚站7分钟 3个房间 交通便利 最大8人 Ikebukuro center 7 mins to ST Max 8P 直达新宿 涉谷 表参道 池袋 上野 代代木 银座 原宿,Three-Bedroom Villa,unverified,25500,5335,no,9.5,4,yes,no,Booking (review>=8 filter),https://www.booking.com/hotel/jp/bie-shu-chi-dai-shang-quan-da-zhong-zhan-7fen-zhong-3ge-fang-jian-jiao-tong-bian.html?checkin=2026-11-12&checkout=2026-11-13&group_adults=2&no_rooms=1&selected_currency=JPY
2026-11-12,Thu,2026-11-13,Jr山手线大塚站步行1分钟地处商店街的无敌便利,Two-Bedroom Apartment,unverified,26018,5443,no,8.2,18,no,no,Booking (review>=8 filter),https://www.booking.com/hotel/jp/jrshan-shou-xian-da-zhong-zhan-bu-xing-1fen-zhong-di-chu-shang-dian-jie-de-wu-di.html?checkin=2026-11-12&checkout=2026-11-13&group_adults=2&no_rooms=1&selected_currency=JPY
2026-11-12,Thu,2026-11-13,R&B Hotel Otsuka Eki Kitaguchi - Vacation STAY 40485v,Studio,unverified,26330,5508,no,8.5,29,yes,no,Booking (review>=8 filter),https://www.booking.com/hotel/jp/r-b-otsuka-eki-kitaguchi-vacation-stay-40485v.html?checkin=2026-11-12&checkout=2026-11-13&group_adults=2&no_rooms=1&selected_currency=JPY
2026-11-12,Thu,2026-11-13,OMO5 Tokyo Otsuka by Hoshino Resorts,YAGURA Room,unverified,26509,5546,no,8.8,1371,no,no,Booking (review>=8 filter),https://www.booking.com/hotel/jp/xing-ye-rizoto-omo5-da-zhong.html?checkin=2026-11-12&checkout=2026-11-13&group_adults=2&no_rooms=1&selected_currency=JPY
2026-11-12,Thu,2026-11-13,R&B Hotel Otsuka Eki Kitaguchi - Vacation STAY 14221v,Studio,unverified,26545,5553,no,8.2,18,yes,no,Booking (review>=8 filter),https://www.booking.com/hotel/jp/r-b-otsuka-eki-kitaguchi-vacation-stay-14221v.html?checkin=2026-11-12&checkout=2026-11-13&group_adults=2&no_rooms=1&selected_currency=JPY
2026-11-12,Thu,2026-11-13,Cosmy-2 IC53,One-Bedroom Apartment,unverified,26775,5601,no,8.1,8,yes,no,Booking (review>=8 filter),https://www.booking.com/hotel/jp/cosmy-2-ic53.html?checkin=2026-11-12&checkout=2026-11-13&group_adults=2&no_rooms=1&selected_currency=JPY
2026-11-12,Thu,2026-11-13,Sunshine City Prince Hotel Ikebukuro Tokyo,Twin Room Non-Smoking 26-32nd Floor,unverified,27536,5761,no,8.5,3151,yes,no,Booking (review>=8 filter),https://www.booking.com/hotel/jp/sunshine-city-prince.html?checkin=2026-11-12&checkout=2026-11-13&group_adults=2&no_rooms=1&selected_currency=JPY
2026-11-12,Thu,2026-11-13,池袋4丁目貸切一軒家最大七名,Three-Bedroom Apartment,unverified,27636,5781,no,9.1,6,yes,no,Booking (review>=8 filter),https://www.booking.com/hotel/jp/ikebukuro-walking-distance-family-villa-max-7-people-whole-rental-wi-fi.html?checkin=2026-11-12&checkout=2026-11-13&group_adults=2&no_rooms=1&selected_currency=JPY
2026-11-12,Thu,2026-11-13,"2 Minutes Walk to Ikebukuro Station, Central Tokyo and Very Convenient",One-Bedroom Apartment,unverified,27982,5854,no,9.6,16,no,no,Booking (review>=8 filter),https://www.booking.com/hotel/jp/2-min-walk-to-ikebukuro-station.html?checkin=2026-11-12&checkout=2026-11-13&group_adults=2&no_rooms=1&selected_currency=JPY
2026-11-12,Thu,2026-11-13,Y's INN Ikefukuro 109T,Villa,unverified,28430,5948,no,8.3,3,yes,no,Booking (review>=8 filter),https://www.booking.com/hotel/jp/chi-dai-chi-dai-yi-madetu-bu-11fen-xin-su-shibui-gu-qian-cao-yin-zuo-qiu-xie-yua.html?checkin=2026-11-12&checkout=2026-11-13&group_adults=2&no_rooms=1&selected_currency=JPY
2026-11-12,Thu,2026-11-13,Ikebukuro 3-Chome Stay,,unverified,30600,6402,no,10.0,0,no,no,Booking (review>=8 filter),https://www.booking.com/hotel/jp/chi-dai-3ding-mu-stay.html?checkin=2026-11-12&checkout=2026-11-13&group_adults=2&no_rooms=1&selected_currency=JPY
2026-11-12,Thu,2026-11-13,新宿 涉谷 原宿可多线直达 有Wifi 山手线大站池袋车站一戸建,,unverified,31091,6504,no,10.0,0,no,no,Booking (review>=8 filter),https://www.booking.com/hotel/jp/xin-su-she-gu-yuan-su-ke-duo-xian-zhi-da-you-wifi-shan-shou-xian-da-zhan-chi-dai.html?checkin=2026-11-12&checkout=2026-11-13&group_adults=2&no_rooms=1&selected_currency=JPY
2026-11-12,Thu,2026-11-13,悠悠之家 池袋商业区 7分钟步行到池袋车站 3层独栋别墅 全新 3房2厅厨卫齐全 免费车库 奈飞影院,Three-Bedroom Villa,unverified,31818,6656,no,9.5,2,no,no,Booking (review>=8 filter),https://www.booking.com/hotel/jp/you-you-zhi-jia-chi-dai-shang-ye-qu-7fen-zhong-bu-xing-dao-chi-dai-che-zhan-3cen.html?checkin=2026-11-12&checkout=2026-11-13&group_adults=2&no_rooms=1&selected_currency=JPY
2026-11-12,Thu,2026-11-13,桜の川65 池袋駅C6口 8分 2-10人丨Ikebukuro JR Line C6 Exit 8 minutes 2-10 people,Late Escape Deal,unverified,32073,6710,no,9.5,27,no,no,Booking (review>=8 filter),https://www.booking.com/hotel/jp/ying-nochuan-65-ikebukuro-area.html?checkin=2026-11-12&checkout=2026-11-13&group_adults=2&no_rooms=1&selected_currency=JPY
2026-11-12,Thu,2026-11-13,SLEEPLAB THE STAY 池袋 -Ikebukuro-,One-Bedroom Family Apartment,unverified,32318,6761,no,8.1,12,no,no,Booking (review>=8 filter),https://www.booking.com/hotel/jp/sleeplab-the-stay-chi-dai-ikebukuro.html?checkin=2026-11-12&checkout=2026-11-13&group_adults=2&no_rooms=1&selected_currency=JPY
2026-11-12,Thu,2026-11-13,池袋站步行3分钟 团体6-10人入住,Studio Apartment,unverified,33228,6951,no,9.3,22,no,no,Booking (review>=8 filter),https://www.booking.com/hotel/jp/dong-jing-xing-yun-lu-guan-li-dao-qu-nan-chi-dai-2ding-mu-24fan-3hao.html?checkin=2026-11-12&checkout=2026-11-13&group_adults=2&no_rooms=1&selected_currency=JPY
2026-11-12,Thu,2026-11-13,Oasis IKEBUKURO,Late Escape Deal,unverified,33840,7079,no,8.0,2,no,no,Booking (review>=8 filter),https://www.booking.com/hotel/jp/oasis-ikebukuro.html?checkin=2026-11-12&checkout=2026-11-13&group_adults=2&no_rooms=1&selected_currency=JPY
2026-11-12,Thu,2026-11-13,Hotel Metropolitan Tokyo Ikebukuro,Moderate Queen - Non-Smoking (6F-7F),unverified,34175,7149,no,8.8,3049,yes,no,Booking (review>=8 filter),https://www.booking.com/hotel/jp/metropolitan-tokyo.html?checkin=2026-11-12&checkout=2026-11-13&group_adults=2&no_rooms=1&selected_currency=JPY
2026-11-12,Thu,2026-11-13,"SCD155 Private House for 9 with Rooftop in Ikebukuro, Direct Access to Tokyo's Core Commercial Districts",Villa,unverified,37183,7779,no,8.8,5,yes,no,Booking (review>=8 filter),https://www.booking.com/hotel/jp/spacious-villa-in-ikebukuro-suburbs-direct-access-to-tokyos-core-commercial-dist.html?checkin=2026-11-12&checkout=2026-11-13&group_adults=2&no_rooms=1&selected_currency=JPY
2026-11-12,Thu,2026-11-13,"9-min walk to Ikebukuro Station, 1-min walk to Kanamecho Station Max 8 guests 70 sqm Free parking Direct access to Shinjuku, Shibuya, Ueno",Two-Bedroom Apartment,unverified,41308,8642,no,8.8,6,no,no,Booking (review>=8 filter),https://www.booking.com/hotel/jp/9-min-walk-to-ikebukuro-station-1-min-walk-to-kanamecho-station-max-8-guests-70.html?checkin=2026-11-12&checkout=2026-11-13&group_adults=2&no_rooms=1&selected_currency=JPY
2026-11-12,Thu,2026-11-13,MIMARU Tokyo Ikebukuro,Late Escape Deal,unverified,45818,9585,no,9.1,1045,yes,no,Booking (review>=8 filter),https://www.booking.com/hotel/jp/mimarudong-jing-chi-dai.html?checkin=2026-11-12&checkout=2026-11-13&group_adults=2&no_rooms=1&selected_currency=JPY
2026-11-12,Thu,2026-11-13,hotel hisoca ikebukuro,Double Room with Two Double Beds,unverified,48491,10144,no,9.3,327,yes,no,Booking (review>=8 filter),https://www.booking.com/hotel/jp/hisoca.html?checkin=2026-11-12&checkout=2026-11-13&group_adults=2&no_rooms=1&selected_currency=JPY
2026-11-12,Thu,2026-11-13,Ikebukuro 3 Chome,Villa,unverified,50727,10612,no,9.5,2,yes,no,Booking (review>=8 filter),https://www.booking.com/hotel/jp/ikebukuro-3-chome.html?checkin=2026-11-12&checkout=2026-11-13&group_adults=2&no_rooms=1&selected_currency=JPY
2026-11-12,Thu,2026-11-13,Corpo Okazaki - Vacation STAY 20516,,unverified,58199,12175,no,8.0,0,yes,no,Booking (review>=8 filter),https://www.booking.com/hotel/jp/corpo-okazaki-vacation-stay-20516.html?checkin=2026-11-12&checkout=2026-11-13&group_adults=2&no_rooms=1&selected_currency=JPY
2026-11-12,Thu,2026-11-13,Felizstay Ikebukuro,New to Booking.com,unverified,61617,12890,no,,0,yes,no,Booking (review>=8 filter),https://www.booking.com/hotel/jp/felizstay-ikebukuro.html?checkin=2026-11-12&checkout=2026-11-13&group_adults=2&no_rooms=1&selected_currency=JPY
2026-11-12,Thu,2026-11-13,こたつたたみハウス,,unverified,61670,12901,no,10.0,0,no,no,Booking (review>=8 filter),https://www.booking.com/hotel/jp/kotatsu-tatami-house.html?checkin=2026-11-12&checkout=2026-11-13&group_adults=2&no_rooms=1&selected_currency=JPY
2026-11-12,Thu,2026-11-13,8路線使用可能！アクセス抜群/池袋駅より徒歩5分/最大11名/Wi-Fi完備/まるごと3LDK,Three-Bedroom Apartment,unverified,163722,34251,no,8.6,39,yes,no,Booking (review>=8 filter),https://www.booking.com/hotel/jp/8lu-xian-shi-yong-ke-neng-akusesuba-qun-chi-dai-yi-yoritu-bu-5fen-zui-da-11ming.html?checkin=2026-11-12&checkout=2026-11-13&group_adults=2&no_rooms=1&selected_currency=JPY
2026-11-13,Fri,2026-11-14,池袋 4 丁目に位置するHanano Sato Lumiere 新宿 銀座 上野 秋葉原など東京主要観光地へのアクセスが非常に良好です 徒歩圏内に 24 時間コンビニ 銭湯がございます,New to Booking.com,unverified,8240,1724,yes,8.5,2,no,no,Booking (review>=8 filter),https://www.booking.com/hotel/jp/hanano-sato-lumiere.html?checkin=2026-11-13&checkout=2026-11-14&group_adults=2&no_rooms=1&selected_currency=JPY
2026-11-13,Fri,2026-11-14,クオリティハイツ101号室,Studio,private,8364,1750,yes,7.0,11,no,no,Booking (hotel/apartment filter),https://www.booking.com/hotel/jp/kuoriteihaitu101hao-shi.html?checkin=2026-11-13&checkout=2026-11-14&group_adults=2&no_rooms=1&selected_currency=JPY
2026-11-13,Fri,2026-11-14,Sakura Cherry otsuka 101 JR Otsuka station 6min,,private,8640,1807,yes,,0,no,no,Booking (hotel/apartment filter),https://www.booking.com/hotel/jp/sakura-cherry-otsuka-101-jr-otsuka-station-6min.html?checkin=2026-11-13&checkout=2026-11-14&group_adults=2&no_rooms=1&selected_currency=JPY
2026-11-13,Fri,2026-11-14,クオリティハイツ池袋駅西口至近,One-Bedroom Apartment,private,8782,1837,yes,7.1,39,no,no,Booking (hotel/apartment filter),https://www.booking.com/hotel/jp/kuoriteihaituchi-dai-yi-xi-kou-zhi-jin.html?checkin=2026-11-13&checkout=2026-11-14&group_adults=2&no_rooms=1&selected_currency=JPY
2026-11-13,Fri,2026-11-14,愛の屋ホテル池袋,One-Bedroom Apartment,private,9000,1883,yes,3.6,9,no,no,Booking (hotel/apartment filter),https://www.booking.com/hotel/jp/ai-nowu-hoteruchi-dai.html?checkin=2026-11-13&checkout=2026-11-14&group_adults=2&no_rooms=1&selected_currency=JPY
2026-11-13,Fri,2026-11-14,Business Hotel Kankokukan - Vacation STAY 45862v,Apartment,unverified,9013,1886,yes,8.0,12,yes,no,Booking (review>=8 filter),https://www.booking.com/hotel/jp/business-kankokukan-vacation-stay-45862v.html?checkin=2026-11-13&checkout=2026-11-14&group_adults=2&no_rooms=1&selected_currency=JPY
2026-11-13,Fri,2026-11-14,パインセンターハイツ池袋,,private,9409,1968,yes,,0,no,no,Booking (hotel/apartment filter),https://www.booking.com/hotel/jp/painsentahaituchi-dai.html?checkin=2026-11-13&checkout=2026-11-14&group_adults=2&no_rooms=1&selected_currency=JPY
2026-11-13,Fri,2026-11-14,Tabist Hotel Aurora Ikebukuro,Double Room - Smoking,private,9727,2035,yes,6.7,480,yes,no,Booking (hotel/apartment filter),https://www.booking.com/hotel/jp/hoteruorora.html?checkin=2026-11-13&checkout=2026-11-14&group_adults=2&no_rooms=1&selected_currency=JPY
2026-11-13,Fri,2026-11-14,愛の屋民泊池袋,One-Bedroom Apartment,private,9818,2054,yes,6.2,45,no,no,Booking (hotel/apartment filter),https://www.booking.com/hotel/jp/ai-nowu-min-bo-chi-dai.html?checkin=2026-11-13&checkout=2026-11-14&group_adults=2&no_rooms=1&selected_currency=JPY
2026-11-13,Fri,2026-11-14,Excellent Access to Shinjuku Shibuya and Ginza 30 Seconds from Higashi Ikebukuro Station Steps from Sunshine City Fully Equipped Comfortable Studio for Up to 3 Guests,,private,9818,2054,yes,,0,yes,no,Booking (hotel/apartment filter),https://www.booking.com/hotel/jp/excellent-access-to-shinjuku-shibuya-and-ginza-30-seconds-from-higashi-ikebukuro.html?checkin=2026-11-13&checkout=2026-11-14&group_adults=2&no_rooms=1&selected_currency=JPY
2026-11-13,Fri,2026-11-14,Tookin house 池袋,Apartment with Balcony,private,10473,2191,yes,7.5,100,no,no,Booking (hotel/apartment filter),https://www.booking.com/hotel/jp/tookin.html?checkin=2026-11-13&checkout=2026-11-14&group_adults=2&no_rooms=1&selected_currency=JPY
2026-11-13,Fri,2026-11-14,Garden square,One-Bedroom Apartment,private,10793,2258,yes,7.3,27,no,no,Booking (hotel/apartment filter),https://www.booking.com/hotel/jp/gadensukuea.html?checkin=2026-11-13&checkout=2026-11-14&group_adults=2&no_rooms=1&selected_currency=JPY
2026-11-13,Fri,2026-11-14,Hananogo Ikebukuro - Vacation STAY 16082v,Studio,private,10863,2273,yes,7.0,5,yes,no,Booking (hotel/apartment filter),https://www.booking.com/hotel/jp/hananogo-ikebukuro-vacation-stay-16082v.html?checkin=2026-11-13&checkout=2026-11-14&group_adults=2&no_rooms=1&selected_currency=JPY
2026-11-13,Fri,2026-11-14,House Ikebukuro,Japanese Style Economy Room,shared,10909,2282,yes,8.4,1381,yes,no,Booking (hotel/apartment filter),https://www.booking.com/hotel/jp/house-ikebukuro.html?checkin=2026-11-13&checkout=2026-11-14&group_adults=2&no_rooms=1&selected_currency=JPY
2026-11-13,Fri,2026-11-14,House Ikebukuro,Japanese Style Economy Room,shared,10909,2282,yes,8.4,1381,yes,no,Booking (review>=8 filter),https://www.booking.com/hotel/jp/house-ikebukuro.html?checkin=2026-11-13&checkout=2026-11-14&group_adults=2&no_rooms=1&selected_currency=JPY
2026-11-13,Fri,2026-11-14,愛の屋ホテル池袋,Studio,private,11181,2339,yes,3.0,3,no,no,Booking (hotel/apartment filter),https://www.booking.com/hotel/jp/ai-nowu-hoteruchi-dai-dong-jing-du.html?checkin=2026-11-13&checkout=2026-11-14&group_adults=2&no_rooms=1&selected_currency=JPY
2026-11-13,Fri,2026-11-14,雲海301 要町駅徒歩7分 池袋バスまで6分 かわいい部屋 最大4名,,private,11232,2350,yes,,0,no,no,Booking (hotel/apartment filter),https://www.booking.com/hotel/jp/tiikawanojia-yao-ting-yi-tu-bu-7fen-chi-dai-basumade6fen-kawaiibu-wu-zui-da-4min.html?checkin=2026-11-13&checkout=2026-11-14&group_adults=2&no_rooms=1&selected_currency=JPY
2026-11-13,Fri,2026-11-14,Hotel Moana Otsuka (Adult Only),Small Double Room,unverified,11364,2377,yes,8.0,303,yes,no,Booking (review>=8 filter),https://www.booking.com/hotel/jp/hoteru-moana-otsuka.html?checkin=2026-11-13&checkout=2026-11-14&group_adults=2&no_rooms=1&selected_currency=JPY
2026-11-13,Fri,2026-11-14,Kimi Ryokan,Twin Room,shared,11500,2406,yes,8.3,1035,yes,no,Booking (review>=8 filter),https://www.booking.com/hotel/jp/kimi-ryokan.html?checkin=2026-11-13&checkout=2026-11-14&group_adults=2&no_rooms=1&selected_currency=JPY
2026-11-13,Fri,2026-11-14,Ryoma Ikebukuro male only -Guest House - Vacation STAY 14547v,Holiday Home,private,11563,2419,yes,4.4,18,yes,no,Booking (hotel/apartment filter),https://www.booking.com/hotel/jp/ryoma-ikebukuro-guest-house-vacation-stay-14547v.html?checkin=2026-11-13&checkout=2026-11-14&group_adults=2&no_rooms=1&selected_currency=JPY
2026-11-13,Fri,2026-11-14,Ryoma Ikebukuro female only Guest House Vacation STAY 16032v,Holiday Home,private,11563,2419,yes,5.4,25,yes,no,Booking (hotel/apartment filter),https://www.booking.com/hotel/jp/ryoma-ikebukuro-guest-house-vacation-stay-16032v.html?checkin=2026-11-13&checkout=2026-11-14&group_adults=2&no_rooms=1&selected_currency=JPY
2026-11-13,Fri,2026-11-14,Hotel Amethyst,Double Room - Smoking,private,11636,2434,yes,6.4,75,yes,no,Booking (hotel/apartment filter),https://www.booking.com/hotel/jp/hoteru-amezisuto.html?checkin=2026-11-13&checkout=2026-11-14&group_adults=2&no_rooms=1&selected_currency=JPY
2026-11-13,Fri,2026-11-14,Ikebukuro home 18,Two-Bedroom Apartment,private,11659,2439,yes,6.2,12,no,no,Booking (hotel/apartment filter),https://www.booking.com/hotel/jp/ikebukuro-coze-home.html?checkin=2026-11-13&checkout=2026-11-14&group_adults=2&no_rooms=1&selected_currency=JPY
2026-11-13,Fri,2026-11-14,池袋 Aurora 7,One-Bedroom Apartment,private,11659,2439,yes,7.3,16,no,no,Booking (hotel/apartment filter),https://www.booking.com/hotel/jp/chi-dai-yi-zui-da-6ren-b09.html?checkin=2026-11-13&checkout=2026-11-14&group_adults=2&no_rooms=1&selected_currency=JPY
2026-11-13,Fri,2026-11-14,Garden Otsuka,Late Escape Deal,private,11664,2440,yes,7.0,182,no,no,Booking (hotel/apartment filter),https://www.booking.com/hotel/jp/garden-otsuka-203.html?checkin=2026-11-13&checkout=2026-11-14&group_adults=2&no_rooms=1&selected_currency=JPY
2026-11-13,Fri,2026-11-14,Ikebukuro Base,One-Bedroom Apartment,private,11753,2459,yes,6.5,32,no,no,Booking (hotel/apartment filter),https://www.booking.com/hotel/jp/ikebukuro-base.html?checkin=2026-11-13&checkout=2026-11-14&group_adults=2&no_rooms=1&selected_currency=JPY
2026-11-13,Fri,2026-11-14,Hananogo Ikebukuro - Vacation STAY 16064v,,private,11784,2465,yes,5.0,0,yes,no,Booking (hotel/apartment filter),https://www.booking.com/hotel/jp/hananogo-ikebukuro-vacation-stay-16064v.html?checkin=2026-11-13&checkout=2026-11-14&group_adults=2&no_rooms=1&selected_currency=JPY
2026-11-13,Fri,2026-11-14,"7-minute walk from Otsuka Station,Yamanote Line 3-person Shared garden",Double Room,unverified,11818,2472,yes,9.2,8,yes,no,Booking (review>=8 filter),https://www.booking.com/hotel/jp/7-minute-walk-from-otsuka-station.html?checkin=2026-11-13&checkout=2026-11-14&group_adults=2&no_rooms=1&selected_currency=JPY
2026-11-13,Fri,2026-11-14,"BRT201 Yamanote Line, Easy to Shinjuku & Shibuya",,private,12231,2559,yes,9.0,0,yes,no,Booking (hotel/apartment filter),https://www.booking.com/hotel/jp/brt201-ikebukuro-station-double-apartment-201-yamanote-line-direct-access-to-shi.html?checkin=2026-11-13&checkout=2026-11-14&group_adults=2&no_rooms=1&selected_currency=JPY
2026-11-13,Fri,2026-11-14,"BRT202 Tokyo City Base, Double Room for Two",,private,12231,2559,yes,1.0,0,yes,no,Booking (hotel/apartment filter),https://www.booking.com/hotel/jp/brt202-ikebukuro-station-apartment-for-2-people-direct-access-to-shinjuku-and-sh.html?checkin=2026-11-13&checkout=2026-11-14&group_adults=2&no_rooms=1&selected_currency=JPY
2026-11-13,Fri,2026-11-14,"BRT201 Yamanote Line, Easy to Shinjuku & Shibuya",,unverified,12231,2559,yes,9.0,0,yes,no,Booking (review>=8 filter),https://www.booking.com/hotel/jp/brt201-ikebukuro-station-double-apartment-201-yamanote-line-direct-access-to-shi.html?checkin=2026-11-13&checkout=2026-11-14&group_adults=2&no_rooms=1&selected_currency=JPY
2026-11-13,Fri,2026-11-14,Tabist Hotel Florida Ikebukuro,Double Room - Smoking,private,12273,2568,yes,6.7,161,yes,no,Booking (hotel/apartment filter),https://www.booking.com/hotel/jp/florida-dong-jing.html?checkin=2026-11-13&checkout=2026-11-14&group_adults=2&no_rooms=1&selected_currency=JPY
2026-11-13,Fri,2026-11-14,Ikebukuro Central Hotel,Standard Double Room,private,12545,2624,yes,5.8,225,yes,no,Booking (hotel/apartment filter),https://www.booking.com/hotel/jp/chi-dai-sentoraruhoteru.html?checkin=2026-11-13&checkout=2026-11-14&group_adults=2&no_rooms=1&selected_currency=JPY
2026-11-13,Fri,2026-11-14,IKEBUKURO MANGA HOUSE,One-Bedroom Apartment,private,12929,2705,yes,7.8,169,yes,no,Booking (hotel/apartment filter),https://www.booking.com/hotel/jp/ikebukuro-manga-house.html?checkin=2026-11-13&checkout=2026-11-14&group_adults=2&no_rooms=1&selected_currency=JPY
2026-11-13,Fri,2026-11-14,池袋駅徒歩7分 山手線交通便利 設備完備,One-Bedroom Apartment,private,12955,2710,yes,7.7,8,yes,no,Booking (hotel/apartment filter),https://www.booking.com/hotel/jp/chi-dai-yi-tu-bu-7fen-shan-shou-xian-jiao-tong-bian-li-she-bei-wan-bei.html?checkin=2026-11-13&checkout=2026-11-14&group_adults=2&no_rooms=1&selected_currency=JPY
2026-11-13,Fri,2026-11-14,"7-minute walk from Otsuka Station,Yamanote Line 3-person Shared garden",One-Bedroom Apartment,private,13091,2739,yes,9.2,8,no,no,Booking (hotel/apartment filter),https://www.booking.com/hotel/jp/7-minute-walk-from-otsuka-station.html?checkin=2026-11-13&checkout=2026-11-14&group_adults=2&no_rooms=1&selected_currency=JPY
2026-11-13,Fri,2026-11-14,Otsuka 7 mins one stop to Ikebukuro mansion with garden,One-Bedroom Apartment,private,13091,2739,yes,7.1,6,no,no,Booking (hotel/apartment filter),https://www.booking.com/hotel/jp/otsuka-7-mins.html?checkin=2026-11-13&checkout=2026-11-14&group_adults=2&no_rooms=1&selected_currency=JPY
2026-11-13,Fri,2026-11-14,Restay Frontier (Adult Only),Double Room,private,13107,2742,yes,9.0,570,no,no,Booking (hotel/apartment filter),https://www.booking.com/hotel/jp/hoteruhuronteia.html?checkin=2026-11-13&checkout=2026-11-14&group_adults=2&no_rooms=1&selected_currency=JPY
2026-11-13,Fri,2026-11-14,Green Hill,One-Bedroom Apartment,private,13107,2742,yes,5.1,56,yes,no,Booking (hotel/apartment filter),https://www.booking.com/hotel/jp/green-hill-dong-jing-du.html?checkin=2026-11-13&checkout=2026-11-14&group_adults=2&no_rooms=1&selected_currency=JPY
2026-11-13,Fri,2026-11-14,福屋一番館,One-Bedroom Apartment with Park View,private,13255,2773,yes,9.1,49,no,no,Booking (hotel/apartment filter),https://www.booking.com/hotel/jp/fu-wu-yi-fan-guan.html?checkin=2026-11-13&checkout=2026-11-14&group_adults=2&no_rooms=1&selected_currency=JPY
2026-11-13,Fri,2026-11-14,HOTEL PAL Otsuka -Adult Only-,Economy Double Room (Check-in after 19:00),unverified,13455,2815,no,9.2,97,yes,no,Booking (review>=8 filter),https://www.booking.com/hotel/jp/pal.html?checkin=2026-11-13&checkout=2026-11-14&group_adults=2&no_rooms=1&selected_currency=JPY
2026-11-13,Fri,2026-11-14,Hananogo Ikebukuro - Vacation STAY 16116v,,private,13625,2850,no,1.0,0,yes,no,Booking (hotel/apartment filter),https://www.booking.com/hotel/jp/hananogo-ikebukuro-vacation-stay-16116v.html?checkin=2026-11-13&checkout=2026-11-14&group_adults=2&no_rooms=1&selected_currency=JPY
2026-11-13,Fri,2026-11-14,Ikebukuro Center# Ikebukuro 5min walk#池袋中心地带# 池袋车站步行5分#无限制wifi#306,,private,13770,2881,no,9.0,0,no,no,Booking (hotel/apartment filter),https://www.booking.com/hotel/jp/ikebukuro-center-ikebukuro-5min-walk-chi-dai-zhong-xin-di-dai-chi-d-toshima-cit2.html?checkin=2026-11-13&checkout=2026-11-14&group_adults=2&no_rooms=1&selected_currency=JPY
2026-11-13,Fri,2026-11-14,"Ikebukuro 8 min walk, Kanamecho 6 min walk, 25sqm room, 2 guests, Direct access to Shinjuku, Shibuya, Tokyo, Ueno, 1 double bed",One-Bedroom Apartment,private,13813,2890,no,6.7,15,yes,no,Booking (hotel/apartment filter),https://www.booking.com/hotel/jp/8-min-walk-to-ikebukuro-6-min-walk-to-yanagibashi-station25m-max-2-people-direct.html?checkin=2026-11-13&checkout=2026-11-14&group_adults=2&no_rooms=1&selected_currency=JPY
2026-11-13,Fri,2026-11-14,Ikebukuro 8min walk#kebukuro center#Living room#bidet toilet#池袋中心#池袋车站步行8分钟#有客厅#卧室#智能马桶#干湿分离202,,private,13909,2910,no,,0,no,no,Booking (hotel/apartment filter),https://www.booking.com/hotel/jp/chi-dai-zhong-xin-chi-dai-che-zhan-bu-xing-7fen-zhong-ke-ting-wo-shi-zhi-neng-ma.html?checkin=2026-11-13&checkout=2026-11-14&group_adults=2&no_rooms=1&selected_currency=JPY
2026-11-13,Fri,2026-11-14,Frame HIGASHI IKEBUKURO,Double or Twin Room,unverified,14193,2969,no,8.6,31,no,no,Booking (review>=8 filter),https://www.booking.com/hotel/jp/frame-higashiikebukuro.html?checkin=2026-11-13&checkout=2026-11-14&group_adults=2&no_rooms=1&selected_currency=JPY
2026-11-13,Fri,2026-11-14,池袋 Bodo House 9 A5,One-Bedroom Apartment,private,14285,2988,no,6.9,36,no,no,Booking (hotel/apartment filter),https://www.booking.com/hotel/jp/chi-dai-bodo-house-9.html?checkin=2026-11-13&checkout=2026-11-14&group_adults=2&no_rooms=1&selected_currency=JPY
2026-11-13,Fri,2026-11-14,Ikebukuro IVY House Ao6,One-Bedroom Apartment,private,14285,2988,no,6.3,17,no,no,Booking (hotel/apartment filter),https://www.booking.com/hotel/jp/ikebukuro-ivy-house-ao6.html?checkin=2026-11-13&checkout=2026-11-14&group_adults=2&no_rooms=1&selected_currency=JPY
2026-11-13,Fri,2026-11-14,HOTEL PARK SIDE,Superior Double Room,private,14364,3005,no,7.5,71,yes,no,Booking (hotel/apartment filter),https://www.booking.com/hotel/jp/park-side-dong-jing.html?checkin=2026-11-13&checkout=2026-11-14&group_adults=2&no_rooms=1&selected_currency=JPY
2026-11-13,Fri,2026-11-14,KOSUMOSU Ikebukuro Shinjuku Private House,Double Room,unverified,14545,3043,no,8.4,146,no,no,Booking (review>=8 filter),https://www.booking.com/hotel/jp/kosumosu.html?checkin=2026-11-13&checkout=2026-11-14&group_adults=2&no_rooms=1&selected_currency=JPY
2026-11-13,Fri,2026-11-14,Hananogo Ikebukuro - Vacation STAY 16098v,Studio,private,14546,3043,no,7.8,7,yes,no,Booking (hotel/apartment filter),https://www.booking.com/hotel/jp/hananogo-ikebukuro-vacation-stay-16098v.html?checkin=2026-11-13&checkout=2026-11-14&group_adults=2&no_rooms=1&selected_currency=JPY
2026-11-13,Fri,2026-11-14,Restay Frontier (Adult Only),Double Room,unverified,14564,3047,no,9.0,570,no,no,Booking (review>=8 filter),https://www.booking.com/hotel/jp/hoteruhuronteia.html?checkin=2026-11-13&checkout=2026-11-14&group_adults=2&no_rooms=1&selected_currency=JPY
2026-11-13,Fri,2026-11-14,Karasawa Hotel,One-Bedroom Apartment,private,14580,3050,no,6.4,39,no,no,Booking (hotel/apartment filter),https://www.booking.com/hotel/jp/tang-ze-hoteru-karasawa.html?checkin=2026-11-13&checkout=2026-11-14&group_adults=2&no_rooms=1&selected_currency=JPY
2026-11-13,Fri,2026-11-14,HOTEL CHECK INN BALI adult only,Economy Double Room,private,14727,3081,no,7.2,316,yes,no,Booking (hotel/apartment filter),https://www.booking.com/hotel/jp/check-inn-bali.html?checkin=2026-11-13&checkout=2026-11-14&group_adults=2&no_rooms=1&selected_currency=JPY
2026-11-13,Fri,2026-11-14,福屋一番館,One-Bedroom Apartment with Park View,unverified,14727,3081,no,9.1,49,no,no,Booking (review>=8 filter),https://www.booking.com/hotel/jp/fu-wu-yi-fan-guan.html?checkin=2026-11-13&checkout=2026-11-14&group_adults=2&no_rooms=1&selected_currency=JPY
2026-11-13,Fri,2026-11-14,Home Story in Tokyo JR山手線大塚駅Otsuka &東京屋語,Late Escape Deal,private,14760,3088,no,9.0,6,yes,no,Booking (hotel/apartment filter),https://www.booking.com/hotel/jp/tokyo-house-asakusa.html?checkin=2026-11-13&checkout=2026-11-14&group_adults=2&no_rooms=1&selected_currency=JPY
2026-11-13,Fri,2026-11-14,桜の川 池袋駅7分 2-4人丨7 minutes from Ikebukuro Station 2-4 people,Late Escape Deal,unverified,14988,3135,no,8.2,46,no,no,Booking (review>=8 filter),https://www.booking.com/hotel/jp/ikebukuro-8min-modern-stay.html?checkin=2026-11-13&checkout=2026-11-14&group_adults=2&no_rooms=1&selected_currency=JPY
2026-11-13,Fri,2026-11-14,池袋レトロなホテル,Superior Double Room,private,15000,3138,no,7.8,138,yes,no,Booking (hotel/apartment filter),https://www.booking.com/hotel/jp/aroma-plus.html?checkin=2026-11-13&checkout=2026-11-14&group_adults=2&no_rooms=1&selected_currency=JPY
2026-11-13,Fri,2026-11-14,"Ikebukuro 8 min walk, Kanamecho 6 min walk, 25sqm room, 2 guests, Direct access to Shinjuku, Shibuya, Tokyo, Ueno, 2 single beds",,private,15068,3152,no,1.0,0,yes,no,Booking (hotel/apartment filter),https://www.booking.com/hotel/jp/103-8-min-walk-to-ikebukuro-6-min-walk-to-kanamecho-station25m-max-2-people-dire.html?checkin=2026-11-13&checkout=2026-11-14&group_adults=2&no_rooms=1&selected_currency=JPY
2026-11-13,Fri,2026-11-14,3-20-9 - Vacation STAY 92310v,,private,15129,3165,no,,0,yes,no,Booking (hotel/apartment filter),https://www.booking.com/hotel/jp/3-20-9-vacation-stay-92310v.html?checkin=2026-11-13&checkout=2026-11-14&group_adults=2&no_rooms=1&selected_currency=JPY
2026-11-13,Fri,2026-11-14,ジェミニス池袋303,One-Bedroom Apartment,private,15300,3201,no,8.5,2,yes,no,Booking (hotel/apartment filter),https://www.booking.com/hotel/jp/zieminisuchi-dai-303.html?checkin=2026-11-13&checkout=2026-11-14&group_adults=2&no_rooms=1&selected_currency=JPY
2026-11-13,Fri,2026-11-14,Ikebukuro Center# Ikebukuro 5min walk#池袋中心地带# 池袋车站步行5分#无限制wifi#306,,unverified,15300,3201,no,9.0,0,no,no,Booking (review>=8 filter),https://www.booking.com/hotel/jp/ikebukuro-center-ikebukuro-5min-walk-chi-dai-zhong-xin-di-dai-chi-d-toshima-cit2.html?checkin=2026-11-13&checkout=2026-11-14&group_adults=2&no_rooms=1&selected_currency=JPY
2026-11-13,Fri,2026-11-14,ジェミニス池袋303,One-Bedroom Apartment,unverified,15300,3201,no,8.5,2,yes,no,Booking (review>=8 filter),https://www.booking.com/hotel/jp/zieminisuchi-dai-303.html?checkin=2026-11-13&checkout=2026-11-14&group_adults=2&no_rooms=1&selected_currency=JPY
2026-11-13,Fri,2026-11-14,今和Hotel,One-Bedroom Apartment,private,15545,3252,no,8.7,95,no,no,Booking (hotel/apartment filter),https://www.booking.com/hotel/jp/jin-he-dong-jing-du.html?checkin=2026-11-13&checkout=2026-11-14&group_adults=2&no_rooms=1&selected_currency=JPY
2026-11-13,Fri,2026-11-14,ARstay IKEBUKURO TOKYO,,unverified,15731,3291,no,8.0,0,yes,no,Booking (review>=8 filter),https://www.booking.com/hotel/jp/arstay-ikebukuro-li-dao-qu.html?checkin=2026-11-13&checkout=2026-11-14&group_adults=2&no_rooms=1&selected_currency=JPY
2026-11-13,Fri,2026-11-14,池袋 Energy CA0 a9,One-Bedroom Apartment,private,15873,3321,no,7.4,19,no,no,Booking (hotel/apartment filter),https://www.booking.com/hotel/jp/chi-dai-energy-ca0-a9.html?checkin=2026-11-13&checkout=2026-11-14&group_adults=2&no_rooms=1&selected_currency=JPY
2026-11-13,Fri,2026-11-14,Ikebukuro Warmハウス306,One-Bedroom Apartment,private,15873,3321,no,8.9,17,no,no,Booking (hotel/apartment filter),https://www.booking.com/hotel/jp/ikebukuro-warmhausu306.html?checkin=2026-11-13&checkout=2026-11-14&group_adults=2&no_rooms=1&selected_currency=JPY
2026-11-13,Fri,2026-11-14,Ikebukuro Warmハウス306,One-Bedroom Apartment,unverified,15873,3321,no,8.9,17,no,no,Booking (review>=8 filter),https://www.booking.com/hotel/jp/ikebukuro-warmhausu306.html?checkin=2026-11-13&checkout=2026-11-14&group_adults=2&no_rooms=1&selected_currency=JPY
2026-11-13,Fri,2026-11-14,HOTEL MYSTAYS Higashi Ikebukuro,Superior Semi Double - Non-Smoking - House Keeping is Optional with Additional Cost,private,15909,3328,no,8.3,1699,yes,no,Booking (hotel/apartment filter),https://www.booking.com/hotel/jp/flexstay-higashi-ikebukuro-inn.html?checkin=2026-11-13&checkout=2026-11-14&group_adults=2&no_rooms=1&selected_currency=JPY
2026-11-13,Fri,2026-11-14,HOTEL MYSTAYS Higashi Ikebukuro,Superior Semi Double - Non-Smoking - House Keeping is Optional with Additional Cost,unverified,15909,3328,no,8.3,1699,yes,no,Booking (review>=8 filter),https://www.booking.com/hotel/jp/flexstay-higashi-ikebukuro-inn.html?checkin=2026-11-13&checkout=2026-11-14&group_adults=2&no_rooms=1&selected_currency=JPY
2026-11-13,Fri,2026-11-14,japan house Otsuka,One-Bedroom Apartment,private,16200,3389,no,9.0,141,no,no,Booking (hotel/apartment filter),https://www.booking.com/hotel/jp/japan-house-otsuka.html?checkin=2026-11-13&checkout=2026-11-14&group_adults=2&no_rooms=1&selected_currency=JPY
2026-11-13,Fri,2026-11-14,japan house Otsuka,One-Bedroom Apartment,unverified,16200,3389,no,9.0,141,no,no,Booking (review>=8 filter),https://www.booking.com/hotel/jp/japan-house-otsuka.html?checkin=2026-11-13&checkout=2026-11-14&group_adults=2&no_rooms=1&selected_currency=JPY
2026-11-13,Fri,2026-11-14,Toshima-ku - House - Vacation STAY 17454,,private,16314,3413,no,,0,yes,no,Booking (hotel/apartment filter),https://www.booking.com/hotel/jp/toshima-ku-house-vacation-stay-17454.html?checkin=2026-11-13&checkout=2026-11-14&group_adults=2&no_rooms=1&selected_currency=JPY
2026-11-13,Fri,2026-11-14,the Jeminith Ikebukuro 501,,private,16364,3423,no,,0,yes,no,Booking (hotel/apartment filter),https://www.booking.com/hotel/jp/jeminith-ikebukuro-tokyo.html?checkin=2026-11-13&checkout=2026-11-14&group_adults=2&no_rooms=1&selected_currency=JPY
2026-11-13,Fri,2026-11-14,Stay in TOKYO Ikebukuro Convenient for Shopping & Long Stays!,One-Bedroom Apartment,private,16364,3423,no,7.6,6,yes,no,Booking (hotel/apartment filter),https://www.booking.com/hotel/jp/geminis-ikebukuro-double-room-for-2-8min-walk-from-ikebukuro-station.html?checkin=2026-11-13&checkout=2026-11-14&group_adults=2&no_rooms=1&selected_currency=JPY
2026-11-13,Fri,2026-11-14,Home Story in Tokyo JR山手線大塚駅Otsuka &東京屋語,Late Escape Deal,unverified,16400,3431,no,9.0,6,yes,no,Booking (review>=8 filter),https://www.booking.com/hotel/jp/tokyo-house-asakusa.html?checkin=2026-11-13&checkout=2026-11-14&group_adults=2&no_rooms=1&selected_currency=JPY
2026-11-13,Fri,2026-11-14,The underz suite residence Ikebukuro by Tranova,One-Bedroom Apartment,private,16482,3448,no,7.9,22,yes,no,Booking (hotel/apartment filter),https://www.booking.com/hotel/jp/the-underz-suite-residence-ikebukuro.html?checkin=2026-11-13&checkout=2026-11-14&group_adults=2&no_rooms=1&selected_currency=JPY
2026-11-13,Fri,2026-11-14,nestay miriz tokyo ikebukuro,Late Escape Deal,unverified,16568,3466,no,8.4,179,no,no,Booking (review>=8 filter),https://www.booking.com/hotel/jp/nestay-miriz-tokyo-ikebukuro.html?checkin=2026-11-13&checkout=2026-11-14&group_adults=2&no_rooms=1&selected_currency=JPY
2026-11-13,Fri,2026-11-14,Asta Hotel,Double Room,private,16652,3484,no,7.9,754,yes,no,Booking (hotel/apartment filter),https://www.booking.com/hotel/jp/asutahoteru.html?checkin=2026-11-13&checkout=2026-11-14&group_adults=2&no_rooms=1&selected_currency=JPY
2026-11-13,Fri,2026-11-14,Ikebukuro Cozy ハウス5,One-Bedroom Apartment,private,16666,3487,no,6.7,13,no,no,Booking (hotel/apartment filter),https://www.booking.com/hotel/jp/ikebukuro-cozy-hausu5.html?checkin=2026-11-13&checkout=2026-11-14&group_adults=2&no_rooms=1&selected_currency=JPY
2026-11-13,Fri,2026-11-14,ARM ikebukuro,One-Bedroom Apartment,private,16913,3538,no,8.2,45,yes,no,Booking (hotel/apartment filter),https://www.booking.com/hotel/jp/arm-ikebukuro.html?checkin=2026-11-13&checkout=2026-11-14&group_adults=2&no_rooms=1&selected_currency=JPY
2026-11-13,Fri,2026-11-14,Laurea Tower Ikebukuro,One-Bedroom Apartment,private,16913,3538,no,7.5,266,yes,no,Booking (hotel/apartment filter),https://www.booking.com/hotel/jp/laurea-tower-ikebukuro.html?checkin=2026-11-13&checkout=2026-11-14&group_adults=2&no_rooms=1&selected_currency=JPY
2026-11-13,Fri,2026-11-14,NEST BASE Ikebukuro 302,Apartment,private,17045,3566,no,7.6,5,yes,no,Booking (hotel/apartment filter),https://www.booking.com/hotel/jp/kopogang-qi-302.html?checkin=2026-11-13&checkout=2026-11-14&group_adults=2&no_rooms=1&selected_currency=JPY
2026-11-13,Fri,2026-11-14,"Ikebukuro 8 min walk, Kanamecho 6 min walk, 25sqm room, 3 guests, Direct access to Shinjuku, Shibuya, Tokyo, Ueno, 3 single beds",One-Bedroom Apartment,private,17212,3601,no,7.4,5,yes,no,Booking (hotel/apartment filter),https://www.booking.com/hotel/jp/304-8-min-walk-to-ikebukuro-6-min-walk-to-kanamecho-station25m-max-2-people-dire.html?checkin=2026-11-13&checkout=2026-11-14&group_adults=2&no_rooms=1&selected_currency=JPY
2026-11-13,Fri,2026-11-14,今和Hotel,One-Bedroom Apartment,unverified,17273,3614,no,8.7,95,no,no,Booking (review>=8 filter),https://www.booking.com/hotel/jp/jin-he-dong-jing-du.html?checkin=2026-11-13&checkout=2026-11-14&group_adults=2&no_rooms=1&selected_currency=JPY
2026-11-13,Fri,2026-11-14,ザ・ジェミニス池袋101,One-Bedroom Apartment,private,17404,3641,no,5.5,2,yes,no,Booking (hotel/apartment filter),https://www.booking.com/hotel/jp/zazieminisuchi-dai-101.html?checkin=2026-11-13&checkout=2026-11-14&group_adults=2&no_rooms=1&selected_currency=JPY
2026-11-13,Fri,2026-11-14,Verde Ikebukuro,One-Bedroom Apartment,private,17539,3669,no,7.8,60,yes,no,Booking (hotel/apartment filter),https://www.booking.com/hotel/jp/verde-ikebukuro.html?checkin=2026-11-13&checkout=2026-11-14&group_adults=2&no_rooms=1&selected_currency=JPY
2026-11-13,Fri,2026-11-14,ASTA HOTEL - Vacation STAY 87220v,,private,17584,3679,no,,0,yes,no,Booking (hotel/apartment filter),https://www.booking.com/hotel/jp/asta-vacation-stay-87220v.html?checkin=2026-11-13&checkout=2026-11-14&group_adults=2&no_rooms=1&selected_currency=JPY
2026-11-13,Fri,2026-11-14,ASTA HOTEL - Vacation STAY 87206v,,private,17584,3679,no,,0,yes,no,Booking (hotel/apartment filter),https://www.booking.com/hotel/jp/asta-vacation-stay-87206v.html?checkin=2026-11-13&checkout=2026-11-14&group_adults=2&no_rooms=1&selected_currency=JPY
2026-11-13,Fri,2026-11-14,"Luce Ikebukuro - Cozy APT Stay in Ikebukuro Tokyo, with Direct Access to Shinjuku & Shibuya",Late Escape Deal,unverified,17589,3680,no,8.1,68,no,no,Booking (review>=8 filter),https://www.booking.com/hotel/jp/lucechi-dai.html?checkin=2026-11-13&checkout=2026-11-14&group_adults=2&no_rooms=1&selected_currency=JPY
2026-11-13,Fri,2026-11-14,NEST BASE Ikebukuro 301,,private,17599,3682,no,7.0,0,yes,no,Booking (hotel/apartment filter),https://www.booking.com/hotel/jp/kopogang-qi-301.html?checkin=2026-11-13&checkout=2026-11-14&group_adults=2&no_rooms=1&selected_currency=JPY
2026-11-13,Fri,2026-11-14,Ikebukuro center#池袋中心#高级阳光公寓车站步行5分#高速wifi1208,One-Bedroom Apartment,private,17618,3686,no,8.5,7,no,no,Booking (hotel/apartment filter),https://www.booking.com/hotel/jp/ikebukuro-center-chi-dai-zhong-xin-gao-ji-yang-guang-gong-yu-che-zh-toshima-city.html?checkin=2026-11-13&checkout=2026-11-14&group_adults=2&no_rooms=1&selected_currency=JPY
2026-11-13,Fri,2026-11-14,Ikebukuro center#池袋中心#高级阳光公寓车站步行5分#高速wifi1208,One-Bedroom Apartment,unverified,17618,3686,no,8.5,7,no,no,Booking (review>=8 filter),https://www.booking.com/hotel/jp/ikebukuro-center-chi-dai-zhong-xin-gao-ji-yang-guang-gong-yu-che-zh-toshima-city.html?checkin=2026-11-13&checkout=2026-11-14&group_adults=2&no_rooms=1&selected_currency=JPY
2026-11-13,Fri,2026-11-14,KOKO HOTEL Ikebukuro East,Standard Double Room - Non-Smoking,private,17673,3697,no,8.4,1366,yes,no,Booking (hotel/apartment filter),https://www.booking.com/hotel/jp/wing-international-ikebukuro.html?checkin=2026-11-13&checkout=2026-11-14&group_adults=2&no_rooms=1&selected_currency=JPY
2026-11-13,Fri,2026-11-14,KOKO HOTEL Ikebukuro,Small Double Room - Non-Smoking,private,18164,3800,no,8.6,1616,yes,no,Booking (hotel/apartment filter),https://www.booking.com/hotel/jp/wing-international-select-ikebukuro.html?checkin=2026-11-13&checkout=2026-11-14&group_adults=2&no_rooms=1&selected_currency=JPY
2026-11-13,Fri,2026-11-14,Otsuka Town Hotel,Double Room - Non-Smoking,private,18182,3804,no,6.9,23,yes,no,Booking (hotel/apartment filter),https://www.booking.com/hotel/jp/6102447.html?checkin=2026-11-13&checkout=2026-11-14&group_adults=2&no_rooms=1&selected_currency=JPY
2026-11-13,Fri,2026-11-14,Super Hotel Ikebukuro-Eki Kitaguchi,Double Room with Small Double Bed,private,18242,3816,no,8.2,841,no,no,Booking (hotel/apartment filter),https://www.booking.com/hotel/jp/super-hotel-inn-ikebukuroeki-kitaguchi.html?checkin=2026-11-13&checkout=2026-11-14&group_adults=2&no_rooms=1&selected_currency=JPY
2026-11-13,Fri,2026-11-14,HOTEL VARKIN Ikebukuro Nishiguchi,Economy Double Room,private,18556,3882,no,8.3,780,no,no,Booking (hotel/apartment filter),https://www.booking.com/hotel/jp/varkin-chi-dai-xi-kou.html?checkin=2026-11-13&checkout=2026-11-14&group_adults=2&no_rooms=1&selected_currency=JPY
2026-11-13,Fri,2026-11-14,"10min walk Ikebukuro Sta JR , 10min Shinjuku Sta, Wi-Fi, PocketWiFi",One-Bedroom Apartment,private,18612,3894,no,8.0,73,yes,no,Booking (hotel/apartment filter),https://www.booking.com/hotel/jp/ikebukuro-li-dao-qu.html?checkin=2026-11-13&checkout=2026-11-14&group_adults=2&no_rooms=1&selected_currency=JPY
2026-11-13,Fri,2026-11-14,Petit Bali Ikebukuro,Economy Double Room - Smoking,private,18655,3903,no,8.4,281,yes,no,Booking (hotel/apartment filter),https://www.booking.com/hotel/jp/hoteruputeibarichi-dai-dian-dong-jing.html?checkin=2026-11-13&checkout=2026-11-14&group_adults=2&no_rooms=1&selected_currency=JPY
2026-11-13,Fri,2026-11-14,Ikebukuro中川6H-TS0037,Two-Bedroom Apartment,private,18655,3903,no,8.8,31,yes,no,Booking (hotel/apartment filter),https://www.booking.com/hotel/jp/ikebukurozhong-chuan-6h.html?checkin=2026-11-13&checkout=2026-11-14&group_adults=2&no_rooms=1&selected_currency=JPY
2026-11-13,Fri,2026-11-14,Ikebukuro中川6H-TS0037,Two-Bedroom Apartment,unverified,18655,3903,no,8.8,31,yes,no,Booking (review>=8 filter),https://www.booking.com/hotel/jp/ikebukurozhong-chuan-6h.html?checkin=2026-11-13&checkout=2026-11-14&group_adults=2&no_rooms=1&selected_currency=JPY
2026-11-13,Fri,2026-11-14,NEST BASE Ikebukuro 202,,private,18745,3921,no,,0,yes,no,Booking (hotel/apartment filter),https://www.booking.com/hotel/jp/nest-base-ikebukuro-202.html?checkin=2026-11-13&checkout=2026-11-14&group_adults=2&no_rooms=1&selected_currency=JPY
2026-11-13,Fri,2026-11-14,NEST BASE Ikebukuro 201,,private,18745,3921,no,,0,yes,no,Booking (hotel/apartment filter),https://www.booking.com/hotel/jp/nest-base-ikebukuro-201.html?checkin=2026-11-13&checkout=2026-11-14&group_adults=2&no_rooms=1&selected_currency=JPY
2026-11-13,Fri,2026-11-14,ARM ikebukuro,One-Bedroom Apartment,unverified,18792,3931,no,8.2,45,yes,no,Booking (review>=8 filter),https://www.booking.com/hotel/jp/arm-ikebukuro.html?checkin=2026-11-13&checkout=2026-11-14&group_adults=2&no_rooms=1&selected_currency=JPY
2026-11-13,Fri,2026-11-14,Swan Park Ikebukuro,One-Bedroom Apartment,private,18954,3965,no,8.2,33,no,no,Booking (hotel/apartment filter),https://www.booking.com/hotel/jp/suwanpakuchi-dai.html?checkin=2026-11-13&checkout=2026-11-14&group_adults=2&no_rooms=1&selected_currency=JPY
2026-11-13,Fri,2026-11-14,Garden Otsuka,One-Bedroom Apartment,private,19027,3980,no,7.9,69,yes,no,Booking (hotel/apartment filter),https://www.booking.com/hotel/jp/garden-otsuka.html?checkin=2026-11-13&checkout=2026-11-14&group_adults=2&no_rooms=1&selected_currency=JPY
2026-11-13,Fri,2026-11-14,SUPER HOTEL Ikebukuro West Natural Hot Spring,Room Selected at Check-In,private,19172,4011,no,8.7,1349,no,yes,Booking (hotel/apartment filter),https://www.booking.com/hotel/jp/super-hotel-jr-ikebukuro-nishiguchi.html?checkin=2026-11-13&checkout=2026-11-14&group_adults=2&no_rooms=1&selected_currency=JPY
2026-11-13,Fri,2026-11-14,japan house Ikebukuro 2,Studio,private,19528,4085,no,8.5,249,no,no,Booking (hotel/apartment filter),https://www.booking.com/hotel/jp/japan-house-ikebukuro-2-toshima-city.html?checkin=2026-11-13&checkout=2026-11-14&group_adults=2&no_rooms=1&selected_currency=JPY
2026-11-13,Fri,2026-11-14,KOKO HOTEL Ikebukuro East,Standard Double Room - Non-Smoking,unverified,19636,4108,no,8.4,1366,yes,no,Booking (review>=8 filter),https://www.booking.com/hotel/jp/wing-international-ikebukuro.html?checkin=2026-11-13&checkout=2026-11-14&group_adults=2&no_rooms=1&selected_currency=JPY
2026-11-13,Fri,2026-11-14,APA Hotel Yamanote Otsuka Ekimae Tower,Standard Double Room - Non-Smoking,private,19711,4124,no,8.5,8714,yes,no,Booking (hotel/apartment filter),https://www.booking.com/hotel/jp/apa-yamanote-otsuka-eki-tower.html?checkin=2026-11-13&checkout=2026-11-14&group_adults=2&no_rooms=1&selected_currency=JPY
2026-11-13,Fri,2026-11-14,APA Hotel Yamanote Otsuka Ekimae Tower,Standard Double Room - Non-Smoking,unverified,19711,4124,no,8.5,8714,yes,no,Booking (review>=8 filter),https://www.booking.com/hotel/jp/apa-yamanote-otsuka-eki-tower.html?checkin=2026-11-13&checkout=2026-11-14&group_adults=2&no_rooms=1&selected_currency=JPY
2026-11-13,Fri,2026-11-14,Shiratori306 B036,New to Booking.com,unverified,19937,4171,no,8.3,3,yes,no,Booking (review>=8 filter),https://www.booking.com/hotel/jp/b036po-wei-sanbai-niao-306a.html?checkin=2026-11-13&checkout=2026-11-14&group_adults=2&no_rooms=1&selected_currency=JPY
2026-11-13,Fri,2026-11-14,KOKO HOTEL Ikebukuro,Small Double Room - Non-Smoking,unverified,20182,4222,no,8.6,1616,yes,no,Booking (review>=8 filter),https://www.booking.com/hotel/jp/wing-international-select-ikebukuro.html?checkin=2026-11-13&checkout=2026-11-14&group_adults=2&no_rooms=1&selected_currency=JPY
2026-11-13,Fri,2026-11-14,Super Hotel Ikebukuro-Eki Kitaguchi,Double Room with Small Double Bed,unverified,20269,4240,no,8.2,841,no,no,Booking (review>=8 filter),https://www.booking.com/hotel/jp/super-hotel-inn-ikebukuroeki-kitaguchi.html?checkin=2026-11-13&checkout=2026-11-14&group_adults=2&no_rooms=1&selected_currency=JPY
2026-11-13,Fri,2026-11-14,Hotel Resol Ikebukuro,Double Room for 2 adults - Smoking,private,20291,4245,no,7.9,989,yes,no,Booking (hotel/apartment filter),https://www.booking.com/hotel/jp/resol-ikebukuro.html?checkin=2026-11-13&checkout=2026-11-14&group_adults=2&no_rooms=1&selected_currency=JPY
2026-11-13,Fri,2026-11-14,Laluna Higashiikebukuro,One-Bedroom Apartment,unverified,20295,4246,no,8.1,85,yes,no,Booking (review>=8 filter),https://www.booking.com/hotel/jp/laluna-higashiikebukuro-dong-jing-du.html?checkin=2026-11-13&checkout=2026-11-14&group_adults=2&no_rooms=1&selected_currency=JPY
2026-11-13,Fri,2026-11-14,HOTEL VARKIN Ikebukuro Nishiguchi,Economy Double Room,unverified,20618,4313,no,8.3,780,no,no,Booking (review>=8 filter),https://www.booking.com/hotel/jp/varkin-chi-dai-xi-kou.html?checkin=2026-11-13&checkout=2026-11-14&group_adults=2&no_rooms=1&selected_currency=JPY
2026-11-13,Fri,2026-11-14,"10min walk Ikebukuro Sta JR , 10min Shinjuku Sta, Wi-Fi, PocketWiFi",One-Bedroom Apartment,unverified,20680,4326,no,8.0,73,yes,no,Booking (review>=8 filter),https://www.booking.com/hotel/jp/ikebukuro-li-dao-qu.html?checkin=2026-11-13&checkout=2026-11-14&group_adults=2&no_rooms=1&selected_currency=JPY
2026-11-13,Fri,2026-11-14,Petit Bali Ikebukuro,Economy Double Room - Smoking,unverified,20727,4336,no,8.4,281,yes,no,Booking (review>=8 filter),https://www.booking.com/hotel/jp/hoteruputeibarichi-dai-dian-dong-jing.html?checkin=2026-11-13&checkout=2026-11-14&group_adults=2&no_rooms=1&selected_currency=JPY
2026-11-13,Fri,2026-11-14,HOTEL VARKIN ANNEX,Standard Double Room,private,20791,4349,no,8.6,741,no,no,Booking (hotel/apartment filter),https://www.booking.com/hotel/jp/varkin-annex.html?checkin=2026-11-13&checkout=2026-11-14&group_adults=2&no_rooms=1&selected_currency=JPY
2026-11-13,Fri,2026-11-14,Swan Park Ikebukuro,One-Bedroom Apartment,unverified,21060,4406,no,8.2,33,no,no,Booking (review>=8 filter),https://www.booking.com/hotel/jp/suwanpakuchi-dai.html?checkin=2026-11-13&checkout=2026-11-14&group_adults=2&no_rooms=1&selected_currency=JPY
2026-11-13,Fri,2026-11-14,Centurion Hotel Ikebukuro Station,Standard Semi-Double Room - Non Smoking,private,21128,4420,no,8.1,1745,yes,no,Booking (hotel/apartment filter),https://www.booking.com/hotel/jp/centurion-ikebukuro.html?checkin=2026-11-13&checkout=2026-11-14&group_adults=2&no_rooms=1&selected_currency=JPY
2026-11-13,Fri,2026-11-14,Centurion Hotel Ikebukuro Station,Standard Semi-Double Room - Non Smoking,unverified,21128,4420,no,8.1,1745,yes,no,Booking (review>=8 filter),https://www.booking.com/hotel/jp/centurion-ikebukuro.html?checkin=2026-11-13&checkout=2026-11-14&group_adults=2&no_rooms=1&selected_currency=JPY
2026-11-13,Fri,2026-11-14,SUPER HOTEL Ikebukuro West Natural Hot Spring,Room Selected at Check-In,unverified,21302,4456,no,8.7,1349,no,yes,Booking (review>=8 filter),https://www.booking.com/hotel/jp/super-hotel-jr-ikebukuro-nishiguchi.html?checkin=2026-11-13&checkout=2026-11-14&group_adults=2&no_rooms=1&selected_currency=JPY
2026-11-13,Fri,2026-11-14,Super Hotel Tokyo Otsuka,Double Room,private,21344,4465,no,8.8,750,no,yes,Booking (hotel/apartment filter),https://www.booking.com/hotel/jp/super-tokyo-otsuka.html?checkin=2026-11-13&checkout=2026-11-14&group_adults=2&no_rooms=1&selected_currency=JPY
2026-11-13,Fri,2026-11-14,APA Hotel Ikebukuro Eki Kitaguchi,Double Room - Non-Smoking,private,21600,4519,no,7.9,1496,yes,no,Booking (hotel/apartment filter),https://www.booking.com/hotel/jp/apa-ikebukuro-kitaguchi.html?checkin=2026-11-13&checkout=2026-11-14&group_adults=2&no_rooms=1&selected_currency=JPY
2026-11-13,Fri,2026-11-14,池袋大型交通便利 2f,,private,21636,4526,no,4.0,0,yes,no,Booking (hotel/apartment filter),https://www.booking.com/hotel/jp/chi-dai-da-xing-jiao-tong-bian-li-2f.html?checkin=2026-11-13&checkout=2026-11-14&group_adults=2&no_rooms=1&selected_currency=JPY
2026-11-13,Fri,2026-11-14,japan house Ikebukuro 2,Studio,unverified,21698,4539,no,8.5,249,no,no,Booking (review>=8 filter),https://www.booking.com/hotel/jp/japan-house-ikebukuro-2-toshima-city.html?checkin=2026-11-13&checkout=2026-11-14&group_adults=2&no_rooms=1&selected_currency=JPY
2026-11-13,Fri,2026-11-14,Ikebukuro Royal Hotel,New to Booking.com,private,21818,4564,no,7.7,3,yes,no,Booking (hotel/apartment filter),https://www.booking.com/hotel/jp/ikebukuroroyalhotel.html?checkin=2026-11-13&checkout=2026-11-14&group_adults=2&no_rooms=1&selected_currency=JPY
2026-11-13,Fri,2026-11-14,HOTEL APERTO (Adult Only),Check-in after 9pm - Standard Double Room,private,21845,4570,no,8.7,1297,yes,no,Booking (hotel/apartment filter),https://www.booking.com/hotel/jp/aperto.html?checkin=2026-11-13&checkout=2026-11-14&group_adults=2&no_rooms=1&selected_currency=JPY
2026-11-13,Fri,2026-11-14,Super Hotel Premier Ikebukuro Natural Hot Spring,Room Selected at Check-In,private,21944,4591,no,8.8,1985,no,no,Booking (hotel/apartment filter),https://www.booking.com/hotel/jp/supahoterupremierchi-dai-tian-ran-wen-quan.html?checkin=2026-11-13&checkout=2026-11-14&group_adults=2&no_rooms=1&selected_currency=JPY
2026-11-13,Fri,2026-11-14,AM's 502 Movie 5 min to Ikebukuro 13 min to Shinjuku Station 19 min to Shibuya Station with coworking space,One-Bedroom Apartment,private,22091,4621,no,8.5,4,no,no,Booking (hotel/apartment filter),https://www.booking.com/hotel/jp/ams-502-movie-5-min-to-ikebukuro-13-min-to-shinjuku-station-19-min-to-shibuya-st.html?checkin=2026-11-13&checkout=2026-11-14&group_adults=2&no_rooms=1&selected_currency=JPY
2026-11-13,Fri,2026-11-14,"YFhouse池袋ikebukuro-Direct to Ginza, Tokyo Dome, and the Harry Potter Studio Tour Tokyo",One-Bedroom Apartment with Balcony,unverified,22500,4707,no,9.1,8,yes,no,Booking (review>=8 filter),https://www.booking.com/hotel/jp/yfhousechi-dai-ikebukuro.html?checkin=2026-11-13&checkout=2026-11-14&group_adults=2&no_rooms=1&selected_currency=JPY
2026-11-13,Fri,2026-11-14,Ostay Ikebukuro Dairaku Hotel Apartment,One-Bedroom Apartment,unverified,22670,4743,no,8.9,29,no,no,Booking (review>=8 filter),https://www.booking.com/hotel/jp/ostay-ikebukuro-dairaku-apartment-toshima-city1.html?checkin=2026-11-13&checkout=2026-11-14&group_adults=2&no_rooms=1&selected_currency=JPY
2026-11-13,Fri,2026-11-14,HOTEL VARKIN ANNEX,Standard Double Room,unverified,23101,4833,no,8.6,741,no,no,Booking (review>=8 filter),https://www.booking.com/hotel/jp/varkin-annex.html?checkin=2026-11-13&checkout=2026-11-14&group_adults=2&no_rooms=1&selected_currency=JPY
2026-11-13,Fri,2026-11-14,Hotel VARKIN,Queen Room,private,23328,4880,no,7.7,773,yes,no,Booking (hotel/apartment filter),https://www.booking.com/hotel/jp/varkin-hotel.html?checkin=2026-11-13&checkout=2026-11-14&group_adults=2&no_rooms=1&selected_currency=JPY
2026-11-13,Fri,2026-11-14,Maison Highway Ikebukuro,One-Bedroom Apartment,unverified,23490,4914,no,9.0,5,yes,no,Booking (review>=8 filter),https://www.booking.com/hotel/jp/maison-highway-ikebukuro.html?checkin=2026-11-13&checkout=2026-11-14&group_adults=2&no_rooms=1&selected_currency=JPY
2026-11-13,Fri,2026-11-14,Super Hotel Tokyo Otsuka,Double Room,unverified,23715,4961,no,8.8,750,no,yes,Booking (review>=8 filter),https://www.booking.com/hotel/jp/super-tokyo-otsuka.html?checkin=2026-11-13&checkout=2026-11-14&group_adults=2&no_rooms=1&selected_currency=JPY
2026-11-13,Fri,2026-11-14,フクロウ庵101,Apartment,unverified,23738,4966,no,9.0,5,yes,no,Booking (review>=8 filter),https://www.booking.com/hotel/jp/kopogang-qi-101.html?checkin=2026-11-13&checkout=2026-11-14&group_adults=2&no_rooms=1&selected_currency=JPY
2026-11-13,Fri,2026-11-14,HOTEL APERTO (Adult Only),Check-in after 9pm - Standard Double Room,unverified,24273,5078,no,8.7,1297,yes,no,Booking (review>=8 filter),https://www.booking.com/hotel/jp/aperto.html?checkin=2026-11-13&checkout=2026-11-14&group_adults=2&no_rooms=1&selected_currency=JPY
2026-11-13,Fri,2026-11-14,Super Hotel Premier Ikebukuro Natural Hot Spring,Room Selected at Check-In,unverified,24382,5101,no,8.8,1985,no,no,Booking (review>=8 filter),https://www.booking.com/hotel/jp/supahoterupremierchi-dai-tian-ran-wen-quan.html?checkin=2026-11-13&checkout=2026-11-14&group_adults=2&no_rooms=1&selected_currency=JPY
2026-11-13,Fri,2026-11-14,Exquisite business hotel Bella,Double Room with Private Bathroom,unverified,24431,5111,no,8.4,220,yes,no,Booking (review>=8 filter),https://www.booking.com/hotel/jp/bella-toshima-city1.html?checkin=2026-11-13&checkout=2026-11-14&group_adults=2&no_rooms=1&selected_currency=JPY
2026-11-13,Fri,2026-11-14,AM's 502 Movie 5 min to Ikebukuro 13 min to Shinjuku Station 19 min to Shibuya Station with coworking space,One-Bedroom Apartment,unverified,24545,5135,no,8.5,4,no,no,Booking (review>=8 filter),https://www.booking.com/hotel/jp/ams-502-movie-5-min-to-ikebukuro-13-min-to-shinjuku-station-19-min-to-shibuya-st.html?checkin=2026-11-13&checkout=2026-11-14&group_adults=2&no_rooms=1&selected_currency=JPY
2026-11-13,Fri,2026-11-14,"8Minutes Walk to IkebukuroStation, CentralTokyo and VeryConvenient Max5People",One-Bedroom Apartment,unverified,25036,5238,no,8.0,2,yes,no,Booking (review>=8 filter),https://www.booking.com/hotel/jp/ikebukuro-forest-room.html?checkin=2026-11-13&checkout=2026-11-14&group_adults=2&no_rooms=1&selected_currency=JPY
2026-11-13,Fri,2026-11-14,池袋大型交通生活便利,Apartment,unverified,25216,5275,no,10.0,2,no,no,Booking (review>=8 filter),https://www.booking.com/hotel/jp/chi-dai-da-xing-jiao-tong-sheng-huo-bian-li.html?checkin=2026-11-13&checkout=2026-11-14&group_adults=2&no_rooms=1&selected_currency=JPY
2026-11-13,Fri,2026-11-14,Hotel Grand City,Twin Room - Non-Smoking,private,25455,5325,no,7.9,2100,yes,no,Booking (hotel/apartment filter),https://www.booking.com/hotel/jp/grand-city-tokyo.html?checkin=2026-11-13&checkout=2026-11-14&group_adults=2&no_rooms=1&selected_currency=JPY
2026-11-13,Fri,2026-11-14,桜の川70-36池袋駅8分钟 1DK套房 max5人房 宽敞安静 ikeburuko,Late Escape Deal,unverified,25455,5325,no,9.0,33,no,no,Booking (review>=8 filter),https://www.booking.com/hotel/jp/chi-dai-yi-8fen-zhong-1dktao-fang-4ren-fang-kuan-chang-an-jing-ikeburuko.html?checkin=2026-11-13&checkout=2026-11-14&group_adults=2&no_rooms=1&selected_currency=JPY
2026-11-13,Fri,2026-11-14,Wellsquareism Ikebukuro East,One-Bedroom Apartment,unverified,25891,5416,no,8.7,41,yes,no,Booking (review>=8 filter),https://www.booking.com/hotel/jp/well-square-ikebukuro-east.html?checkin=2026-11-13&checkout=2026-11-14&group_adults=2&no_rooms=1&selected_currency=JPY
2026-11-13,Fri,2026-11-14,Ikebukuro Grand Hotel,Superior Double Room,private,26091,5458,no,5.3,9,yes,no,Booking (hotel/apartment filter),https://www.booking.com/hotel/jp/ikebukuro-grand-hotel.html?checkin=2026-11-13&checkout=2026-11-14&group_adults=2&no_rooms=1&selected_currency=JPY
2026-11-13,Fri,2026-11-14,Keio Presso Inn Ikebukuro,Double Room with Small Double Bed - Smoking,unverified,26157,5472,no,8.5,1433,yes,no,Booking (review>=8 filter),https://www.booking.com/hotel/jp/keio-presson-inn-ikebukuro.html?checkin=2026-11-13&checkout=2026-11-14&group_adults=2&no_rooms=1&selected_currency=JPY
2026-11-13,Fri,2026-11-14,COCOYO Hotel Otsuka,Economy Twin Room,private,26182,5477,no,8.6,440,yes,no,Booking (hotel/apartment filter),https://www.booking.com/hotel/jp/cocoyo.html?checkin=2026-11-13&checkout=2026-11-14&group_adults=2&no_rooms=1&selected_currency=JPY
2026-11-13,Fri,2026-11-14,Ikebukuro 2Room D3,Two-Bedroom Apartment,unverified,26190,5479,no,8.7,7,no,no,Booking (review>=8 filter),https://www.booking.com/hotel/jp/ikebukuro-2room-d3.html?checkin=2026-11-13&checkout=2026-11-14&group_adults=2&no_rooms=1&selected_currency=JPY
2026-11-13,Fri,2026-11-14,Ciel東池袋,New to Booking.com,private,27617,5777,no,8.5,16,no,no,Booking (hotel/apartment filter),https://www.booking.com/hotel/jp/cieldong-chi-dai.html?checkin=2026-11-13&checkout=2026-11-14&group_adults=2&no_rooms=1&selected_currency=JPY
2026-11-13,Fri,2026-11-14,Ciel東池袋,New to Booking.com,unverified,27617,5777,no,8.5,16,no,no,Booking (review>=8 filter),https://www.booking.com/hotel/jp/cieldong-chi-dai.html?checkin=2026-11-13&checkout=2026-11-14&group_adults=2&no_rooms=1&selected_currency=JPY
2026-11-13,Fri,2026-11-14,DEL style Ikebukuro Higashiguchi by Daiwa Roynet Hotel,Standard Double Room (2 Adults) - Smoking,private,27636,5781,no,8.8,367,yes,no,Booking (hotel/apartment filter),https://www.booking.com/hotel/jp/daiwaroinetutohoteruchi-dai-dong-kou.html?checkin=2026-11-13&checkout=2026-11-14&group_adults=2&no_rooms=1&selected_currency=JPY
2026-11-13,Fri,2026-11-14,DEL style Ikebukuro Higashiguchi by Daiwa Roynet Hotel,Standard Double Room (2 Adults) - Smoking,unverified,27636,5781,no,8.8,367,yes,no,Booking (review>=8 filter),https://www.booking.com/hotel/jp/daiwaroinetutohoteruchi-dai-dong-kou.html?checkin=2026-11-13&checkout=2026-11-14&group_adults=2&no_rooms=1&selected_currency=JPY
2026-11-13,Fri,2026-11-14,Jr山手线大塚站步行1分钟地处商店街的无敌便利,Two-Bedroom Apartment,unverified,27655,5785,no,8.2,18,no,no,Booking (review>=8 filter),https://www.booking.com/hotel/jp/jrshan-shou-xian-da-zhong-zhan-bu-xing-1fen-zhong-di-chu-shang-dian-jie-de-wu-di.html?checkin=2026-11-13&checkout=2026-11-14&group_adults=2&no_rooms=1&selected_currency=JPY
2026-11-13,Fri,2026-11-14,别墅A棟 池袋商圈 大塚站7分钟 3个房间 交通便利 最大8人 Ikebukuro center 7 mins to ST Max 8P 直达新宿 涉谷 表参道 池袋 上野 代代木 银座 原宿,Three-Bedroom Villa,unverified,27818,5820,no,9.5,4,yes,no,Booking (review>=8 filter),https://www.booking.com/hotel/jp/bie-shu-chi-dai-shang-quan-da-zhong-zhan-7fen-zhong-3ge-fang-jian-jiao-tong-bian.html?checkin=2026-11-13&checkout=2026-11-14&group_adults=2&no_rooms=1&selected_currency=JPY
2026-11-13,Fri,2026-11-14,OMO5 Tokyo Otsuka by Hoshino Resorts,YAGURA Room,unverified,28473,5957,no,8.8,1371,no,no,Booking (review>=8 filter),https://www.booking.com/hotel/jp/xing-ye-rizoto-omo5-da-zhong.html?checkin=2026-11-13&checkout=2026-11-14&group_adults=2&no_rooms=1&selected_currency=JPY
2026-11-13,Fri,2026-11-14,COCOYO Hotel Otsuka,Economy Twin Room,unverified,29091,6086,no,8.6,440,yes,no,Booking (review>=8 filter),https://www.booking.com/hotel/jp/cocoyo.html?checkin=2026-11-13&checkout=2026-11-14&group_adults=2&no_rooms=1&selected_currency=JPY
2026-11-13,Fri,2026-11-14,Cross Bridge Ikebukuro,Two-Bedroom Apartment,unverified,29491,6170,no,8.4,22,no,no,Booking (review>=8 filter),https://www.booking.com/hotel/jp/cross-bridge-ikebukuro.html?checkin=2026-11-13&checkout=2026-11-14&group_adults=2&no_rooms=1&selected_currency=JPY
2026-11-13,Fri,2026-11-14,Tokyu Stay Ikebukuro,Moderate double Room - Non Smoking,unverified,29553,6182,no,8.7,1137,no,no,Booking (review>=8 filter),https://www.booking.com/hotel/jp/tokyu-stay-ikebukuro.html?checkin=2026-11-13&checkout=2026-11-14&group_adults=2&no_rooms=1&selected_currency=JPY
2026-11-13,Fri,2026-11-14,Sakura Bella Ikebukuro,Double Room,unverified,29860,6247,no,8.1,606,yes,no,Booking (review>=8 filter),https://www.booking.com/hotel/jp/bella.html?checkin=2026-11-13&checkout=2026-11-14&group_adults=2&no_rooms=1&selected_currency=JPY
2026-11-13,Fri,2026-11-14,BaliAn Resort Forest Ikebukuro,Comfort Double Room - Smoking,unverified,30109,6299,no,9.0,90,yes,no,Booking (review>=8 filter),https://www.booking.com/hotel/jp/hoterubarianrizotohuoresutochi-dai-xi-kou-dian.html?checkin=2026-11-13&checkout=2026-11-14&group_adults=2&no_rooms=1&selected_currency=JPY
2026-11-13,Fri,2026-11-14,池袋4丁目貸切一軒家最大七名,Three-Bedroom Apartment,unverified,30227,6323,no,9.1,6,yes,no,Booking (review>=8 filter),https://www.booking.com/hotel/jp/ikebukuro-walking-distance-family-villa-max-7-people-whole-rental-wi-fi.html?checkin=2026-11-13&checkout=2026-11-14&group_adults=2&no_rooms=1&selected_currency=JPY
2026-11-13,Fri,2026-11-14,Rakuyitsu Group Ikebukuro Mizukien 3F 111Tc,Villa,unverified,30500,6381,no,8.8,15,yes,no,Booking (review>=8 filter),https://www.booking.com/hotel/jp/rui-yue-yuan-3-zui-ji-yi-nochi-dai-yi-tu-bu-8fen-xin-su-made1yi-5fen-53m-mujizhi.html?checkin=2026-11-13&checkout=2026-11-14&group_adults=2&no_rooms=1&selected_currency=JPY
2026-11-13,Fri,2026-11-14,"2 Minutes Walk to Ikebukuro Station, Central Tokyo and Very Convenient",One-Bedroom Apartment,unverified,31091,6504,no,9.6,16,no,no,Booking (review>=8 filter),https://www.booking.com/hotel/jp/2-min-walk-to-ikebukuro-station.html?checkin=2026-11-13&checkout=2026-11-14&group_adults=2&no_rooms=1&selected_currency=JPY
2026-11-13,Fri,2026-11-14,新宿 涉谷 原宿可多线直达 有Wifi 山手线大站池袋车站一戸建,,unverified,31091,6504,no,10.0,0,no,no,Booking (review>=8 filter),https://www.booking.com/hotel/jp/xin-su-she-gu-yuan-su-ke-duo-xian-zhi-da-you-wifi-shan-shou-xian-da-zhan-chi-dai.html?checkin=2026-11-13&checkout=2026-11-14&group_adults=2&no_rooms=1&selected_currency=JPY
2026-11-13,Fri,2026-11-14,MSTAY池袋one,Three-Bedroom Villa,unverified,31471,6584,no,9.1,7,yes,no,Booking (review>=8 filter),https://www.booking.com/hotel/jp/mstaychi-dai-one.html?checkin=2026-11-13&checkout=2026-11-14&group_adults=2&no_rooms=1&selected_currency=JPY
2026-11-13,Fri,2026-11-14,悠悠之家 池袋商业区 7分钟步行到池袋车站 3层独栋别墅 全新 3房2厅厨卫齐全 免费车库 奈飞影院,Three-Bedroom Villa,unverified,31818,6656,no,9.5,2,no,no,Booking (review>=8 filter),https://www.booking.com/hotel/jp/you-you-zhi-jia-chi-dai-shang-ye-qu-7fen-zhong-bu-xing-dao-chi-dai-che-zhan-3cen.html?checkin=2026-11-13&checkout=2026-11-14&group_adults=2&no_rooms=1&selected_currency=JPY
2026-11-13,Fri,2026-11-14,Cosmy-2 IC53,One-Bedroom Apartment,unverified,32219,6740,no,8.1,8,yes,no,Booking (review>=8 filter),https://www.booking.com/hotel/jp/cosmy-2-ic53.html?checkin=2026-11-13&checkout=2026-11-14&group_adults=2&no_rooms=1&selected_currency=JPY
2026-11-13,Fri,2026-11-14,SLEEPLAB THE STAY 池袋 -Ikebukuro-,One-Bedroom Family Apartment,unverified,32318,6761,no,8.1,12,no,no,Booking (review>=8 filter),https://www.booking.com/hotel/jp/sleeplab-the-stay-chi-dai-ikebukuro.html?checkin=2026-11-13&checkout=2026-11-14&group_adults=2&no_rooms=1&selected_currency=JPY
2026-11-13,Fri,2026-11-14,Sunshine City Prince Hotel Ikebukuro Tokyo,Semi Double Room - Non-Smoking 26-32nd Floor,unverified,32526,6804,no,8.5,3151,yes,no,Booking (review>=8 filter),https://www.booking.com/hotel/jp/sunshine-city-prince.html?checkin=2026-11-13&checkout=2026-11-14&group_adults=2&no_rooms=1&selected_currency=JPY
2026-11-13,Fri,2026-11-14,New open ikebukuro Fangfun3,,unverified,32727,6846,no,8.0,0,no,no,Booking (review>=8 filter),https://www.booking.com/hotel/jp/new-open-ikebukuro-fangfun3.html?checkin=2026-11-13&checkout=2026-11-14&group_adults=2&no_rooms=1&selected_currency=JPY
2026-11-13,Fri,2026-11-14,Oasis IKEBUKURO,Late Escape Deal,unverified,33840,7079,no,8.0,2,no,no,Booking (review>=8 filter),https://www.booking.com/hotel/jp/oasis-ikebukuro.html?checkin=2026-11-13&checkout=2026-11-14&group_adults=2&no_rooms=1&selected_currency=JPY
2026-11-13,Fri,2026-11-14,Dormy Inn Ikebukuro - Natural Hot Spring,Late Escape Deal,unverified,34455,7208,no,8.7,1808,yes,no,Booking (review>=8 filter),https://www.booking.com/hotel/jp/domiinchi-dai.html?checkin=2026-11-13&checkout=2026-11-14&group_adults=2&no_rooms=1&selected_currency=JPY
2026-11-13,Fri,2026-11-14,Y's INN Ikefukuro 109T,Villa,unverified,34856,7292,no,8.3,3,yes,no,Booking (review>=8 filter),https://www.booking.com/hotel/jp/chi-dai-chi-dai-yi-madetu-bu-11fen-xin-su-shibui-gu-qian-cao-yin-zuo-qiu-xie-yua.html?checkin=2026-11-13&checkout=2026-11-14&group_adults=2&no_rooms=1&selected_currency=JPY
2026-11-13,Fri,2026-11-14,Yume No Yado Irodori 127t,Villa,unverified,35648,7458,no,,0,yes,no,Booking (review>=8 filter),https://www.booking.com/hotel/jp/127t-meng-nosu-cai-ri-3ldkyi-xuan-jia-dai-qie-chi-dai-yi-tu-bu-10fen-siyotupingu.html?checkin=2026-11-13&checkout=2026-11-14&group_adults=2&no_rooms=1&selected_currency=JPY
2026-11-13,Fri,2026-11-14,桜の川65 池袋駅C6口 8分 2-10人丨Ikebukuro JR Line C6 Exit 8 minutes 2-10 people,Late Escape Deal,unverified,36655,7668,no,9.5,27,no,no,Booking (review>=8 filter),https://www.booking.com/hotel/jp/ying-nochuan-65-ikebukuro-area.html?checkin=2026-11-13&checkout=2026-11-14&group_adults=2&no_rooms=1&selected_currency=JPY
2026-11-13,Fri,2026-11-14,池袋站步行3分钟 团体6-10人入住,Studio Apartment,unverified,36920,7724,no,9.3,22,no,no,Booking (review>=8 filter),https://www.booking.com/hotel/jp/dong-jing-xing-yun-lu-guan-li-dao-qu-nan-chi-dai-2ding-mu-24fan-3hao.html?checkin=2026-11-13&checkout=2026-11-14&group_adults=2&no_rooms=1&selected_currency=JPY
2026-11-13,Fri,2026-11-14,Ikebukuro 3-Chome Stay,,unverified,38250,8002,no,10.0,0,no,no,Booking (review>=8 filter),https://www.booking.com/hotel/jp/chi-dai-3ding-mu-stay.html?checkin=2026-11-13&checkout=2026-11-14&group_adults=2&no_rooms=1&selected_currency=JPY
2026-11-13,Fri,2026-11-14,"9-min walk to Ikebukuro Station, 1-min walk to Kanamecho Station Max 8 guests 70 sqm Free parking Direct access to Shinjuku, Shibuya, Ueno",Two-Bedroom Apartment,unverified,42751,8944,no,8.8,6,no,no,Booking (review>=8 filter),https://www.booking.com/hotel/jp/9-min-walk-to-ikebukuro-station-1-min-walk-to-kanamecho-station-max-8-guests-70.html?checkin=2026-11-13&checkout=2026-11-14&group_adults=2&no_rooms=1&selected_currency=JPY
2026-11-13,Fri,2026-11-14,Hotel Metropolitan Tokyo Ikebukuro,Superior Queen Room - Non-Smoking,unverified,48431,10132,no,8.8,3049,yes,no,Booking (review>=8 filter),https://www.booking.com/hotel/jp/metropolitan-tokyo.html?checkin=2026-11-13&checkout=2026-11-14&group_adults=2&no_rooms=1&selected_currency=JPY
2026-11-13,Fri,2026-11-14,Hotel Bellclassic Tokyo,Comfort Single Room - Non-Smoking,unverified,54545,11411,no,8.9,43,yes,no,Booking (review>=8 filter),https://www.booking.com/hotel/jp/bellclassic.html?checkin=2026-11-13&checkout=2026-11-14&group_adults=2&no_rooms=1&selected_currency=JPY
2026-11-13,Fri,2026-11-14,hotel hisoca ikebukuro,King Room,unverified,59564,12461,no,9.3,327,yes,no,Booking (review>=8 filter),https://www.booking.com/hotel/jp/hisoca.html?checkin=2026-11-13&checkout=2026-11-14&group_adults=2&no_rooms=1&selected_currency=JPY
2026-11-13,Fri,2026-11-14,MIMARU Tokyo Ikebukuro,Late Escape Deal,unverified,65455,13693,no,9.1,1045,yes,no,Booking (review>=8 filter),https://www.booking.com/hotel/jp/mimarudong-jing-chi-dai.html?checkin=2026-11-13&checkout=2026-11-14&group_adults=2&no_rooms=1&selected_currency=JPY
2026-11-13,Fri,2026-11-14,Ikebukuro 3 Chome,Villa,unverified,67813,14186,no,9.5,2,yes,no,Booking (review>=8 filter),https://www.booking.com/hotel/jp/ikebukuro-3-chome.html?checkin=2026-11-13&checkout=2026-11-14&group_adults=2&no_rooms=1&selected_currency=JPY
2026-11-13,Fri,2026-11-14,Corpo Okazaki - Vacation STAY 20516,,unverified,72119,15087,no,8.0,0,yes,no,Booking (review>=8 filter),https://www.booking.com/hotel/jp/corpo-okazaki-vacation-stay-20516.html?checkin=2026-11-13&checkout=2026-11-14&group_adults=2&no_rooms=1&selected_currency=JPY
2026-11-13,Fri,2026-11-14,Felizstay Ikebukuro,New to Booking.com,unverified,79662,16665,no,,0,yes,no,Booking (review>=8 filter),https://www.booking.com/hotel/jp/felizstay-ikebukuro.html?checkin=2026-11-13&checkout=2026-11-14&group_adults=2&no_rooms=1&selected_currency=JPY
2026-11-13,Fri,2026-11-14,8路線使用可能！アクセス抜群/池袋駅より徒歩5分/最大11名/Wi-Fi完備/まるごと3LDK,Three-Bedroom Apartment,unverified,207629,43436,no,8.6,39,yes,no,Booking (review>=8 filter),https://www.booking.com/hotel/jp/8lu-xian-shi-yong-ke-neng-akusesuba-qun-chi-dai-yi-yoritu-bu-5fen-zui-da-11ming.html?checkin=2026-11-13&checkout=2026-11-14&group_adults=2&no_rooms=1&selected_currency=JPY
2026-11-14,Sat,2026-11-15,Sakura Cherry otsuka 101 JR Otsuka station 6min,,private,8640,1807,yes,,0,no,no,Booking (hotel/apartment filter),https://www.booking.com/hotel/jp/sakura-cherry-otsuka-101-jr-otsuka-station-6min.html?checkin=2026-11-14&checkout=2026-11-15&group_adults=2&no_rooms=1&selected_currency=JPY
2026-11-14,Sat,2026-11-15,クオリティハイツ池袋駅西口至近,One-Bedroom Apartment,private,8782,1837,yes,7.1,39,no,no,Booking (hotel/apartment filter),https://www.booking.com/hotel/jp/kuoriteihaituchi-dai-yi-xi-kou-zhi-jin.html?checkin=2026-11-14&checkout=2026-11-15&group_adults=2&no_rooms=1&selected_currency=JPY
2026-11-14,Sat,2026-11-15,愛の屋ホテル池袋,One-Bedroom Apartment,private,9000,1883,yes,3.6,9,no,no,Booking (hotel/apartment filter),https://www.booking.com/hotel/jp/ai-nowu-hoteruchi-dai.html?checkin=2026-11-14&checkout=2026-11-15&group_adults=2&no_rooms=1&selected_currency=JPY
2026-11-14,Sat,2026-11-15,池袋駅至近！静かで独立した生活空間（クオリティハイツ）,One-Bedroom Apartment,private,9068,1897,yes,6.0,46,no,no,Booking (hotel/apartment filter),https://www.booking.com/hotel/jp/chi-dai-yi-zhi-jin-jing-kadedu-li-sitasheng-huo-kong-jian-kuoriteihaitu.html?checkin=2026-11-14&checkout=2026-11-15&group_adults=2&no_rooms=1&selected_currency=JPY
2026-11-14,Sat,2026-11-15,パインセンターハイツ池袋,,private,9409,1968,yes,,0,no,no,Booking (hotel/apartment filter),https://www.booking.com/hotel/jp/painsentahaituchi-dai.html?checkin=2026-11-14&checkout=2026-11-15&group_adults=2&no_rooms=1&selected_currency=JPY
2026-11-14,Sat,2026-11-15,愛の屋民泊池袋,One-Bedroom Apartment,private,9818,2054,yes,6.2,45,no,no,Booking (hotel/apartment filter),https://www.booking.com/hotel/jp/ai-nowu-min-bo-chi-dai.html?checkin=2026-11-14&checkout=2026-11-15&group_adults=2&no_rooms=1&selected_currency=JPY
2026-11-14,Sat,2026-11-15,アイリスコート,One-Bedroom Apartment,private,10163,2126,yes,9.3,17,no,no,Booking (hotel/apartment filter),https://www.booking.com/hotel/jp/airisukoto101hao-shi.html?checkin=2026-11-14&checkout=2026-11-15&group_adults=2&no_rooms=1&selected_currency=JPY
2026-11-14,Sat,2026-11-15,アイリスコート,One-Bedroom Apartment,unverified,10163,2126,yes,9.3,17,no,no,Booking (review>=8 filter),https://www.booking.com/hotel/jp/airisukoto101hao-shi.html?checkin=2026-11-14&checkout=2026-11-15&group_adults=2&no_rooms=1&selected_currency=JPY
2026-11-14,Sat,2026-11-15,Business Hotel Kankokukan - Vacation STAY 45862v,Apartment,unverified,10652,2228,yes,8.0,12,yes,no,Booking (review>=8 filter),https://www.booking.com/hotel/jp/business-kankokukan-vacation-stay-45862v.html?checkin=2026-11-14&checkout=2026-11-15&group_adults=2&no_rooms=1&selected_currency=JPY
2026-11-14,Sat,2026-11-15,Garden square,One-Bedroom Apartment,private,10793,2258,yes,7.3,27,no,no,Booking (hotel/apartment filter),https://www.booking.com/hotel/jp/gadensukuea.html?checkin=2026-11-14&checkout=2026-11-15&group_adults=2&no_rooms=1&selected_currency=JPY
2026-11-14,Sat,2026-11-15,Hananogo Ikebukuro - Vacation STAY 16082v,Studio,private,10863,2273,yes,7.0,5,yes,no,Booking (hotel/apartment filter),https://www.booking.com/hotel/jp/hananogo-ikebukuro-vacation-stay-16082v.html?checkin=2026-11-14&checkout=2026-11-15&group_adults=2&no_rooms=1&selected_currency=JPY
2026-11-14,Sat,2026-11-15,雲海301 要町駅徒歩7分 池袋バスまで6分 かわいい部屋 最大4名,,private,11232,2350,yes,,0,no,no,Booking (hotel/apartment filter),https://www.booking.com/hotel/jp/tiikawanojia-yao-ting-yi-tu-bu-7fen-chi-dai-basumade6fen-kawaiibu-wu-zui-da-4min.html?checkin=2026-11-14&checkout=2026-11-15&group_adults=2&no_rooms=1&selected_currency=JPY
2026-11-14,Sat,2026-11-15,Kimi Ryokan,Twin Room,shared,11500,2406,yes,8.3,1035,yes,no,Booking (review>=8 filter),https://www.booking.com/hotel/jp/kimi-ryokan.html?checkin=2026-11-14&checkout=2026-11-15&group_adults=2&no_rooms=1&selected_currency=JPY
2026-11-14,Sat,2026-11-15,Ikebukuro home 18,Two-Bedroom Apartment,private,11659,2439,yes,6.2,12,no,no,Booking (hotel/apartment filter),https://www.booking.com/hotel/jp/ikebukuro-coze-home.html?checkin=2026-11-14&checkout=2026-11-15&group_adults=2&no_rooms=1&selected_currency=JPY
2026-11-14,Sat,2026-11-15,池袋 Aurora 7,One-Bedroom Apartment,private,11659,2439,yes,7.3,16,no,no,Booking (hotel/apartment filter),https://www.booking.com/hotel/jp/chi-dai-yi-zui-da-6ren-b09.html?checkin=2026-11-14&checkout=2026-11-15&group_adults=2&no_rooms=1&selected_currency=JPY
2026-11-14,Sat,2026-11-15,Ikebukuro Base,One-Bedroom Apartment,private,11753,2459,yes,6.5,32,no,no,Booking (hotel/apartment filter),https://www.booking.com/hotel/jp/ikebukuro-base.html?checkin=2026-11-14&checkout=2026-11-15&group_adults=2&no_rooms=1&selected_currency=JPY
2026-11-14,Sat,2026-11-15,Hananogo Ikebukuro - Vacation STAY 16064v,,private,11784,2465,yes,5.0,0,yes,no,Booking (hotel/apartment filter),https://www.booking.com/hotel/jp/hananogo-ikebukuro-vacation-stay-16064v.html?checkin=2026-11-14&checkout=2026-11-15&group_adults=2&no_rooms=1&selected_currency=JPY
2026-11-14,Sat,2026-11-15,Ryoma Ikebukuro male only -Guest House - Vacation STAY 14547v,Holiday Home,private,12116,2535,yes,4.4,18,yes,no,Booking (hotel/apartment filter),https://www.booking.com/hotel/jp/ryoma-ikebukuro-guest-house-vacation-stay-14547v.html?checkin=2026-11-14&checkout=2026-11-15&group_adults=2&no_rooms=1&selected_currency=JPY
2026-11-14,Sat,2026-11-15,Ryoma Ikebukuro female only Guest House Vacation STAY 16032v,Holiday Home,private,12116,2535,yes,5.4,25,yes,no,Booking (hotel/apartment filter),https://www.booking.com/hotel/jp/ryoma-ikebukuro-guest-house-vacation-stay-16032v.html?checkin=2026-11-14&checkout=2026-11-15&group_adults=2&no_rooms=1&selected_currency=JPY
2026-11-14,Sat,2026-11-15,"BRT201 Yamanote Line, Easy to Shinjuku & Shibuya",,private,12231,2559,yes,9.0,0,yes,no,Booking (hotel/apartment filter),https://www.booking.com/hotel/jp/brt201-ikebukuro-station-double-apartment-201-yamanote-line-direct-access-to-shi.html?checkin=2026-11-14&checkout=2026-11-15&group_adults=2&no_rooms=1&selected_currency=JPY
2026-11-14,Sat,2026-11-15,"BRT202 Tokyo City Base, Double Room for Two",,private,12231,2559,yes,1.0,0,yes,no,Booking (hotel/apartment filter),https://www.booking.com/hotel/jp/brt202-ikebukuro-station-apartment-for-2-people-direct-access-to-shinjuku-and-sh.html?checkin=2026-11-14&checkout=2026-11-15&group_adults=2&no_rooms=1&selected_currency=JPY
2026-11-14,Sat,2026-11-15,"BRT201 Yamanote Line, Easy to Shinjuku & Shibuya",,unverified,12231,2559,yes,9.0,0,yes,no,Booking (review>=8 filter),https://www.booking.com/hotel/jp/brt201-ikebukuro-station-double-apartment-201-yamanote-line-direct-access-to-shi.html?checkin=2026-11-14&checkout=2026-11-15&group_adults=2&no_rooms=1&selected_currency=JPY
2026-11-14,Sat,2026-11-15,"7-minute walk from Otsuka Station,Yamanote Line 3-person Shared garden",Double Room,unverified,12727,2662,yes,9.2,8,yes,no,Booking (review>=8 filter),https://www.booking.com/hotel/jp/7-minute-walk-from-otsuka-station.html?checkin=2026-11-14&checkout=2026-11-15&group_adults=2&no_rooms=1&selected_currency=JPY
2026-11-14,Sat,2026-11-15,池袋駅徒歩7分 山手線交通便利 設備完備,One-Bedroom Apartment,private,12955,2710,yes,7.7,8,yes,no,Booking (hotel/apartment filter),https://www.booking.com/hotel/jp/chi-dai-yi-tu-bu-7fen-shan-shou-xian-jiao-tong-bian-li-she-bei-wan-bei.html?checkin=2026-11-14&checkout=2026-11-15&group_adults=2&no_rooms=1&selected_currency=JPY
2026-11-14,Sat,2026-11-15,Hananogo Ikebukuro - Vacation STAY 16116v,,private,13625,2850,no,1.0,0,yes,no,Booking (hotel/apartment filter),https://www.booking.com/hotel/jp/hananogo-ikebukuro-vacation-stay-16116v.html?checkin=2026-11-14&checkout=2026-11-15&group_adults=2&no_rooms=1&selected_currency=JPY
2026-11-14,Sat,2026-11-15,Ikebukuro Center# Ikebukuro 5min walk#池袋中心地带# 池袋车站步行5分#无限制wifi#306,,private,13770,2881,no,9.0,0,no,no,Booking (hotel/apartment filter),https://www.booking.com/hotel/jp/ikebukuro-center-ikebukuro-5min-walk-chi-dai-zhong-xin-di-dai-chi-d-toshima-cit2.html?checkin=2026-11-14&checkout=2026-11-15&group_adults=2&no_rooms=1&selected_currency=JPY
2026-11-14,Sat,2026-11-15,Ikebukuro Center# Ikebukuro 5min walk#池袋中心地带# 池袋车站步行5分#无限制wifi#306,,unverified,13770,2881,no,9.0,0,no,no,Booking (review>=8 filter),https://www.booking.com/hotel/jp/ikebukuro-center-ikebukuro-5min-walk-chi-dai-zhong-xin-di-dai-chi-d-toshima-cit2.html?checkin=2026-11-14&checkout=2026-11-15&group_adults=2&no_rooms=1&selected_currency=JPY
2026-11-14,Sat,2026-11-15,"Ikebukuro 8 min walk, Kanamecho 6 min walk, 25sqm room, 2 guests, Direct access to Shinjuku, Shibuya, Tokyo, Ueno, 1 double bed",One-Bedroom Apartment,private,13813,2890,no,6.7,15,yes,no,Booking (hotel/apartment filter),https://www.booking.com/hotel/jp/8-min-walk-to-ikebukuro-6-min-walk-to-yanagibashi-station25m-max-2-people-direct.html?checkin=2026-11-14&checkout=2026-11-15&group_adults=2&no_rooms=1&selected_currency=JPY
2026-11-14,Sat,2026-11-15,"7-minute walk from Otsuka Station,Yamanote Line 3-person Shared garden",One-Bedroom Apartment,private,13909,2910,no,9.2,8,no,no,Booking (hotel/apartment filter),https://www.booking.com/hotel/jp/7-minute-walk-from-otsuka-station.html?checkin=2026-11-14&checkout=2026-11-15&group_adults=2&no_rooms=1&selected_currency=JPY
2026-11-14,Sat,2026-11-15,Otsuka 7 mins one stop to Ikebukuro mansion with garden,One-Bedroom Apartment,private,13909,2910,no,7.1,6,no,no,Booking (hotel/apartment filter),https://www.booking.com/hotel/jp/otsuka-7-mins.html?checkin=2026-11-14&checkout=2026-11-15&group_adults=2&no_rooms=1&selected_currency=JPY
2026-11-14,Sat,2026-11-15,Ikebukuro 8min walk#kebukuro center#Living room#bidet toilet#池袋中心#池袋车站步行8分钟#有客厅#卧室#智能马桶#干湿分离202,,private,13909,2910,no,,0,no,no,Booking (hotel/apartment filter),https://www.booking.com/hotel/jp/chi-dai-zhong-xin-chi-dai-che-zhan-bu-xing-7fen-zhong-ke-ting-wo-shi-zhi-neng-ma.html?checkin=2026-11-14&checkout=2026-11-15&group_adults=2&no_rooms=1&selected_currency=JPY
2026-11-14,Sat,2026-11-15,Frame HIGASHI IKEBUKURO,Double or Twin Room,unverified,14193,2969,no,8.6,31,no,no,Booking (review>=8 filter),https://www.booking.com/hotel/jp/frame-higashiikebukuro.html?checkin=2026-11-14&checkout=2026-11-15&group_adults=2&no_rooms=1&selected_currency=JPY
2026-11-14,Sat,2026-11-15,池袋 Bodo House 9 A5,One-Bedroom Apartment,private,14285,2988,no,6.9,36,no,no,Booking (hotel/apartment filter),https://www.booking.com/hotel/jp/chi-dai-bodo-house-9.html?checkin=2026-11-14&checkout=2026-11-15&group_adults=2&no_rooms=1&selected_currency=JPY
2026-11-14,Sat,2026-11-15,KOSUMOSU Ikebukuro Shinjuku Private House,Double Room,unverified,14545,3043,no,8.4,146,no,no,Booking (review>=8 filter),https://www.booking.com/hotel/jp/kosumosu.html?checkin=2026-11-14&checkout=2026-11-15&group_adults=2&no_rooms=1&selected_currency=JPY
2026-11-14,Sat,2026-11-15,Hananogo Ikebukuro - Vacation STAY 16098v,Studio,private,14546,3043,no,7.8,7,yes,no,Booking (hotel/apartment filter),https://www.booking.com/hotel/jp/hananogo-ikebukuro-vacation-stay-16098v.html?checkin=2026-11-14&checkout=2026-11-15&group_adults=2&no_rooms=1&selected_currency=JPY
2026-11-14,Sat,2026-11-15,Karasawa Hotel,One-Bedroom Apartment,private,14580,3050,no,6.4,39,no,no,Booking (hotel/apartment filter),https://www.booking.com/hotel/jp/tang-ze-hoteru-karasawa.html?checkin=2026-11-14&checkout=2026-11-15&group_adults=2&no_rooms=1&selected_currency=JPY
2026-11-14,Sat,2026-11-15,桜の川 池袋駅7分 2-4人丨7 minutes from Ikebukuro Station 2-4 people,Late Escape Deal,unverified,14988,3135,no,8.2,46,no,no,Booking (review>=8 filter),https://www.booking.com/hotel/jp/ikebukuro-8min-modern-stay.html?checkin=2026-11-14&checkout=2026-11-15&group_adults=2&no_rooms=1&selected_currency=JPY
2026-11-14,Sat,2026-11-15,畳の間池袋,,private,15055,3150,no,7.0,0,yes,no,Booking (hotel/apartment filter),https://www.booking.com/hotel/jp/die-nojian-chi-dai.html?checkin=2026-11-14&checkout=2026-11-15&group_adults=2&no_rooms=1&selected_currency=JPY
2026-11-14,Sat,2026-11-15,"Ikebukuro 8 min walk, Kanamecho 6 min walk, 25sqm room, 2 guests, Direct access to Shinjuku, Shibuya, Tokyo, Ueno, 2 single beds",,private,15068,3152,no,1.0,0,yes,no,Booking (hotel/apartment filter),https://www.booking.com/hotel/jp/103-8-min-walk-to-ikebukuro-6-min-walk-to-kanamecho-station25m-max-2-people-dire.html?checkin=2026-11-14&checkout=2026-11-15&group_adults=2&no_rooms=1&selected_currency=JPY
2026-11-14,Sat,2026-11-15,ジェミニス池袋303,One-Bedroom Apartment,unverified,15300,3201,no,8.5,2,yes,no,Booking (review>=8 filter),https://www.booking.com/hotel/jp/zieminisuchi-dai-303.html?checkin=2026-11-14&checkout=2026-11-15&group_adults=2&no_rooms=1&selected_currency=JPY
2026-11-14,Sat,2026-11-15,Ikebukuro Area 2F5 NishiikeApartment,,private,15455,3233,no,10.0,0,yes,no,Booking (hotel/apartment filter),https://www.booking.com/hotel/jp/ikebukuro-area-2f5-nishiikeapartment.html?checkin=2026-11-14&checkout=2026-11-15&group_adults=2&no_rooms=1&selected_currency=JPY
2026-11-14,Sat,2026-11-15,Ikebukuro Area 2F5 NishiikeApartment,,unverified,15455,3233,no,10.0,0,yes,no,Booking (review>=8 filter),https://www.booking.com/hotel/jp/ikebukuro-area-2f5-nishiikeapartment.html?checkin=2026-11-14&checkout=2026-11-15&group_adults=2&no_rooms=1&selected_currency=JPY
2026-11-14,Sat,2026-11-15,池袋 Energy CA0 a9,One-Bedroom Apartment,private,15873,3321,no,7.4,19,no,no,Booking (hotel/apartment filter),https://www.booking.com/hotel/jp/chi-dai-energy-ca0-a9.html?checkin=2026-11-14&checkout=2026-11-15&group_adults=2&no_rooms=1&selected_currency=JPY
2026-11-14,Sat,2026-11-15,Ikebukuro Warmハウス306,One-Bedroom Apartment,private,15873,3321,no,8.9,17,no,no,Booking (hotel/apartment filter),https://www.booking.com/hotel/jp/ikebukuro-warmhausu306.html?checkin=2026-11-14&checkout=2026-11-15&group_adults=2&no_rooms=1&selected_currency=JPY
2026-11-14,Sat,2026-11-15,Ikebukuro IVY House Ao6,One-Bedroom Apartment,private,15873,3321,no,6.3,17,no,no,Booking (hotel/apartment filter),https://www.booking.com/hotel/jp/ikebukuro-ivy-house-ao6.html?checkin=2026-11-14&checkout=2026-11-15&group_adults=2&no_rooms=1&selected_currency=JPY
2026-11-14,Sat,2026-11-15,Ikebukuro Warmハウス306,One-Bedroom Apartment,unverified,15873,3321,no,8.9,17,no,no,Booking (review>=8 filter),https://www.booking.com/hotel/jp/ikebukuro-warmhausu306.html?checkin=2026-11-14&checkout=2026-11-15&group_adults=2&no_rooms=1&selected_currency=JPY
2026-11-14,Sat,2026-11-15,nestay miriz tokyo ikebukuro,Late Escape Deal,private,16044,3356,no,8.4,179,no,no,Booking (hotel/apartment filter),https://www.booking.com/hotel/jp/nestay-miriz-tokyo-ikebukuro.html?checkin=2026-11-14&checkout=2026-11-15&group_adults=2&no_rooms=1&selected_currency=JPY
2026-11-14,Sat,2026-11-15,nestay miriz tokyo ikebukuro,Late Escape Deal,unverified,16044,3356,no,8.4,179,no,no,Booking (review>=8 filter),https://www.booking.com/hotel/jp/nestay-miriz-tokyo-ikebukuro.html?checkin=2026-11-14&checkout=2026-11-15&group_adults=2&no_rooms=1&selected_currency=JPY
2026-11-14,Sat,2026-11-15,japan house Otsuka,One-Bedroom Apartment,private,16200,3389,no,9.0,141,no,no,Booking (hotel/apartment filter),https://www.booking.com/hotel/jp/japan-house-otsuka.html?checkin=2026-11-14&checkout=2026-11-15&group_adults=2&no_rooms=1&selected_currency=JPY
2026-11-14,Sat,2026-11-15,japan house Otsuka,One-Bedroom Apartment,unverified,16200,3389,no,9.0,141,no,no,Booking (review>=8 filter),https://www.booking.com/hotel/jp/japan-house-otsuka.html?checkin=2026-11-14&checkout=2026-11-15&group_adults=2&no_rooms=1&selected_currency=JPY
2026-11-14,Sat,2026-11-15,Toshima-ku - House - Vacation STAY 17454,,private,16314,3413,no,,0,yes,no,Booking (hotel/apartment filter),https://www.booking.com/hotel/jp/toshima-ku-house-vacation-stay-17454.html?checkin=2026-11-14&checkout=2026-11-15&group_adults=2&no_rooms=1&selected_currency=JPY
2026-11-14,Sat,2026-11-15,HOTEL CHECK INN BALI adult only,Economy Double Room,private,16364,3423,no,7.2,316,yes,no,Booking (hotel/apartment filter),https://www.booking.com/hotel/jp/check-inn-bali.html?checkin=2026-11-14&checkout=2026-11-15&group_adults=2&no_rooms=1&selected_currency=JPY
2026-11-14,Sat,2026-11-15,the Jeminith Ikebukuro 501,,private,16364,3423,no,,0,yes,no,Booking (hotel/apartment filter),https://www.booking.com/hotel/jp/jeminith-ikebukuro-tokyo.html?checkin=2026-11-14&checkout=2026-11-15&group_adults=2&no_rooms=1&selected_currency=JPY
2026-11-14,Sat,2026-11-15,Ikebukuro Cozy ハウス5,One-Bedroom Apartment,private,16666,3487,no,6.7,13,no,no,Booking (hotel/apartment filter),https://www.booking.com/hotel/jp/ikebukuro-cozy-hausu5.html?checkin=2026-11-14&checkout=2026-11-15&group_adults=2&no_rooms=1&selected_currency=JPY
2026-11-14,Sat,2026-11-15,池袋レトロなホテル,Superior Double Room,private,16818,3518,no,7.8,138,yes,no,Booking (hotel/apartment filter),https://www.booking.com/hotel/jp/aroma-plus.html?checkin=2026-11-14&checkout=2026-11-15&group_adults=2&no_rooms=1&selected_currency=JPY
2026-11-14,Sat,2026-11-15,"Luce Ikebukuro - Cozy APT Stay in Ikebukuro Tokyo, with Direct Access to Shinjuku & Shibuya",Late Escape Deal,unverified,17000,3556,no,8.1,68,no,no,Booking (review>=8 filter),https://www.booking.com/hotel/jp/lucechi-dai.html?checkin=2026-11-14&checkout=2026-11-15&group_adults=2&no_rooms=1&selected_currency=JPY
2026-11-14,Sat,2026-11-15,Hotel Amethyst,Double Room - Smoking,private,17091,3575,no,6.4,75,yes,no,Booking (hotel/apartment filter),https://www.booking.com/hotel/jp/hoteru-amezisuto.html?checkin=2026-11-14&checkout=2026-11-15&group_adults=2&no_rooms=1&selected_currency=JPY
2026-11-14,Sat,2026-11-15,今和Hotel,One-Bedroom Apartment,private,17182,3594,no,8.7,95,no,no,Booking (hotel/apartment filter),https://www.booking.com/hotel/jp/jin-he-dong-jing-du.html?checkin=2026-11-14&checkout=2026-11-15&group_adults=2&no_rooms=1&selected_currency=JPY
2026-11-14,Sat,2026-11-15,今和Hotel,One-Bedroom Apartment,unverified,17182,3594,no,8.7,95,no,no,Booking (review>=8 filter),https://www.booking.com/hotel/jp/jin-he-dong-jing-du.html?checkin=2026-11-14&checkout=2026-11-15&group_adults=2&no_rooms=1&selected_currency=JPY
2026-11-14,Sat,2026-11-15,池袋Apila,Family Room with Private Bathroom,unverified,17186,3595,no,9.2,116,no,no,Booking (review>=8 filter),https://www.booking.com/hotel/jp/chi-dai-apila.html?checkin=2026-11-14&checkout=2026-11-15&group_adults=2&no_rooms=1&selected_currency=JPY
2026-11-14,Sat,2026-11-15,"Ikebukuro 8 min walk, Kanamecho 6 min walk, 25sqm room, 3 guests, Direct access to Shinjuku, Shibuya, Tokyo, Ueno, 3 single beds",One-Bedroom Apartment,private,17386,3637,no,7.4,5,yes,no,Booking (hotel/apartment filter),https://www.booking.com/hotel/jp/304-8-min-walk-to-ikebukuro-6-min-walk-to-kanamecho-station25m-max-2-people-dire.html?checkin=2026-11-14&checkout=2026-11-15&group_adults=2&no_rooms=1&selected_currency=JPY
2026-11-14,Sat,2026-11-15,nestay suite tokyo ikebukuro,One-Bedroom Apartment,private,17561,3674,no,7.5,68,no,no,Booking (hotel/apartment filter),https://www.booking.com/hotel/jp/nestay-suite-tokyo-ikebukuro.html?checkin=2026-11-14&checkout=2026-11-15&group_adults=2&no_rooms=1&selected_currency=JPY
2026-11-14,Sat,2026-11-15,Ikebukuro center#池袋中心#高级阳光公寓车站步行5分#高速wifi1208,One-Bedroom Apartment,unverified,17618,3686,no,8.5,7,no,no,Booking (review>=8 filter),https://www.booking.com/hotel/jp/ikebukuro-center-chi-dai-zhong-xin-gao-ji-yang-guang-gong-yu-che-zh-toshima-city.html?checkin=2026-11-14&checkout=2026-11-15&group_adults=2&no_rooms=1&selected_currency=JPY
2026-11-14,Sat,2026-11-15,タスキスマート池袋一号館Tasuki Smart Ikebukuro1,Family Room with Bath,private,17869,3738,no,8.7,186,no,no,Booking (hotel/apartment filter),https://www.booking.com/hotel/jp/japan-house-ikebukuro-1.html?checkin=2026-11-14&checkout=2026-11-15&group_adults=2&no_rooms=1&selected_currency=JPY
2026-11-14,Sat,2026-11-15,タスキスマート池袋一号館Tasuki Smart Ikebukuro1,Family Room with Bath,unverified,17869,3738,no,8.7,186,no,no,Booking (review>=8 filter),https://www.booking.com/hotel/jp/japan-house-ikebukuro-1.html?checkin=2026-11-14&checkout=2026-11-15&group_adults=2&no_rooms=1&selected_currency=JPY
2026-11-14,Sat,2026-11-15,Ikebukuro Central Hotel,Standard Double Room,private,18000,3766,no,5.8,225,yes,no,Booking (hotel/apartment filter),https://www.booking.com/hotel/jp/chi-dai-sentoraruhoteru.html?checkin=2026-11-14&checkout=2026-11-15&group_adults=2&no_rooms=1&selected_currency=JPY
2026-11-14,Sat,2026-11-15,Home Story in Tokyo JR山手線大塚駅Otsuka &東京屋語,Late Escape Deal,unverified,18636,3899,no,9.0,6,yes,no,Booking (review>=8 filter),https://www.booking.com/hotel/jp/tokyo-house-asakusa.html?checkin=2026-11-14&checkout=2026-11-15&group_adults=2&no_rooms=1&selected_currency=JPY
2026-11-14,Sat,2026-11-15,Shiratori306 B036,New to Booking.com,private,18731,3919,no,8.3,3,yes,no,Booking (hotel/apartment filter),https://www.booking.com/hotel/jp/b036po-wei-sanbai-niao-306a.html?checkin=2026-11-14&checkout=2026-11-15&group_adults=2&no_rooms=1&selected_currency=JPY
2026-11-14,Sat,2026-11-15,Shiratori306 B036,New to Booking.com,unverified,18731,3919,no,8.3,3,yes,no,Booking (review>=8 filter),https://www.booking.com/hotel/jp/b036po-wei-sanbai-niao-306a.html?checkin=2026-11-14&checkout=2026-11-15&group_adults=2&no_rooms=1&selected_currency=JPY
2026-11-14,Sat,2026-11-15,Swan Park Ikebukuro,One-Bedroom Apartment,unverified,18954,3965,no,8.2,33,no,no,Booking (review>=8 filter),https://www.booking.com/hotel/jp/suwanpakuchi-dai.html?checkin=2026-11-14&checkout=2026-11-15&group_adults=2&no_rooms=1&selected_currency=JPY
2026-11-14,Sat,2026-11-15,"10min walk Ikebukuro Sta JR , 10min Shinjuku Sta, Wi-Fi, PocketWiFi",Economy Double Room,unverified,19227,4022,no,8.0,73,yes,no,Booking (review>=8 filter),https://www.booking.com/hotel/jp/ikebukuro-li-dao-qu.html?checkin=2026-11-14&checkout=2026-11-15&group_adults=2&no_rooms=1&selected_currency=JPY
2026-11-14,Sat,2026-11-15,HOTEL VARKIN Ikebukuro Nishiguchi,Economy Double Room,private,19882,4159,no,8.3,780,no,no,Booking (hotel/apartment filter),https://www.booking.com/hotel/jp/varkin-chi-dai-xi-kou.html?checkin=2026-11-14&checkout=2026-11-15&group_adults=2&no_rooms=1&selected_currency=JPY
2026-11-14,Sat,2026-11-15,HOTEL VARKIN Ikebukuro Nishiguchi,Economy Double Room,unverified,19882,4159,no,8.3,780,no,no,Booking (review>=8 filter),https://www.booking.com/hotel/jp/varkin-chi-dai-xi-kou.html?checkin=2026-11-14&checkout=2026-11-15&group_adults=2&no_rooms=1&selected_currency=JPY
2026-11-14,Sat,2026-11-15,ARstay IKEBUKURO TOKYO,,unverified,20252,4237,no,8.0,0,yes,no,Booking (review>=8 filter),https://www.booking.com/hotel/jp/arstay-ikebukuro-li-dao-qu.html?checkin=2026-11-14&checkout=2026-11-15&group_adults=2&no_rooms=1&selected_currency=JPY
2026-11-14,Sat,2026-11-15,HOTEL PARK SIDE,Deluxe Double Room,private,20727,4336,no,7.5,71,yes,no,Booking (hotel/apartment filter),https://www.booking.com/hotel/jp/park-side-dong-jing.html?checkin=2026-11-14&checkout=2026-11-15&group_adults=2&no_rooms=1&selected_currency=JPY
2026-11-14,Sat,2026-11-15,Ostay Ikebukuro Dairaku Hotel Apartment,One-Bedroom Apartment,private,21383,4473,no,8.9,29,no,no,Booking (hotel/apartment filter),https://www.booking.com/hotel/jp/ostay-ikebukuro-dairaku-apartment-toshima-city1.html?checkin=2026-11-14&checkout=2026-11-15&group_adults=2&no_rooms=1&selected_currency=JPY
2026-11-14,Sat,2026-11-15,Ostay Ikebukuro Dairaku Hotel Apartment,One-Bedroom Apartment,unverified,21383,4473,no,8.9,29,no,no,Booking (review>=8 filter),https://www.booking.com/hotel/jp/ostay-ikebukuro-dairaku-apartment-toshima-city1.html?checkin=2026-11-14&checkout=2026-11-15&group_adults=2&no_rooms=1&selected_currency=JPY
2026-11-14,Sat,2026-11-15,池袋徒歩圏 l Mizuken Home Three bedrooms For Family Team,Three-Bedroom Apartment,private,21545,4507,no,8.3,20,no,no,Booking (hotel/apartment filter),https://www.booking.com/hotel/jp/mizuken-home-three-bedrooms-for-family-team.html?checkin=2026-11-14&checkout=2026-11-15&group_adults=2&no_rooms=1&selected_currency=JPY
2026-11-14,Sat,2026-11-15,池袋徒歩圏 l Mizuken Home Three bedrooms For Family Team,Three-Bedroom Apartment,unverified,21545,4507,no,8.3,20,no,no,Booking (review>=8 filter),https://www.booking.com/hotel/jp/mizuken-home-three-bedrooms-for-family-team.html?checkin=2026-11-14&checkout=2026-11-15&group_adults=2&no_rooms=1&selected_currency=JPY
2026-11-14,Sat,2026-11-15,北池袋戸建,Apartment,private,21600,4519,no,7.9,18,no,no,Booking (hotel/apartment filter),https://www.booking.com/hotel/jp/qing-chuan-hu-jian.html?checkin=2026-11-14&checkout=2026-11-15&group_adults=2&no_rooms=1&selected_currency=JPY
2026-11-14,Sat,2026-11-15,Otsuka Town Hotel,Double Room - Non-Smoking,private,21818,4564,no,6.9,23,yes,no,Booking (hotel/apartment filter),https://www.booking.com/hotel/jp/6102447.html?checkin=2026-11-14&checkout=2026-11-15&group_adults=2&no_rooms=1&selected_currency=JPY
2026-11-14,Sat,2026-11-15,ルチル池袋東京,Late Escape Deal,unverified,21978,4598,no,8.3,187,no,no,Booking (review>=8 filter),https://www.booking.com/hotel/jp/rutile-ikebukuro.html?checkin=2026-11-14&checkout=2026-11-15&group_adults=2&no_rooms=1&selected_currency=JPY
2026-11-14,Sat,2026-11-15,"YFhouse池袋ikebukuro-Direct to Ginza, Tokyo Dome, and the Harry Potter Studio Tour Tokyo",One-Bedroom Apartment with Balcony,private,22500,4707,no,9.1,8,yes,no,Booking (hotel/apartment filter),https://www.booking.com/hotel/jp/yfhousechi-dai-ikebukuro.html?checkin=2026-11-14&checkout=2026-11-15&group_adults=2&no_rooms=1&selected_currency=JPY
2026-11-14,Sat,2026-11-15,Ruma Inn Ikebukuro,Three-Bedroom Apartment,private,22500,4707,no,7.1,71,no,no,Booking (hotel/apartment filter),https://www.booking.com/hotel/jp/ruma-inn-ikebukuro.html?checkin=2026-11-14&checkout=2026-11-15&group_adults=2&no_rooms=1&selected_currency=JPY
2026-11-14,Sat,2026-11-15,"YFhouse池袋ikebukuro-Direct to Ginza, Tokyo Dome, and the Harry Potter Studio Tour Tokyo",One-Bedroom Apartment with Balcony,unverified,22500,4707,no,9.1,8,yes,no,Booking (review>=8 filter),https://www.booking.com/hotel/jp/yfhousechi-dai-ikebukuro.html?checkin=2026-11-14&checkout=2026-11-15&group_adults=2&no_rooms=1&selected_currency=JPY
2026-11-14,Sat,2026-11-15,"8Minutes Walk to IkebukuroStation, CentralTokyo and VeryConvenient Max5People",One-Bedroom Apartment,private,22533,4714,no,8.0,2,yes,no,Booking (hotel/apartment filter),https://www.booking.com/hotel/jp/ikebukuro-forest-room.html?checkin=2026-11-14&checkout=2026-11-15&group_adults=2&no_rooms=1&selected_currency=JPY
2026-11-14,Sat,2026-11-15,"8Minutes Walk to IkebukuroStation, CentralTokyo and VeryConvenient Max5People",One-Bedroom Apartment,unverified,22533,4714,no,8.0,2,yes,no,Booking (review>=8 filter),https://www.booking.com/hotel/jp/ikebukuro-forest-room.html?checkin=2026-11-14&checkout=2026-11-15&group_adults=2&no_rooms=1&selected_currency=JPY
2026-11-14,Sat,2026-11-15,桜の川70-36池袋駅8分钟 1DK套房 max5人房 宽敞安静 ikeburuko,Late Escape Deal,private,22909,4793,no,9.0,33,no,no,Booking (hotel/apartment filter),https://www.booking.com/hotel/jp/chi-dai-yi-8fen-zhong-1dktao-fang-4ren-fang-kuan-chang-an-jing-ikeburuko.html?checkin=2026-11-14&checkout=2026-11-15&group_adults=2&no_rooms=1&selected_currency=JPY
2026-11-14,Sat,2026-11-15,桜の川70-36池袋駅8分钟 1DK套房 max5人房 宽敞安静 ikeburuko,Late Escape Deal,unverified,22909,4793,no,9.0,33,no,no,Booking (review>=8 filter),https://www.booking.com/hotel/jp/chi-dai-yi-8fen-zhong-1dktao-fang-4ren-fang-kuan-chang-an-jing-ikeburuko.html?checkin=2026-11-14&checkout=2026-11-15&group_adults=2&no_rooms=1&selected_currency=JPY
2026-11-14,Sat,2026-11-15,Exquisite business hotel Bella,Double Room with Private Bathroom,unverified,23040,4820,no,8.4,220,yes,no,Booking (review>=8 filter),https://www.booking.com/hotel/jp/bella-toshima-city1.html?checkin=2026-11-14&checkout=2026-11-15&group_adults=2&no_rooms=1&selected_currency=JPY
2026-11-14,Sat,2026-11-15,BUSHIDO Ikebukuro -Tokyo,One-Bedroom Apartment,private,23222,4858,no,8.9,7,yes,no,Booking (hotel/apartment filter),https://www.booking.com/hotel/jp/ri-ben-rasisawogan-zirugu-min-jia-yin-rejia-wodai-qie-ri.html?checkin=2026-11-14&checkout=2026-11-15&group_adults=2&no_rooms=1&selected_currency=JPY
2026-11-14,Sat,2026-11-15,BUSHIDO Ikebukuro -Tokyo,One-Bedroom Apartment,unverified,23222,4858,no,8.9,7,yes,no,Booking (review>=8 filter),https://www.booking.com/hotel/jp/ri-ben-rasisawogan-zirugu-min-jia-yin-rejia-wodai-qie-ri.html?checkin=2026-11-14&checkout=2026-11-15&group_adults=2&no_rooms=1&selected_currency=JPY
2026-11-14,Sat,2026-11-15,HOTEL APERTO (Adult Only),Check-in after 9pm - Standard Double Room,private,23236,4861,no,8.7,1297,yes,no,Booking (hotel/apartment filter),https://www.booking.com/hotel/jp/aperto.html?checkin=2026-11-14&checkout=2026-11-15&group_adults=2&no_rooms=1&selected_currency=JPY
2026-11-14,Sat,2026-11-15,HOTEL APERTO (Adult Only),Check-in after 9pm - Standard Double Room,unverified,23236,4861,no,8.7,1297,yes,no,Booking (review>=8 filter),https://www.booking.com/hotel/jp/aperto.html?checkin=2026-11-14&checkout=2026-11-15&group_adults=2&no_rooms=1&selected_currency=JPY
2026-11-14,Sat,2026-11-15,KOKO HOTEL Ikebukuro,Small Double Room - Non-Smoking,private,23249,4864,no,8.6,1616,yes,no,Booking (hotel/apartment filter),https://www.booking.com/hotel/jp/wing-international-select-ikebukuro.html?checkin=2026-11-14&checkout=2026-11-15&group_adults=2&no_rooms=1&selected_currency=JPY
2026-11-14,Sat,2026-11-15,KOKO HOTEL Ikebukuro,Small Double Room - Non-Smoking,unverified,23249,4864,no,8.6,1616,yes,no,Booking (review>=8 filter),https://www.booking.com/hotel/jp/wing-international-select-ikebukuro.html?checkin=2026-11-14&checkout=2026-11-15&group_adults=2&no_rooms=1&selected_currency=JPY
2026-11-14,Sat,2026-11-15,KOKO HOTEL Ikebukuro East,Standard Double Room - Non-Smoking,private,23564,4930,no,8.4,1366,yes,no,Booking (hotel/apartment filter),https://www.booking.com/hotel/jp/wing-international-ikebukuro.html?checkin=2026-11-14&checkout=2026-11-15&group_adults=2&no_rooms=1&selected_currency=JPY
2026-11-14,Sat,2026-11-15,KOKO HOTEL Ikebukuro East,Standard Double Room - Non-Smoking,unverified,23564,4930,no,8.4,1366,yes,no,Booking (review>=8 filter),https://www.booking.com/hotel/jp/wing-international-ikebukuro.html?checkin=2026-11-14&checkout=2026-11-15&group_adults=2&no_rooms=1&selected_currency=JPY
2026-11-14,Sat,2026-11-15,3-20-9 - Vacation STAY 92290v,,private,24259,5075,no,,0,yes,no,Booking (hotel/apartment filter),https://www.booking.com/hotel/jp/3-20-9-vacation-stay-92290v.html?checkin=2026-11-14&checkout=2026-11-15&group_adults=2&no_rooms=1&selected_currency=JPY
2026-11-14,Sat,2026-11-15,3-20-9 - Vacation STAY 92282v,,private,24259,5075,no,4.0,0,yes,no,Booking (hotel/apartment filter),https://www.booking.com/hotel/jp/3-20-9-vacation-stay-92282v.html?checkin=2026-11-14&checkout=2026-11-15&group_adults=2&no_rooms=1&selected_currency=JPY
2026-11-14,Sat,2026-11-15,フクロウ庵101,Apartment,private,24642,5155,no,9.0,5,yes,no,Booking (hotel/apartment filter),https://www.booking.com/hotel/jp/kopogang-qi-101.html?checkin=2026-11-14&checkout=2026-11-15&group_adults=2&no_rooms=1&selected_currency=JPY
2026-11-14,Sat,2026-11-15,フクロウ庵101,Apartment,unverified,24642,5155,no,9.0,5,yes,no,Booking (review>=8 filter),https://www.booking.com/hotel/jp/kopogang-qi-101.html?checkin=2026-11-14&checkout=2026-11-15&group_adults=2&no_rooms=1&selected_currency=JPY
2026-11-14,Sat,2026-11-15,japan house Ikebukuro 2,Duplex Studio,private,24786,5185,no,8.5,249,no,no,Booking (hotel/apartment filter),https://www.booking.com/hotel/jp/japan-house-ikebukuro-2-toshima-city.html?checkin=2026-11-14&checkout=2026-11-15&group_adults=2&no_rooms=1&selected_currency=JPY
2026-11-14,Sat,2026-11-15,japan house Ikebukuro 2,Duplex Studio,unverified,24786,5185,no,8.5,249,no,no,Booking (review>=8 filter),https://www.booking.com/hotel/jp/japan-house-ikebukuro-2-toshima-city.html?checkin=2026-11-14&checkout=2026-11-15&group_adults=2&no_rooms=1&selected_currency=JPY
2026-11-14,Sat,2026-11-15,SUPER HOTEL Ikebukuro West Natural Hot Spring,Room Selected at Check-In,private,25170,5266,no,8.7,1349,no,yes,Booking (hotel/apartment filter),https://www.booking.com/hotel/jp/super-hotel-jr-ikebukuro-nishiguchi.html?checkin=2026-11-14&checkout=2026-11-15&group_adults=2&no_rooms=1&selected_currency=JPY
2026-11-14,Sat,2026-11-15,SUPER HOTEL Ikebukuro West Natural Hot Spring,Room Selected at Check-In,unverified,25170,5266,no,8.7,1349,no,yes,Booking (review>=8 filter),https://www.booking.com/hotel/jp/super-hotel-jr-ikebukuro-nishiguchi.html?checkin=2026-11-14&checkout=2026-11-15&group_adults=2&no_rooms=1&selected_currency=JPY
2026-11-14,Sat,2026-11-15,HOTEL VARKIN ANNEX,Standard Double Room,private,25831,5404,no,8.6,741,no,no,Booking (hotel/apartment filter),https://www.booking.com/hotel/jp/varkin-annex.html?checkin=2026-11-14&checkout=2026-11-15&group_adults=2&no_rooms=1&selected_currency=JPY
2026-11-14,Sat,2026-11-15,HOTEL VARKIN ANNEX,Standard Double Room,unverified,25831,5404,no,8.6,741,no,no,Booking (review>=8 filter),https://www.booking.com/hotel/jp/varkin-annex.html?checkin=2026-11-14&checkout=2026-11-15&group_adults=2&no_rooms=1&selected_currency=JPY
2026-11-14,Sat,2026-11-15,COCOYO Hotel Otsuka,Economy Twin Room,unverified,26182,5477,no,8.6,440,yes,no,Booking (review>=8 filter),https://www.booking.com/hotel/jp/cocoyo.html?checkin=2026-11-14&checkout=2026-11-15&group_adults=2&no_rooms=1&selected_currency=JPY
2026-11-14,Sat,2026-11-15,Ikebukuro 2Room D3,Two-Bedroom Apartment,private,26190,5479,no,8.7,7,no,no,Booking (hotel/apartment filter),https://www.booking.com/hotel/jp/ikebukuro-2room-d3.html?checkin=2026-11-14&checkout=2026-11-15&group_adults=2&no_rooms=1&selected_currency=JPY
2026-11-14,Sat,2026-11-15,Ikebukuro 2Room D3,Two-Bedroom Apartment,unverified,26190,5479,no,8.7,7,no,no,Booking (review>=8 filter),https://www.booking.com/hotel/jp/ikebukuro-2room-d3.html?checkin=2026-11-14&checkout=2026-11-15&group_adults=2&no_rooms=1&selected_currency=JPY
2026-11-14,Sat,2026-11-15,HOTEL MYSTAYS Higashi Ikebukuro,Superior Semi Double - Non-Smoking - House Keeping is Optional with Additional Cost,unverified,26736,5593,no,8.3,1699,yes,no,Booking (review>=8 filter),https://www.booking.com/hotel/jp/flexstay-higashi-ikebukuro-inn.html?checkin=2026-11-14&checkout=2026-11-15&group_adults=2&no_rooms=1&selected_currency=JPY
2026-11-14,Sat,2026-11-15,Frt池袋2丁目,One-Bedroom Apartment,private,26794,5605,no,7.5,2,yes,no,Booking (hotel/apartment filter),https://www.booking.com/hotel/jp/frtchi-dai-2ding-mu-906.html?checkin=2026-11-14&checkout=2026-11-15&group_adults=2&no_rooms=1&selected_currency=JPY
2026-11-14,Sat,2026-11-15,Petit Bali Ikebukuro,Economy Double Room - Smoking,unverified,26836,5614,no,8.4,281,yes,no,Booking (review>=8 filter),https://www.booking.com/hotel/jp/hoteruputeibarichi-dai-dian-dong-jing.html?checkin=2026-11-14&checkout=2026-11-15&group_adults=2&no_rooms=1&selected_currency=JPY
2026-11-14,Sat,2026-11-15,Jr山手线大塚站步行1分钟地处商店街的无敌便利,Two-Bedroom Apartment,private,27655,5785,no,8.2,18,no,no,Booking (hotel/apartment filter),https://www.booking.com/hotel/jp/jrshan-shou-xian-da-zhong-zhan-bu-xing-1fen-zhong-di-chu-shang-dian-jie-de-wu-di.html?checkin=2026-11-14&checkout=2026-11-15&group_adults=2&no_rooms=1&selected_currency=JPY
2026-11-14,Sat,2026-11-15,Jr山手线大塚站步行1分钟地处商店街的无敌便利,Two-Bedroom Apartment,unverified,27655,5785,no,8.2,18,no,no,Booking (review>=8 filter),https://www.booking.com/hotel/jp/jrshan-shou-xian-da-zhong-zhan-bu-xing-1fen-zhong-di-chu-shang-dian-jie-de-wu-di.html?checkin=2026-11-14&checkout=2026-11-15&group_adults=2&no_rooms=1&selected_currency=JPY
2026-11-14,Sat,2026-11-15,别墅A棟 池袋商圈 大塚站7分钟 3个房间 交通便利 最大8人 Ikebukuro center 7 mins to ST Max 8P 直达新宿 涉谷 表参道 池袋 上野 代代木 银座 原宿,Three-Bedroom Villa,unverified,27818,5820,no,9.5,4,yes,no,Booking (review>=8 filter),https://www.booking.com/hotel/jp/bie-shu-chi-dai-shang-quan-da-zhong-zhan-7fen-zhong-3ge-fang-jian-jiao-tong-bian.html?checkin=2026-11-14&checkout=2026-11-15&group_adults=2&no_rooms=1&selected_currency=JPY
2026-11-14,Sat,2026-11-15,"2 Minutes Walk to Ikebukuro Station, Central Tokyo and Very Convenient",One-Bedroom Apartment,private,27982,5854,no,9.6,16,no,no,Booking (hotel/apartment filter),https://www.booking.com/hotel/jp/2-min-walk-to-ikebukuro-station.html?checkin=2026-11-14&checkout=2026-11-15&group_adults=2&no_rooms=1&selected_currency=JPY
2026-11-14,Sat,2026-11-15,"2 Minutes Walk to Ikebukuro Station, Central Tokyo and Very Convenient",One-Bedroom Apartment,unverified,27982,5854,no,9.6,16,no,no,Booking (review>=8 filter),https://www.booking.com/hotel/jp/2-min-walk-to-ikebukuro-station.html?checkin=2026-11-14&checkout=2026-11-15&group_adults=2&no_rooms=1&selected_currency=JPY
2026-11-14,Sat,2026-11-15,Sakura Bella Ikebukuro,Double Room,unverified,28160,5891,no,8.1,606,yes,no,Booking (review>=8 filter),https://www.booking.com/hotel/jp/bella.html?checkin=2026-11-14&checkout=2026-11-15&group_adults=2&no_rooms=1&selected_currency=JPY
2026-11-14,Sat,2026-11-15,IKEBUKURO MANGA HOUSE,Apartment,private,28319,5924,no,7.8,169,no,no,Booking (hotel/apartment filter),https://www.booking.com/hotel/jp/ikebukuro-manga-house.html?checkin=2026-11-14&checkout=2026-11-15&group_adults=2&no_rooms=1&selected_currency=JPY
2026-11-14,Sat,2026-11-15,Jr山手線池袋駅徒步6分全新装修两居室公寓,Two-Bedroom Apartment,unverified,28553,5973,no,8.0,2,no,no,Booking (review>=8 filter),https://www.booking.com/hotel/jp/jrshan-shou-xian-chi-dai-yi-tu-bu-6fen-quan-xin-zhuang-xiu-liang-ju-shi-gong-yu.html?checkin=2026-11-14&checkout=2026-11-15&group_adults=2&no_rooms=1&selected_currency=JPY
2026-11-14,Sat,2026-11-15,ARM ikebukuro,One-Bedroom Apartment,private,28957,6058,no,8.2,45,yes,no,Booking (hotel/apartment filter),https://www.booking.com/hotel/jp/arm-ikebukuro.html?checkin=2026-11-14&checkout=2026-11-15&group_adults=2&no_rooms=1&selected_currency=JPY
2026-11-14,Sat,2026-11-15,Laurea Tower Ikebukuro,One-Bedroom Apartment,private,28957,6058,no,7.5,266,yes,no,Booking (hotel/apartment filter),https://www.booking.com/hotel/jp/laurea-tower-ikebukuro.html?checkin=2026-11-14&checkout=2026-11-15&group_adults=2&no_rooms=1&selected_currency=JPY
2026-11-14,Sat,2026-11-15,ARM ikebukuro,One-Bedroom Apartment,unverified,28957,6058,no,8.2,45,yes,no,Booking (review>=8 filter),https://www.booking.com/hotel/jp/arm-ikebukuro.html?checkin=2026-11-14&checkout=2026-11-15&group_adults=2&no_rooms=1&selected_currency=JPY
2026-11-14,Sat,2026-11-15,Cross Bridge Ikebukuro,Two-Bedroom Apartment,unverified,29196,6108,no,8.4,22,no,no,Booking (review>=8 filter),https://www.booking.com/hotel/jp/cross-bridge-ikebukuro.html?checkin=2026-11-14&checkout=2026-11-15&group_adults=2&no_rooms=1&selected_currency=JPY
2026-11-14,Sat,2026-11-15,Tokyu Stay Ikebukuro,Moderate double Room - Non Smoking,private,29553,6182,no,8.7,1137,no,no,Booking (hotel/apartment filter),https://www.booking.com/hotel/jp/tokyu-stay-ikebukuro.html?checkin=2026-11-14&checkout=2026-11-15&group_adults=2&no_rooms=1&selected_currency=JPY
2026-11-14,Sat,2026-11-15,Tokyu Stay Ikebukuro,Moderate double Room - Non Smoking,unverified,29553,6182,no,8.7,1137,no,no,Booking (review>=8 filter),https://www.booking.com/hotel/jp/tokyu-stay-ikebukuro.html?checkin=2026-11-14&checkout=2026-11-15&group_adults=2&no_rooms=1&selected_currency=JPY
2026-11-14,Sat,2026-11-15,Verde Ikebukuro,One-Bedroom Apartment,private,30029,6282,no,7.8,60,yes,no,Booking (hotel/apartment filter),https://www.booking.com/hotel/jp/verde-ikebukuro.html?checkin=2026-11-14&checkout=2026-11-15&group_adults=2&no_rooms=1&selected_currency=JPY
2026-11-14,Sat,2026-11-15,池袋4丁目貸切一軒家最大七名,Three-Bedroom Apartment,private,30227,6323,no,9.1,6,yes,no,Booking (hotel/apartment filter),https://www.booking.com/hotel/jp/ikebukuro-walking-distance-family-villa-max-7-people-whole-rental-wi-fi.html?checkin=2026-11-14&checkout=2026-11-15&group_adults=2&no_rooms=1&selected_currency=JPY
2026-11-14,Sat,2026-11-15,池袋4丁目貸切一軒家最大七名,Three-Bedroom Apartment,unverified,30227,6323,no,9.1,6,yes,no,Booking (review>=8 filter),https://www.booking.com/hotel/jp/ikebukuro-walking-distance-family-villa-max-7-people-whole-rental-wi-fi.html?checkin=2026-11-14&checkout=2026-11-15&group_adults=2&no_rooms=1&selected_currency=JPY
2026-11-14,Sat,2026-11-15,Ciel東池袋,New to Booking.com,private,30462,6373,no,8.5,16,no,no,Booking (hotel/apartment filter),https://www.booking.com/hotel/jp/cieldong-chi-dai.html?checkin=2026-11-14&checkout=2026-11-15&group_adults=2&no_rooms=1&selected_currency=JPY
2026-11-14,Sat,2026-11-15,Ciel東池袋,New to Booking.com,unverified,30462,6373,no,8.5,16,no,no,Booking (review>=8 filter),https://www.booking.com/hotel/jp/cieldong-chi-dai.html?checkin=2026-11-14&checkout=2026-11-15&group_adults=2&no_rooms=1&selected_currency=JPY
2026-11-14,Sat,2026-11-15,新宿 涉谷 原宿可多线直达 有Wifi 山手线大站池袋车站一戸建,,unverified,31091,6504,no,10.0,0,no,no,Booking (review>=8 filter),https://www.booking.com/hotel/jp/xin-su-she-gu-yuan-su-ke-duo-xian-zhi-da-you-wifi-shan-shou-xian-da-zhan-chi-dai.html?checkin=2026-11-14&checkout=2026-11-15&group_adults=2&no_rooms=1&selected_currency=JPY
2026-11-14,Sat,2026-11-15,APA Hotel Yamanote Otsuka Ekimae Tower,Standard Double Room - Non-Smoking,private,31349,6558,no,8.5,8714,yes,no,Booking (hotel/apartment filter),https://www.booking.com/hotel/jp/apa-yamanote-otsuka-eki-tower.html?checkin=2026-11-14&checkout=2026-11-15&group_adults=2&no_rooms=1&selected_currency=JPY
2026-11-14,Sat,2026-11-15,APA Hotel Yamanote Otsuka Ekimae Tower,Standard Double Room - Non-Smoking,unverified,31349,6558,no,8.5,8714,yes,no,Booking (review>=8 filter),https://www.booking.com/hotel/jp/apa-yamanote-otsuka-eki-tower.html?checkin=2026-11-14&checkout=2026-11-15&group_adults=2&no_rooms=1&selected_currency=JPY
2026-11-14,Sat,2026-11-15,悠悠之家 池袋商业区 7分钟步行到池袋车站 3层独栋别墅 全新 3房2厅厨卫齐全 免费车库 奈飞影院,Three-Bedroom Villa,unverified,31818,6656,no,9.5,2,no,no,Booking (review>=8 filter),https://www.booking.com/hotel/jp/you-you-zhi-jia-chi-dai-shang-ye-qu-7fen-zhong-bu-xing-dao-chi-dai-che-zhan-3cen.html?checkin=2026-11-14&checkout=2026-11-15&group_adults=2&no_rooms=1&selected_currency=JPY
2026-11-14,Sat,2026-11-15,Garden Otsuka,One-Bedroom Apartment,private,32577,6815,no,7.9,69,yes,no,Booking (hotel/apartment filter),https://www.booking.com/hotel/jp/garden-otsuka.html?checkin=2026-11-14&checkout=2026-11-15&group_adults=2&no_rooms=1&selected_currency=JPY
2026-11-14,Sat,2026-11-15,Keio Presso Inn Ikebukuro,Double Room with Small Double Bed - Smoking,private,32586,6817,no,8.5,1433,yes,no,Booking (hotel/apartment filter),https://www.booking.com/hotel/jp/keio-presson-inn-ikebukuro.html?checkin=2026-11-14&checkout=2026-11-15&group_adults=2&no_rooms=1&selected_currency=JPY
2026-11-14,Sat,2026-11-15,Keio Presso Inn Ikebukuro,Double Room with Small Double Bed - Smoking,unverified,32586,6817,no,8.5,1433,yes,no,Booking (review>=8 filter),https://www.booking.com/hotel/jp/keio-presson-inn-ikebukuro.html?checkin=2026-11-14&checkout=2026-11-15&group_adults=2&no_rooms=1&selected_currency=JPY
2026-11-14,Sat,2026-11-15,Tokyo Ikebukuro Garden Villa Hotel,,private,32727,6846,no,,0,no,no,Booking (hotel/apartment filter),https://www.booking.com/hotel/jp/tokyo-ikebukuro-garden-villa.html?checkin=2026-11-14&checkout=2026-11-15&group_adults=2&no_rooms=1&selected_currency=JPY
2026-11-14,Sat,2026-11-15,桜の川65 池袋駅C6口 8分 2-10人丨Ikebukuro JR Line C6 Exit 8 minutes 2-10 people,Late Escape Deal,private,32989,6901,no,9.5,27,no,no,Booking (hotel/apartment filter),https://www.booking.com/hotel/jp/ying-nochuan-65-ikebukuro-area.html?checkin=2026-11-14&checkout=2026-11-15&group_adults=2&no_rooms=1&selected_currency=JPY
2026-11-14,Sat,2026-11-15,桜の川65 池袋駅C6口 8分 2-10人丨Ikebukuro JR Line C6 Exit 8 minutes 2-10 people,Late Escape Deal,unverified,32989,6901,no,9.5,27,no,no,Booking (review>=8 filter),https://www.booking.com/hotel/jp/ying-nochuan-65-ikebukuro-area.html?checkin=2026-11-14&checkout=2026-11-15&group_adults=2&no_rooms=1&selected_currency=JPY
2026-11-14,Sat,2026-11-15,APA Hotel Ikebukuro Eki Kitaguchi,Double Room - Non-Smoking,private,33055,6915,no,7.9,1496,yes,no,Booking (hotel/apartment filter),https://www.booking.com/hotel/jp/apa-ikebukuro-kitaguchi.html?checkin=2026-11-14&checkout=2026-11-15&group_adults=2&no_rooms=1&selected_currency=JPY
2026-11-14,Sat,2026-11-15,Cosmy-2 IC53,One-Bedroom Apartment,private,33274,6961,no,8.1,8,yes,no,Booking (hotel/apartment filter),https://www.booking.com/hotel/jp/cosmy-2-ic53.html?checkin=2026-11-14&checkout=2026-11-15&group_adults=2&no_rooms=1&selected_currency=JPY
2026-11-14,Sat,2026-11-15,Cosmy-2 IC53,One-Bedroom Apartment,unverified,33274,6961,no,8.1,8,yes,no,Booking (review>=8 filter),https://www.booking.com/hotel/jp/cosmy-2-ic53.html?checkin=2026-11-14&checkout=2026-11-15&group_adults=2&no_rooms=1&selected_currency=JPY
2026-11-14,Sat,2026-11-15,Oasis IKEBUKURO,Late Escape Deal,unverified,33840,7079,no,8.0,2,no,no,Booking (review>=8 filter),https://www.booking.com/hotel/jp/oasis-ikebukuro.html?checkin=2026-11-14&checkout=2026-11-15&group_adults=2&no_rooms=1&selected_currency=JPY
2026-11-14,Sat,2026-11-15,Super Hotel Tokyo Otsuka,Double Room,private,33982,7109,no,8.8,750,no,yes,Booking (hotel/apartment filter),https://www.booking.com/hotel/jp/super-tokyo-otsuka.html?checkin=2026-11-14&checkout=2026-11-15&group_adults=2&no_rooms=1&selected_currency=JPY
2026-11-14,Sat,2026-11-15,Super Hotel Tokyo Otsuka,Double Room,unverified,33982,7109,no,8.8,750,no,yes,Booking (review>=8 filter),https://www.booking.com/hotel/jp/super-tokyo-otsuka.html?checkin=2026-11-14&checkout=2026-11-15&group_adults=2&no_rooms=1&selected_currency=JPY
2026-11-14,Sat,2026-11-15,Super Hotel Ikebukuro-Eki Kitaguchi,Double Room with Small Double Bed,private,34308,7177,no,8.2,841,no,no,Booking (hotel/apartment filter),https://www.booking.com/hotel/jp/super-hotel-inn-ikebukuroeki-kitaguchi.html?checkin=2026-11-14&checkout=2026-11-15&group_adults=2&no_rooms=1&selected_currency=JPY
2026-11-14,Sat,2026-11-15,Super Hotel Ikebukuro-Eki Kitaguchi,Double Room with Small Double Bed,unverified,34308,7177,no,8.2,841,no,no,Booking (review>=8 filter),https://www.booking.com/hotel/jp/super-hotel-inn-ikebukuroeki-kitaguchi.html?checkin=2026-11-14&checkout=2026-11-15&group_adults=2&no_rooms=1&selected_currency=JPY
2026-11-14,Sat,2026-11-15,Super Hotel Premier Ikebukuro Natural Hot Spring,Room Selected at Check-In,private,34388,7194,no,8.8,1985,no,no,Booking (hotel/apartment filter),https://www.booking.com/hotel/jp/supahoterupremierchi-dai-tian-ran-wen-quan.html?checkin=2026-11-14&checkout=2026-11-15&group_adults=2&no_rooms=1&selected_currency=JPY
2026-11-14,Sat,2026-11-15,Super Hotel Premier Ikebukuro Natural Hot Spring,Room Selected at Check-In,unverified,34388,7194,no,8.8,1985,no,no,Booking (review>=8 filter),https://www.booking.com/hotel/jp/supahoterupremierchi-dai-tian-ran-wen-quan.html?checkin=2026-11-14&checkout=2026-11-15&group_adults=2&no_rooms=1&selected_currency=JPY
2026-11-14,Sat,2026-11-15,BaliAn Resort Forest Ikebukuro,Comfort Double Room - Smoking,unverified,34462,7209,no,9.0,90,yes,no,Booking (review>=8 filter),https://www.booking.com/hotel/jp/hoterubarianrizotohuoresutochi-dai-xi-kou-dian.html?checkin=2026-11-14&checkout=2026-11-15&group_adults=2&no_rooms=1&selected_currency=JPY
2026-11-14,Sat,2026-11-15,Centurion Hotel Ikebukuro Station,Standard Semi-Double Room - Non Smoking,private,34472,7212,no,8.1,1745,yes,no,Booking (hotel/apartment filter),https://www.booking.com/hotel/jp/centurion-ikebukuro.html?checkin=2026-11-14&checkout=2026-11-15&group_adults=2&no_rooms=1&selected_currency=JPY
2026-11-14,Sat,2026-11-15,Centurion Hotel Ikebukuro Station,Standard Semi-Double Room - Non Smoking,unverified,34472,7212,no,8.1,1745,yes,no,Booking (review>=8 filter),https://www.booking.com/hotel/jp/centurion-ikebukuro.html?checkin=2026-11-14&checkout=2026-11-15&group_adults=2&no_rooms=1&selected_currency=JPY
2026-11-14,Sat,2026-11-15,Y's INN Ikefukuro 109T,Villa,unverified,34507,7219,no,8.3,3,yes,no,Booking (review>=8 filter),https://www.booking.com/hotel/jp/chi-dai-chi-dai-yi-madetu-bu-11fen-xin-su-shibui-gu-qian-cao-yin-zuo-qiu-xie-yua.html?checkin=2026-11-14&checkout=2026-11-15&group_adults=2&no_rooms=1&selected_currency=JPY
2026-11-14,Sat,2026-11-15,Laluna Higashiikebukuro,One-Bedroom Apartment,private,34748,7269,no,8.1,85,yes,no,Booking (hotel/apartment filter),https://www.booking.com/hotel/jp/laluna-higashiikebukuro-dong-jing-du.html?checkin=2026-11-14&checkout=2026-11-15&group_adults=2&no_rooms=1&selected_currency=JPY
2026-11-14,Sat,2026-11-15,Laluna Higashiikebukuro,One-Bedroom Apartment,unverified,34748,7269,no,8.1,85,yes,no,Booking (review>=8 filter),https://www.booking.com/hotel/jp/laluna-higashiikebukuro-dong-jing-du.html?checkin=2026-11-14&checkout=2026-11-15&group_adults=2&no_rooms=1&selected_currency=JPY
2026-11-14,Sat,2026-11-15,Sunshine City Prince Hotel Ikebukuro Tokyo,Semi Double Room - Non-Smoking 26-32nd Floor,private,35859,7502,no,8.5,3151,yes,no,Booking (hotel/apartment filter),https://www.booking.com/hotel/jp/sunshine-city-prince.html?checkin=2026-11-14&checkout=2026-11-15&group_adults=2&no_rooms=1&selected_currency=JPY
2026-11-14,Sat,2026-11-15,Sunshine City Prince Hotel Ikebukuro Tokyo,Semi Double Room - Non-Smoking 26-32nd Floor,unverified,35859,7502,no,8.5,3151,yes,no,Booking (review>=8 filter),https://www.booking.com/hotel/jp/sunshine-city-prince.html?checkin=2026-11-14&checkout=2026-11-15&group_adults=2&no_rooms=1&selected_currency=JPY
2026-11-14,Sat,2026-11-15,Maison Highway Ikebukuro,One-Bedroom Apartment,private,36196,7572,no,9.0,5,yes,no,Booking (hotel/apartment filter),https://www.booking.com/hotel/jp/maison-highway-ikebukuro.html?checkin=2026-11-14&checkout=2026-11-15&group_adults=2&no_rooms=1&selected_currency=JPY
2026-11-14,Sat,2026-11-15,Maison Highway Ikebukuro,One-Bedroom Apartment,unverified,36196,7572,no,9.0,5,yes,no,Booking (review>=8 filter),https://www.booking.com/hotel/jp/maison-highway-ikebukuro.html?checkin=2026-11-14&checkout=2026-11-15&group_adults=2&no_rooms=1&selected_currency=JPY
2026-11-14,Sat,2026-11-15,the b ikebukuro,Superior Single Room with Shower - Non-Smoking,private,36303,7595,no,7.9,947,yes,no,Booking (hotel/apartment filter),https://www.booking.com/hotel/jp/the-b-ikebukro.html?checkin=2026-11-14&checkout=2026-11-15&group_adults=2&no_rooms=1&selected_currency=JPY
2026-11-14,Sat,2026-11-15,DEL style Ikebukuro Higashiguchi by Daiwa Roynet Hotel,Moderate Double with Bathtub (2 Adults) - Non-Smoking,private,38091,7969,no,8.8,367,yes,no,Booking (hotel/apartment filter),https://www.booking.com/hotel/jp/daiwaroinetutohoteruchi-dai-dong-kou.html?checkin=2026-11-14&checkout=2026-11-15&group_adults=2&no_rooms=1&selected_currency=JPY
2026-11-14,Sat,2026-11-15,DEL style Ikebukuro Higashiguchi by Daiwa Roynet Hotel,Moderate Double with Bathtub (2 Adults) - Non-Smoking,unverified,38091,7969,no,8.8,367,yes,no,Booking (review>=8 filter),https://www.booking.com/hotel/jp/daiwaroinetutohoteruchi-dai-dong-kou.html?checkin=2026-11-14&checkout=2026-11-15&group_adults=2&no_rooms=1&selected_currency=JPY
2026-11-14,Sat,2026-11-15,Ikebukuro 3-Chome Stay,,private,38250,8002,no,10.0,0,no,no,Booking (hotel/apartment filter),https://www.booking.com/hotel/jp/chi-dai-3ding-mu-stay.html?checkin=2026-11-14&checkout=2026-11-15&group_adults=2&no_rooms=1&selected_currency=JPY
2026-11-14,Sat,2026-11-15,Ikebukuro 3-Chome Stay,,unverified,38250,8002,no,10.0,0,no,no,Booking (review>=8 filter),https://www.booking.com/hotel/jp/chi-dai-3ding-mu-stay.html?checkin=2026-11-14&checkout=2026-11-15&group_adults=2&no_rooms=1&selected_currency=JPY
2026-11-14,Sat,2026-11-15,OMO5 Tokyo Otsuka by Hoshino Resorts,YAGURA Room,private,38291,8010,no,8.8,1371,no,no,Booking (hotel/apartment filter),https://www.booking.com/hotel/jp/xing-ye-rizoto-omo5-da-zhong.html?checkin=2026-11-14&checkout=2026-11-15&group_adults=2&no_rooms=1&selected_currency=JPY
2026-11-14,Sat,2026-11-15,OMO5 Tokyo Otsuka by Hoshino Resorts,YAGURA Room,unverified,38291,8010,no,8.8,1371,no,no,Booking (review>=8 filter),https://www.booking.com/hotel/jp/xing-ye-rizoto-omo5-da-zhong.html?checkin=2026-11-14&checkout=2026-11-15&group_adults=2&no_rooms=1&selected_currency=JPY
2026-11-14,Sat,2026-11-15,HOTEL LiVEMAX Ikebukuro Ekimae,Double Room with Small Double Bed - Smoking,private,38463,8046,no,6.8,152,yes,no,Booking (hotel/apartment filter),https://www.booking.com/hotel/jp/hoteruribumatukusuchi-dai-yi-qian.html?checkin=2026-11-14&checkout=2026-11-15&group_adults=2&no_rooms=1&selected_currency=JPY
2026-11-14,Sat,2026-11-15,HOTEL LiVEMAX Tokyo-Otsuka Ekimae,Single Room with Small Double Bed - Smoking,private,38463,8046,no,7.2,169,yes,no,Booking (hotel/apartment filter),https://www.booking.com/hotel/jp/livemax-tokyo-otsuka-ekimae.html?checkin=2026-11-14&checkout=2026-11-15&group_adults=2&no_rooms=1&selected_currency=JPY
2026-11-14,Sat,2026-11-15,Hotel Metropolitan Tokyo Ikebukuro,Standard Queen Room - Non-Smoking,private,38665,8089,no,8.8,3049,yes,no,Booking (hotel/apartment filter),https://www.booking.com/hotel/jp/metropolitan-tokyo.html?checkin=2026-11-14&checkout=2026-11-15&group_adults=2&no_rooms=1&selected_currency=JPY
2026-11-14,Sat,2026-11-15,Hotel Metropolitan Tokyo Ikebukuro,Standard Queen Room - Non-Smoking,unverified,38665,8089,no,8.8,3049,yes,no,Booking (review>=8 filter),https://www.booking.com/hotel/jp/metropolitan-tokyo.html?checkin=2026-11-14&checkout=2026-11-15&group_adults=2&no_rooms=1&selected_currency=JPY
2026-11-14,Sat,2026-11-15,Yume No Yado Irodori 127t,Villa,unverified,39212,8203,no,,0,yes,no,Booking (review>=8 filter),https://www.booking.com/hotel/jp/127t-meng-nosu-cai-ri-3ldkyi-xuan-jia-dai-qie-chi-dai-yi-tu-bu-10fen-siyotupingu.html?checkin=2026-11-14&checkout=2026-11-15&group_adults=2&no_rooms=1&selected_currency=JPY
2026-11-14,Sat,2026-11-15,Wellsquareism Ikebukuro East,One-Bedroom Apartment,unverified,39896,8346,no,8.7,41,yes,no,Booking (review>=8 filter),https://www.booking.com/hotel/jp/well-square-ikebukuro-east.html?checkin=2026-11-14&checkout=2026-11-15&group_adults=2&no_rooms=1&selected_currency=JPY
2026-11-14,Sat,2026-11-15,Dormy Inn Ikebukuro - Natural Hot Spring,Late Escape Deal,private,40818,8539,no,8.7,1808,yes,no,Booking (hotel/apartment filter),https://www.booking.com/hotel/jp/domiinchi-dai.html?checkin=2026-11-14&checkout=2026-11-15&group_adults=2&no_rooms=1&selected_currency=JPY
2026-11-14,Sat,2026-11-15,Dormy Inn Ikebukuro - Natural Hot Spring,Late Escape Deal,unverified,40818,8539,no,8.7,1808,yes,no,Booking (review>=8 filter),https://www.booking.com/hotel/jp/domiinchi-dai.html?checkin=2026-11-14&checkout=2026-11-15&group_adults=2&no_rooms=1&selected_currency=JPY
2026-11-14,Sat,2026-11-15,"F2 Ikebukuro Business District hotel, 9 mins to ST Max 4P 池袋商务区 全新装修 交通中心 车站9分钟 最大4人 直达新宿 涉谷 表参道 品川 池袋 上野 代代木 银座 原宿",,private,40909,8558,no,,0,no,no,Booking (hotel/apartment filter),https://www.booking.com/hotel/jp/f2-ikebukuro-business-district-9-mins-to-st-max-4p-chi-dai-shang-wu-qu-quan-xin.html?checkin=2026-11-14&checkout=2026-11-15&group_adults=2&no_rooms=1&selected_currency=JPY
2026-11-14,Sat,2026-11-15,Hotel Moana Otsuka (Adult Only),Quadruple Room,unverified,41091,8596,no,8.0,303,yes,no,Booking (review>=8 filter),https://www.booking.com/hotel/jp/hoteru-moana-otsuka.html?checkin=2026-11-14&checkout=2026-11-15&group_adults=2&no_rooms=1&selected_currency=JPY
2026-11-14,Sat,2026-11-15,"9-min walk to Ikebukuro Station, 1-min walk to Kanamecho Station Max 8 guests 70 sqm Free parking Direct access to Shinjuku, Shibuya, Ueno",Two-Bedroom Apartment,private,42751,8944,no,8.8,6,no,no,Booking (hotel/apartment filter),https://www.booking.com/hotel/jp/9-min-walk-to-ikebukuro-station-1-min-walk-to-kanamecho-station-max-8-guests-70.html?checkin=2026-11-14&checkout=2026-11-15&group_adults=2&no_rooms=1&selected_currency=JPY
2026-11-14,Sat,2026-11-15,"9-min walk to Ikebukuro Station, 1-min walk to Kanamecho Station Max 8 guests 70 sqm Free parking Direct access to Shinjuku, Shibuya, Ueno",Two-Bedroom Apartment,unverified,42751,8944,no,8.8,6,no,no,Booking (review>=8 filter),https://www.booking.com/hotel/jp/9-min-walk-to-ikebukuro-station-1-min-walk-to-kanamecho-station-max-8-guests-70.html?checkin=2026-11-14&checkout=2026-11-15&group_adults=2&no_rooms=1&selected_currency=JPY
2026-11-14,Sat,2026-11-15,Wellsquareism Ikebukuro East,One-Bedroom Apartment,private,44883,9390,no,8.7,41,yes,no,Booking (hotel/apartment filter),https://www.booking.com/hotel/jp/well-square-ikebukuro-east.html?checkin=2026-11-14&checkout=2026-11-15&group_adults=2&no_rooms=1&selected_currency=JPY
2026-11-14,Sat,2026-11-15,Corpo Okazaki 302 - Vacation STAY 20120,,private,53752,11245,no,,0,yes,no,Booking (hotel/apartment filter),https://www.booking.com/hotel/jp/corpo-okazaki-302-vacation-stay-20120.html?checkin=2026-11-14&checkout=2026-11-15&group_adults=2&no_rooms=1&selected_currency=JPY
2026-11-14,Sat,2026-11-15,Hotel フルール301,,private,58500,12238,no,,0,no,no,Booking (hotel/apartment filter),https://www.booking.com/hotel/jp/hururu-toshima-city.html?checkin=2026-11-14&checkout=2026-11-15&group_adults=2&no_rooms=1&selected_currency=JPY
2026-11-14,Sat,2026-11-15,hotel hisoca ikebukuro,King Room,private,66055,13819,no,9.3,327,yes,no,Booking (hotel/apartment filter),https://www.booking.com/hotel/jp/hisoca.html?checkin=2026-11-14&checkout=2026-11-15&group_adults=2&no_rooms=1&selected_currency=JPY
2026-11-14,Sat,2026-11-15,hotel hisoca ikebukuro,King Room,unverified,66055,13819,no,9.3,327,yes,no,Booking (review>=8 filter),https://www.booking.com/hotel/jp/hisoca.html?checkin=2026-11-14&checkout=2026-11-15&group_adults=2&no_rooms=1&selected_currency=JPY
2026-11-14,Sat,2026-11-15,Ikebukuro 3 Chome,Villa,private,67409,14102,no,9.5,2,yes,no,Booking (hotel/apartment filter),https://www.booking.com/hotel/jp/ikebukuro-3-chome.html?checkin=2026-11-14&checkout=2026-11-15&group_adults=2&no_rooms=1&selected_currency=JPY
2026-11-14,Sat,2026-11-15,Ikebukuro 3 Chome,Villa,unverified,67409,14102,no,9.5,2,yes,no,Booking (review>=8 filter),https://www.booking.com/hotel/jp/ikebukuro-3-chome.html?checkin=2026-11-14&checkout=2026-11-15&group_adults=2&no_rooms=1&selected_currency=JPY
2026-11-14,Sat,2026-11-15,Corpo Okazaki - Vacation STAY 20516,,private,74864,15662,no,8.0,0,yes,no,Booking (hotel/apartment filter),https://www.booking.com/hotel/jp/corpo-okazaki-vacation-stay-20516.html?checkin=2026-11-14&checkout=2026-11-15&group_adults=2&no_rooms=1&selected_currency=JPY
2026-11-14,Sat,2026-11-15,Corpo Okazaki - Vacation STAY 20516,,unverified,74864,15662,no,8.0,0,yes,no,Booking (review>=8 filter),https://www.booking.com/hotel/jp/corpo-okazaki-vacation-stay-20516.html?checkin=2026-11-14&checkout=2026-11-15&group_adults=2&no_rooms=1&selected_currency=JPY
2026-11-14,Sat,2026-11-15,MIMARU Tokyo Ikebukuro,One-Bedroom Japanese Apartment,private,75240,15740,no,9.1,1045,yes,no,Booking (hotel/apartment filter),https://www.booking.com/hotel/jp/mimarudong-jing-chi-dai.html?checkin=2026-11-14&checkout=2026-11-15&group_adults=2&no_rooms=1&selected_currency=JPY
2026-11-14,Sat,2026-11-15,MIMARU Tokyo Ikebukuro,One-Bedroom Japanese Apartment,unverified,75240,15740,no,9.1,1045,yes,no,Booking (review>=8 filter),https://www.booking.com/hotel/jp/mimarudong-jing-chi-dai.html?checkin=2026-11-14&checkout=2026-11-15&group_adults=2&no_rooms=1&selected_currency=JPY
2026-11-14,Sat,2026-11-15,Hotel Bellclassic Tokyo,Comfort Single Room - Non-Smoking,private,81818,17116,no,8.9,43,yes,no,Booking (hotel/apartment filter),https://www.booking.com/hotel/jp/bellclassic.html?checkin=2026-11-14&checkout=2026-11-15&group_adults=2&no_rooms=1&selected_currency=JPY
2026-11-14,Sat,2026-11-15,Hotel Bellclassic Tokyo,Comfort Single Room - Non-Smoking,unverified,81818,17116,no,8.9,43,yes,no,Booking (review>=8 filter),https://www.booking.com/hotel/jp/bellclassic.html?checkin=2026-11-14&checkout=2026-11-15&group_adults=2&no_rooms=1&selected_currency=JPY
2026-11-14,Sat,2026-11-15,Felizstay Ikebukuro,New to Booking.com,private,88009,18411,no,,0,yes,no,Booking (hotel/apartment filter),https://www.booking.com/hotel/jp/felizstay-ikebukuro.html?checkin=2026-11-14&checkout=2026-11-15&group_adults=2&no_rooms=1&selected_currency=JPY
2026-11-14,Sat,2026-11-15,Felizstay Ikebukuro,New to Booking.com,unverified,88009,18411,no,,0,yes,no,Booking (review>=8 filter),https://www.booking.com/hotel/jp/felizstay-ikebukuro.html?checkin=2026-11-14&checkout=2026-11-15&group_adults=2&no_rooms=1&selected_currency=JPY
2026-11-14,Sat,2026-11-15,8路線使用可能！アクセス抜群/池袋駅より徒歩5分/最大11名/Wi-Fi完備/まるごと3LDK,Three-Bedroom Apartment,private,205002,42886,no,8.6,39,yes,no,Booking (hotel/apartment filter),https://www.booking.com/hotel/jp/8lu-xian-shi-yong-ke-neng-akusesuba-qun-chi-dai-yi-yoritu-bu-5fen-zui-da-11ming.html?checkin=2026-11-14&checkout=2026-11-15&group_adults=2&no_rooms=1&selected_currency=JPY
2026-11-14,Sat,2026-11-15,8路線使用可能！アクセス抜群/池袋駅より徒歩5分/最大11名/Wi-Fi完備/まるごと3LDK,Three-Bedroom Apartment,unverified,205002,42886,no,8.6,39,yes,no,Booking (review>=8 filter),https://www.booking.com/hotel/jp/8lu-xian-shi-yong-ke-neng-akusesuba-qun-chi-dai-yi-yoritu-bu-5fen-zui-da-11ming.html?checkin=2026-11-14&checkout=2026-11-15&group_adults=2&no_rooms=1&selected_currency=JPY
2026-11-14,Sat,2026-11-15,Luna Nest Ikebukuro,,private,818181,171163,no,,0,no,no,Booking (hotel/apartment filter),https://www.booking.com/hotel/jp/luna-nest-ikebukuro.html?checkin=2026-11-14&checkout=2026-11-15&group_adults=2&no_rooms=1&selected_currency=JPY
2026-11-14,Sat,2026-11-15,"4-5F Ikebukuro Business District hotel, 9 mins to ST Max 4P 池袋商务区 全新装修 交通中心 车站9分钟 最大4人 直达新宿 涉谷 表参道 品川 池袋 上野 代代木 银座 原宿",,private,818182,171164,no,,0,no,no,Booking (hotel/apartment filter),https://www.booking.com/hotel/jp/4f-ikebukuro-business-district-9-mins-to-st-max-4p-chi-dai-shang-wu-qu-quan-xin.html?checkin=2026-11-14&checkout=2026-11-15&group_adults=2&no_rooms=1&selected_currency=JPY
2026-11-15,Sun,2026-11-16,Business Hotel Kankokukan - Vacation STAY 45862v,Apartment,unverified,7374,1543,yes,8.0,12,yes,no,Booking (review>=8 filter),https://www.booking.com/hotel/jp/business-kankokukan-vacation-stay-45862v.html?checkin=2026-11-15&checkout=2026-11-16&group_adults=2&no_rooms=1&selected_currency=JPY
2026-11-15,Sun,2026-11-16,池袋 4 丁目に位置するHanano Sato Lumiere 新宿 銀座 上野 秋葉原など東京主要観光地へのアクセスが非常に良好です 徒歩圏内に 24 時間コンビニ 銭湯がございます,New to Booking.com,unverified,7622,1595,yes,8.5,2,no,no,Booking (review>=8 filter),https://www.booking.com/hotel/jp/hanano-sato-lumiere.html?checkin=2026-11-15&checkout=2026-11-16&group_adults=2&no_rooms=1&selected_currency=JPY
2026-11-15,Sun,2026-11-16,Tookin house 池袋,Apartment with Balcony,private,7920,1657,yes,7.5,100,no,no,Booking (hotel/apartment filter),https://www.booking.com/hotel/jp/tookin.html?checkin=2026-11-15&checkout=2026-11-16&group_adults=2&no_rooms=1&selected_currency=JPY
2026-11-15,Sun,2026-11-16,Tabist Hotel Florida Ikebukuro,Double Room - Smoking,private,8000,1674,yes,6.7,161,yes,no,Booking (hotel/apartment filter),https://www.booking.com/hotel/jp/florida-dong-jing.html?checkin=2026-11-15&checkout=2026-11-16&group_adults=2&no_rooms=1&selected_currency=JPY
2026-11-15,Sun,2026-11-16,Tabist Hotel Aurora Ikebukuro,Double Room - Smoking,private,8182,1712,yes,6.7,480,yes,no,Booking (hotel/apartment filter),https://www.booking.com/hotel/jp/hoteruorora.html?checkin=2026-11-15&checkout=2026-11-16&group_adults=2&no_rooms=1&selected_currency=JPY
2026-11-15,Sun,2026-11-16,パインセンターハイツ池袋,,private,8182,1712,yes,,0,no,no,Booking (hotel/apartment filter),https://www.booking.com/hotel/jp/painsentahaituchi-dai.html?checkin=2026-11-15&checkout=2026-11-16&group_adults=2&no_rooms=1&selected_currency=JPY
2026-11-15,Sun,2026-11-16,Aqua Blue Otsuka 102 JR Otsuka station 6mins,,private,8280,1732,yes,,0,no,no,Booking (hotel/apartment filter),https://www.booking.com/hotel/jp/aqua-blue-otsuka-102-jr-otsuka-station-6mins.html?checkin=2026-11-15&checkout=2026-11-16&group_adults=2&no_rooms=1&selected_currency=JPY
2026-11-15,Sun,2026-11-16,クオリティハイツ101号室,Studio,private,8364,1750,yes,7.0,11,no,no,Booking (hotel/apartment filter),https://www.booking.com/hotel/jp/kuoriteihaitu101hao-shi.html?checkin=2026-11-15&checkout=2026-11-16&group_adults=2&no_rooms=1&selected_currency=JPY
2026-11-15,Sun,2026-11-16,Hotel Suntargas Otsuka - Vacation STAY 08516v,Studio,private,8455,1769,yes,6.0,2,yes,no,Booking (hotel/apartment filter),https://www.booking.com/hotel/jp/suntargas-otsuka-vacation-stay-08516v.html?checkin=2026-11-15&checkout=2026-11-16&group_adults=2&no_rooms=1&selected_currency=JPY
2026-11-15,Sun,2026-11-16,Hotel Suntargas Otsuka - Vacation STAY 08508v,Studio,private,8455,1769,yes,6.5,2,yes,no,Booking (hotel/apartment filter),https://www.booking.com/hotel/jp/suntargas-otsuka-vacation-stay-08508v.html?checkin=2026-11-15&checkout=2026-11-16&group_adults=2&no_rooms=1&selected_currency=JPY
2026-11-15,Sun,2026-11-16,Hotel Suntargas Otsuka - Vacation STAY 08520v,Studio,private,8455,1769,yes,5.5,2,yes,no,Booking (hotel/apartment filter),https://www.booking.com/hotel/jp/suntargas-otsuka-vacation-stay-08520v.html?checkin=2026-11-15&checkout=2026-11-16&group_adults=2&no_rooms=1&selected_currency=JPY
2026-11-15,Sun,2026-11-16,アイリスコート,One-Bedroom Apartment,private,8469,1772,yes,9.3,17,no,no,Booking (hotel/apartment filter),https://www.booking.com/hotel/jp/airisukoto101hao-shi.html?checkin=2026-11-15&checkout=2026-11-16&group_adults=2&no_rooms=1&selected_currency=JPY
2026-11-15,Sun,2026-11-16,アイリスコート,One-Bedroom Apartment,unverified,8469,1772,yes,9.3,17,no,no,Booking (review>=8 filter),https://www.booking.com/hotel/jp/airisukoto101hao-shi.html?checkin=2026-11-15&checkout=2026-11-16&group_adults=2&no_rooms=1&selected_currency=JPY
2026-11-15,Sun,2026-11-16,Green Hill,One-Bedroom Apartment,private,8473,1773,yes,5.1,56,yes,no,Booking (hotel/apartment filter),https://www.booking.com/hotel/jp/green-hill-dong-jing-du.html?checkin=2026-11-15&checkout=2026-11-16&group_adults=2&no_rooms=1&selected_currency=JPY
2026-11-15,Sun,2026-11-16,Sakura Cherry otsuka 101 JR Otsuka station 6min,,private,8640,1807,yes,,0,no,no,Booking (hotel/apartment filter),https://www.booking.com/hotel/jp/sakura-cherry-otsuka-101-jr-otsuka-station-6min.html?checkin=2026-11-15&checkout=2026-11-16&group_adults=2&no_rooms=1&selected_currency=JPY
2026-11-15,Sun,2026-11-16,クオリティハイツ池袋駅西口至近,One-Bedroom Apartment,private,8782,1837,yes,7.1,39,no,no,Booking (hotel/apartment filter),https://www.booking.com/hotel/jp/kuoriteihaituchi-dai-yi-xi-kou-zhi-jin.html?checkin=2026-11-15&checkout=2026-11-16&group_adults=2&no_rooms=1&selected_currency=JPY
2026-11-15,Sun,2026-11-16,Otsuka Town Hotel,Double Room - Non-Smoking,private,8909,1864,yes,6.9,23,yes,no,Booking (hotel/apartment filter),https://www.booking.com/hotel/jp/6102447.html?checkin=2026-11-15&checkout=2026-11-16&group_adults=2&no_rooms=1&selected_currency=JPY
2026-11-15,Sun,2026-11-16,愛の屋ホテル池袋,One-Bedroom Apartment,private,9000,1883,yes,3.6,9,no,no,Booking (hotel/apartment filter),https://www.booking.com/hotel/jp/ai-nowu-hoteruchi-dai.html?checkin=2026-11-15&checkout=2026-11-16&group_adults=2&no_rooms=1&selected_currency=JPY
2026-11-15,Sun,2026-11-16,Ikebukuro Base,One-Bedroom Apartment,private,9041,1891,yes,6.5,32,no,no,Booking (hotel/apartment filter),https://www.booking.com/hotel/jp/ikebukuro-base.html?checkin=2026-11-15&checkout=2026-11-16&group_adults=2&no_rooms=1&selected_currency=JPY
2026-11-15,Sun,2026-11-16,池袋駅至近！静かで独立した生活空間（クオリティハイツ）,One-Bedroom Apartment,private,9068,1897,yes,6.0,46,no,no,Booking (hotel/apartment filter),https://www.booking.com/hotel/jp/chi-dai-yi-zhi-jin-jing-kadedu-li-sitasheng-huo-kong-jian-kuoriteihaitu.html?checkin=2026-11-15&checkout=2026-11-16&group_adults=2&no_rooms=1&selected_currency=JPY
2026-11-15,Sun,2026-11-16,House Ikebukuro,Japanese Style Economy Room,shared,9091,1902,yes,8.4,1381,yes,no,Booking (hotel/apartment filter),https://www.booking.com/hotel/jp/house-ikebukuro.html?checkin=2026-11-15&checkout=2026-11-16&group_adults=2&no_rooms=1&selected_currency=JPY
2026-11-15,Sun,2026-11-16,House Ikebukuro,Japanese Style Economy Room,shared,9091,1902,yes,8.4,1381,yes,no,Booking (review>=8 filter),https://www.booking.com/hotel/jp/house-ikebukuro.html?checkin=2026-11-15&checkout=2026-11-16&group_adults=2&no_rooms=1&selected_currency=JPY
2026-11-15,Sun,2026-11-16,japan house Ikebukuro 2,Double Room with Private Bathroom,private,9614,2011,yes,8.5,249,no,no,Booking (hotel/apartment filter),https://www.booking.com/hotel/jp/japan-house-ikebukuro-2-toshima-city.html?checkin=2026-11-15&checkout=2026-11-16&group_adults=2&no_rooms=1&selected_currency=JPY
2026-11-15,Sun,2026-11-16,japan house Ikebukuro 2,Double Room with Private Bathroom,unverified,9614,2011,yes,8.5,249,no,no,Booking (review>=8 filter),https://www.booking.com/hotel/jp/japan-house-ikebukuro-2-toshima-city.html?checkin=2026-11-15&checkout=2026-11-16&group_adults=2&no_rooms=1&selected_currency=JPY
2026-11-15,Sun,2026-11-16,Toyoko Inn Ikebukuro Kita-guchi No.2,plan price (breakfast included),private,9690,2027,yes,8.2,761,yes,yes,Toyoko Inn official site,https://www.toyoko-inn.com/eng/search/detail/00007/
2026-11-15,Sun,2026-11-16,Hotel Amethyst,Double Room - Smoking,private,9818,2054,yes,6.4,75,yes,no,Booking (hotel/apartment filter),https://www.booking.com/hotel/jp/hoteru-amezisuto.html?checkin=2026-11-15&checkout=2026-11-16&group_adults=2&no_rooms=1&selected_currency=JPY
2026-11-15,Sun,2026-11-16,愛の屋民泊池袋,One-Bedroom Apartment,private,9818,2054,yes,6.2,45,no,no,Booking (hotel/apartment filter),https://www.booking.com/hotel/jp/ai-nowu-min-bo-chi-dai.html?checkin=2026-11-15&checkout=2026-11-16&group_adults=2&no_rooms=1&selected_currency=JPY
2026-11-15,Sun,2026-11-16,Excellent Access to Shinjuku Shibuya and Ginza 30 Seconds from Higashi Ikebukuro Station Steps from Sunshine City Fully Equipped Comfortable Studio for Up to 3 Guests,,private,9818,2054,yes,,0,yes,no,Booking (hotel/apartment filter),https://www.booking.com/hotel/jp/excellent-access-to-shinjuku-shibuya-and-ginza-30-seconds-from-higashi-ikebukuro.html?checkin=2026-11-15&checkout=2026-11-16&group_adults=2&no_rooms=1&selected_currency=JPY
2026-11-15,Sun,2026-11-16,Hotel en ホテル エン-Adult Only-,,unverified,10000,2092,yes,9.0,0,yes,no,Booking (review>=8 filter),https://www.booking.com/hotel/jp/en-hoteruen.html?checkin=2026-11-15&checkout=2026-11-16&group_adults=2&no_rooms=1&selected_currency=JPY
2026-11-15,Sun,2026-11-16,"7-minute walk from Otsuka Station,Yamanote Line 3-person Shared garden",Double Room,unverified,10000,2092,yes,9.2,8,yes,no,Booking (review>=8 filter),https://www.booking.com/hotel/jp/7-minute-walk-from-otsuka-station.html?checkin=2026-11-15&checkout=2026-11-16&group_adults=2&no_rooms=1&selected_currency=JPY
2026-11-15,Sun,2026-11-16,Garden square,One-Bedroom Apartment,private,10040,2100,yes,7.3,27,no,no,Booking (hotel/apartment filter),https://www.booking.com/hotel/jp/gadensukuea.html?checkin=2026-11-15&checkout=2026-11-16&group_adults=2&no_rooms=1&selected_currency=JPY
2026-11-15,Sun,2026-11-16,Ikebukuro home 18,Two-Bedroom Apartment,private,10105,2114,yes,6.2,12,no,no,Booking (hotel/apartment filter),https://www.booking.com/hotel/jp/ikebukuro-coze-home.html?checkin=2026-11-15&checkout=2026-11-16&group_adults=2&no_rooms=1&selected_currency=JPY
2026-11-15,Sun,2026-11-16,池袋 Aurora 7,One-Bedroom Apartment,private,10105,2114,yes,7.3,16,no,no,Booking (hotel/apartment filter),https://www.booking.com/hotel/jp/chi-dai-yi-zui-da-6ren-b09.html?checkin=2026-11-15&checkout=2026-11-16&group_adults=2&no_rooms=1&selected_currency=JPY
2026-11-15,Sun,2026-11-16,Toyoko Inn Ikebukuro Kita-guchi No.2,plan price (breakfast included),private,10200,2134,yes,8.2,761,yes,yes,Toyoko Inn official site,https://www.toyoko-inn.com/eng/search/detail/00007/
2026-11-15,Sun,2026-11-16,Hananogo Ikebukuro - Vacation STAY 16064v,,private,10255,2145,yes,5.0,0,yes,no,Booking (hotel/apartment filter),https://www.booking.com/hotel/jp/hananogo-ikebukuro-vacation-stay-16064v.html?checkin=2026-11-15&checkout=2026-11-16&group_adults=2&no_rooms=1&selected_currency=JPY
2026-11-15,Sun,2026-11-16,Ryoma Ikebukuro male only -Guest House - Vacation STAY 14547v,Holiday Home,private,10275,2150,yes,4.4,18,yes,no,Booking (hotel/apartment filter),https://www.booking.com/hotel/jp/ryoma-ikebukuro-guest-house-vacation-stay-14547v.html?checkin=2026-11-15&checkout=2026-11-16&group_adults=2&no_rooms=1&selected_currency=JPY
2026-11-15,Sun,2026-11-16,Ryoma Ikebukuro female only Guest House Vacation STAY 16032v,Holiday Home,private,10275,2150,yes,5.4,25,yes,no,Booking (hotel/apartment filter),https://www.booking.com/hotel/jp/ryoma-ikebukuro-guest-house-vacation-stay-16032v.html?checkin=2026-11-15&checkout=2026-11-16&group_adults=2&no_rooms=1&selected_currency=JPY
2026-11-15,Sun,2026-11-16,KOKO HOTEL Ikebukuro East,Standard Double Room - Non-Smoking,private,10473,2191,yes,8.4,1366,yes,no,Booking (hotel/apartment filter),https://www.booking.com/hotel/jp/wing-international-ikebukuro.html?checkin=2026-11-15&checkout=2026-11-16&group_adults=2&no_rooms=1&selected_currency=JPY
2026-11-15,Sun,2026-11-16,KOKO HOTEL Ikebukuro East,Standard Double Room - Non-Smoking,unverified,10473,2191,yes,8.4,1366,yes,no,Booking (review>=8 filter),https://www.booking.com/hotel/jp/wing-international-ikebukuro.html?checkin=2026-11-15&checkout=2026-11-16&group_adults=2&no_rooms=1&selected_currency=JPY
2026-11-15,Sun,2026-11-16,Kimi Ryokan,Twin Room,shared,10500,2197,yes,8.3,1035,yes,no,Booking (review>=8 filter),https://www.booking.com/hotel/jp/kimi-ryokan.html?checkin=2026-11-15&checkout=2026-11-16&group_adults=2&no_rooms=1&selected_currency=JPY
2026-11-15,Sun,2026-11-16,Karasawa Hotel,One-Bedroom Apartment,private,10530,2203,yes,6.4,39,no,no,Booking (hotel/apartment filter),https://www.booking.com/hotel/jp/tang-ze-hoteru-karasawa.html?checkin=2026-11-15&checkout=2026-11-16&group_adults=2&no_rooms=1&selected_currency=JPY
2026-11-15,Sun,2026-11-16,Toyoko Inn Tokyo Otsuka-eki Kita-guchi No 1,Double Room - Non-Smoking,private,10595,2216,yes,7.2,65,yes,yes,Booking (hotel/apartment filter),https://www.booking.com/hotel/jp/toyoko-inn-tokyo-otsuka-eki-kita-guchi-no-1-tokyo.html?checkin=2026-11-15&checkout=2026-11-16&group_adults=2&no_rooms=1&selected_currency=JPY
2026-11-15,Sun,2026-11-16,HOTEL CHECK INN BALI adult only,Economy Double Room,private,10636,2225,yes,7.2,316,yes,no,Booking (hotel/apartment filter),https://www.booking.com/hotel/jp/check-inn-bali.html?checkin=2026-11-15&checkout=2026-11-16&group_adults=2&no_rooms=1&selected_currency=JPY
2026-11-15,Sun,2026-11-16,"7-minute walk from Otsuka Station,Yamanote Line 3-person Shared garden",One-Bedroom Apartment,private,10636,2225,yes,9.2,8,no,no,Booking (hotel/apartment filter),https://www.booking.com/hotel/jp/7-minute-walk-from-otsuka-station.html?checkin=2026-11-15&checkout=2026-11-16&group_adults=2&no_rooms=1&selected_currency=JPY
2026-11-15,Sun,2026-11-16,Otsuka 7 mins one stop to Ikebukuro mansion with garden,One-Bedroom Apartment,private,10636,2225,yes,7.1,6,no,no,Booking (hotel/apartment filter),https://www.booking.com/hotel/jp/otsuka-7-mins.html?checkin=2026-11-15&checkout=2026-11-16&group_adults=2&no_rooms=1&selected_currency=JPY
2026-11-15,Sun,2026-11-16,HOTEL MYSTAYS Higashi Ikebukuro,Superior Semi Double - Non-Smoking - House Keeping is Optional with Additional Cost,private,10655,2229,yes,8.3,1699,yes,no,Booking (hotel/apartment filter),https://www.booking.com/hotel/jp/flexstay-higashi-ikebukuro-inn.html?checkin=2026-11-15&checkout=2026-11-16&group_adults=2&no_rooms=1&selected_currency=JPY
2026-11-15,Sun,2026-11-16,HOTEL MYSTAYS Higashi Ikebukuro,Superior Semi Double - Non-Smoking - House Keeping is Optional with Additional Cost,unverified,10655,2229,yes,8.3,1699,yes,no,Booking (review>=8 filter),https://www.booking.com/hotel/jp/flexstay-higashi-ikebukuro-inn.html?checkin=2026-11-15&checkout=2026-11-16&group_adults=2&no_rooms=1&selected_currency=JPY
2026-11-15,Sun,2026-11-16,HOTEL PARK SIDE,Standard Double Room,private,10727,2244,yes,7.5,71,yes,no,Booking (hotel/apartment filter),https://www.booking.com/hotel/jp/park-side-dong-jing.html?checkin=2026-11-15&checkout=2026-11-16&group_adults=2&no_rooms=1&selected_currency=JPY
2026-11-15,Sun,2026-11-16,Hananogo Ikebukuro - Vacation STAY 16082v,Studio,private,10863,2273,yes,7.0,5,yes,no,Booking (hotel/apartment filter),https://www.booking.com/hotel/jp/hananogo-ikebukuro-vacation-stay-16082v.html?checkin=2026-11-15&checkout=2026-11-16&group_adults=2&no_rooms=1&selected_currency=JPY
2026-11-15,Sun,2026-11-16,Hotel Moana Otsuka (Adult Only),Small Double Room,unverified,10909,2282,yes,8.0,303,yes,no,Booking (review>=8 filter),https://www.booking.com/hotel/jp/hoteru-moana-otsuka.html?checkin=2026-11-15&checkout=2026-11-16&group_adults=2&no_rooms=1&selected_currency=JPY
2026-11-15,Sun,2026-11-16,Toyoko Inn Tokyo Yamanote sen Otsuka eki Kita guchi No 2,Double Room - Non-Smoking,private,10977,2296,yes,8.1,384,yes,yes,Booking (hotel/apartment filter),https://www.booking.com/hotel/jp/toyoko-inn-tokyo-yamanote-sen-otsuka-eki-kita-guchi-no-2.html?checkin=2026-11-15&checkout=2026-11-16&group_adults=2&no_rooms=1&selected_currency=JPY
2026-11-15,Sun,2026-11-16,Toyoko Inn Tokyo Yamanote sen Otsuka eki Kita guchi No 2,Double Room - Non-Smoking,unverified,10977,2296,yes,8.1,384,yes,yes,Booking (review>=8 filter),https://www.booking.com/hotel/jp/toyoko-inn-tokyo-yamanote-sen-otsuka-eki-kita-guchi-no-2.html?checkin=2026-11-15&checkout=2026-11-16&group_adults=2&no_rooms=1&selected_currency=JPY
2026-11-15,Sun,2026-11-16,IKEBUKURO MANGA HOUSE,One-Bedroom Apartment,private,11162,2335,yes,7.8,169,yes,no,Booking (hotel/apartment filter),https://www.booking.com/hotel/jp/ikebukuro-manga-house.html?checkin=2026-11-15&checkout=2026-11-16&group_adults=2&no_rooms=1&selected_currency=JPY
2026-11-15,Sun,2026-11-16,Toyoko Inn Ikebukuro Kita-guchi No.1,plan price (breakfast included),private,11210,2345,yes,8.2,761,yes,yes,Toyoko Inn official site,https://www.toyoko-inn.com/eng/search/detail/00096/
2026-11-15,Sun,2026-11-16,Toyoko Inn Ikebukuro Kita-guchi No.2,plan price (breakfast included),private,11210,2345,yes,8.2,761,yes,yes,Toyoko Inn official site,https://www.toyoko-inn.com/eng/search/detail/00007/
2026-11-15,Sun,2026-11-16,Frame HIGASHI IKEBUKURO,Double or Twin Room,unverified,11230,2349,yes,8.6,31,no,no,Booking (review>=8 filter),https://www.booking.com/hotel/jp/frame-higashiikebukuro.html?checkin=2026-11-15&checkout=2026-11-16&group_adults=2&no_rooms=1&selected_currency=JPY
2026-11-15,Sun,2026-11-16,雲海301 要町駅徒歩7分 池袋バスまで6分 かわいい部屋 最大4名,,private,11232,2350,yes,,0,no,no,Booking (hotel/apartment filter),https://www.booking.com/hotel/jp/tiikawanojia-yao-ting-yi-tu-bu-7fen-chi-dai-basumade6fen-kawaiibu-wu-zui-da-4min.html?checkin=2026-11-15&checkout=2026-11-16&group_adults=2&no_rooms=1&selected_currency=JPY
2026-11-15,Sun,2026-11-16,Toyoko Inn Tokyo Ikebukuro Kita guchi No 2,Double Room - Non-Smoking,private,11455,2396,yes,7.9,1845,yes,yes,Booking (hotel/apartment filter),https://www.booking.com/hotel/jp/toyoko-inn-tokyo-ikebukuro-kita-guchi-no-2-tokyo.html?checkin=2026-11-15&checkout=2026-11-16&group_adults=2&no_rooms=1&selected_currency=JPY
2026-11-15,Sun,2026-11-16,Washington R&B Hotel Otsuka Eki Kitaguchi,Double Room with Small Double Bed - Non-Smoking,private,11523,2411,yes,8.2,953,yes,no,Booking (hotel/apartment filter),https://www.booking.com/hotel/jp/r-and-b-otsukaeki-kitaguchi.html?checkin=2026-11-15&checkout=2026-11-16&group_adults=2&no_rooms=1&selected_currency=JPY
2026-11-15,Sun,2026-11-16,Washington R&B Hotel Otsuka Eki Kitaguchi,Double Room with Small Double Bed - Non-Smoking,unverified,11523,2411,yes,8.2,953,yes,no,Booking (review>=8 filter),https://www.booking.com/hotel/jp/r-and-b-otsukaeki-kitaguchi.html?checkin=2026-11-15&checkout=2026-11-16&group_adults=2&no_rooms=1&selected_currency=JPY
2026-11-15,Sun,2026-11-16,Hotel Suntargas Otsuka - Vacation STAY 08513v,Studio,private,11636,2434,yes,6.6,19,yes,no,Booking (hotel/apartment filter),https://www.booking.com/hotel/jp/suntargas-otsuka-vacation-stay-08513v.html?checkin=2026-11-15&checkout=2026-11-16&group_adults=2&no_rooms=1&selected_currency=JPY
2026-11-15,Sun,2026-11-16,Hotel Suntargas Otsuka - Vacation STAY 08518v,Studio,private,11636,2434,yes,7.3,4,yes,no,Booking (hotel/apartment filter),https://www.booking.com/hotel/jp/suntargas-otsuka-vacation-stay-08518v.html?checkin=2026-11-15&checkout=2026-11-16&group_adults=2&no_rooms=1&selected_currency=JPY
2026-11-15,Sun,2026-11-16,Garden Otsuka,Late Escape Deal,private,11664,2440,yes,7.0,182,no,no,Booking (hotel/apartment filter),https://www.booking.com/hotel/jp/garden-otsuka-203.html?checkin=2026-11-15&checkout=2026-11-16&group_adults=2&no_rooms=1&selected_currency=JPY
2026-11-15,Sun,2026-11-16,Toyoko Inn Ikebukuro Kita-guchi No.1,plan price (breakfast included),private,11800,2469,yes,8.2,761,yes,yes,Toyoko Inn official site,https://www.toyoko-inn.com/eng/search/detail/00096/
2026-11-15,Sun,2026-11-16,Toyoko Inn Ikebukuro Kita-guchi No.2,plan price (breakfast included),private,11800,2469,yes,8.2,761,yes,yes,Toyoko Inn official site,https://www.toyoko-inn.com/eng/search/detail/00007/
2026-11-15,Sun,2026-11-16,KOSUMOSU Ikebukuro Shinjuku Private House,Double Room,unverified,11818,2472,yes,8.4,146,no,no,Booking (review>=8 filter),https://www.booking.com/hotel/jp/kosumosu.html?checkin=2026-11-15&checkout=2026-11-16&group_adults=2&no_rooms=1&selected_currency=JPY
2026-11-15,Sun,2026-11-16,雲海201 池袋までバス6分 要町駅徒歩7分 高速WiFi 最大4人,One-Bedroom Apartment,private,11880,2485,yes,8.7,3,no,no,Booking (hotel/apartment filter),https://www.booking.com/hotel/jp/metamonnojia-chi-dai-madebasu6fen-yao-ting-yi-tu-bu-7fen-gao-su-wifi-zui-da-4ren.html?checkin=2026-11-15&checkout=2026-11-16&group_adults=2&no_rooms=1&selected_currency=JPY
2026-11-15,Sun,2026-11-16,雲海201 池袋までバス6分 要町駅徒歩7分 高速WiFi 最大4人,One-Bedroom Apartment,unverified,11880,2485,yes,8.7,3,no,no,Booking (review>=8 filter),https://www.booking.com/hotel/jp/metamonnojia-chi-dai-madebasu6fen-yao-ting-yi-tu-bu-7fen-gao-su-wifi-zui-da-4ren.html?checkin=2026-11-15&checkout=2026-11-16&group_adults=2&no_rooms=1&selected_currency=JPY
2026-11-15,Sun,2026-11-16,池袋 Bodo House 9 A5,One-Bedroom Apartment,private,11905,2491,yes,6.9,36,no,no,Booking (hotel/apartment filter),https://www.booking.com/hotel/jp/chi-dai-bodo-house-9.html?checkin=2026-11-15&checkout=2026-11-16&group_adults=2&no_rooms=1&selected_currency=JPY
2026-11-15,Sun,2026-11-16,R&B Hotel Otsuka Eki Kitaguchi - Vacation STAY 40487v,,private,11968,2504,yes,5.0,0,yes,no,Booking (hotel/apartment filter),https://www.booking.com/hotel/jp/r-b-otsuka-eki-kitaguchi-vacation-stay-40487v.html?checkin=2026-11-15&checkout=2026-11-16&group_adults=2&no_rooms=1&selected_currency=JPY
2026-11-15,Sun,2026-11-16,japan house Otsuka,One-Bedroom Apartment,private,12068,2525,yes,9.0,141,no,no,Booking (hotel/apartment filter),https://www.booking.com/hotel/jp/japan-house-otsuka.html?checkin=2026-11-15&checkout=2026-11-16&group_adults=2&no_rooms=1&selected_currency=JPY
2026-11-15,Sun,2026-11-16,japan house Otsuka,One-Bedroom Apartment,unverified,12068,2525,yes,9.0,141,no,no,Booking (review>=8 filter),https://www.booking.com/hotel/jp/japan-house-otsuka.html?checkin=2026-11-15&checkout=2026-11-16&group_adults=2&no_rooms=1&selected_currency=JPY
2026-11-15,Sun,2026-11-16,"Luce Ikebukuro - Cozy APT Stay in Ikebukuro Tokyo, with Direct Access to Shinjuku & Shibuya",Late Escape Deal,private,12081,2527,yes,8.1,68,no,no,Booking (hotel/apartment filter),https://www.booking.com/hotel/jp/lucechi-dai.html?checkin=2026-11-15&checkout=2026-11-16&group_adults=2&no_rooms=1&selected_currency=JPY
2026-11-15,Sun,2026-11-16,"Luce Ikebukuro - Cozy APT Stay in Ikebukuro Tokyo, with Direct Access to Shinjuku & Shibuya",Late Escape Deal,unverified,12081,2527,yes,8.1,68,no,no,Booking (review>=8 filter),https://www.booking.com/hotel/jp/lucechi-dai.html?checkin=2026-11-15&checkout=2026-11-16&group_adults=2&no_rooms=1&selected_currency=JPY
2026-11-15,Sun,2026-11-16,"BRT202 Tokyo City Base, Double Room for Two",,private,12231,2559,yes,1.0,0,yes,no,Booking (hotel/apartment filter),https://www.booking.com/hotel/jp/brt202-ikebukuro-station-apartment-for-2-people-direct-access-to-shinjuku-and-sh.html?checkin=2026-11-15&checkout=2026-11-16&group_adults=2&no_rooms=1&selected_currency=JPY
2026-11-15,Sun,2026-11-16,Garden Otsuka,One-Bedroom Apartment,private,12300,2573,yes,7.9,69,yes,no,Booking (hotel/apartment filter),https://www.booking.com/hotel/jp/garden-otsuka.html?checkin=2026-11-15&checkout=2026-11-16&group_adults=2&no_rooms=1&selected_currency=JPY
2026-11-15,Sun,2026-11-16,ARM ikebukuro,One-Bedroom Apartment,private,12300,2573,yes,8.2,45,yes,no,Booking (hotel/apartment filter),https://www.booking.com/hotel/jp/arm-ikebukuro.html?checkin=2026-11-15&checkout=2026-11-16&group_adults=2&no_rooms=1&selected_currency=JPY
2026-11-15,Sun,2026-11-16,Laurea Tower Ikebukuro,One-Bedroom Apartment,private,12300,2573,yes,7.5,266,yes,no,Booking (hotel/apartment filter),https://www.booking.com/hotel/jp/laurea-tower-ikebukuro.html?checkin=2026-11-15&checkout=2026-11-16&group_adults=2&no_rooms=1&selected_currency=JPY
2026-11-15,Sun,2026-11-16,ARM ikebukuro,One-Bedroom Apartment,unverified,12300,2573,yes,8.2,45,yes,no,Booking (review>=8 filter),https://www.booking.com/hotel/jp/arm-ikebukuro.html?checkin=2026-11-15&checkout=2026-11-16&group_adults=2&no_rooms=1&selected_currency=JPY
2026-11-15,Sun,2026-11-16,Ikebukuro Center# Ikebukuro 5min walk#池袋中心地带# 池袋车站步行5分#无限制wifi#306,,private,12379,2590,yes,9.0,0,no,no,Booking (hotel/apartment filter),https://www.booking.com/hotel/jp/ikebukuro-center-ikebukuro-5min-walk-chi-dai-zhong-xin-di-dai-chi-d-toshima-cit2.html?checkin=2026-11-15&checkout=2026-11-16&group_adults=2&no_rooms=1&selected_currency=JPY
2026-11-15,Sun,2026-11-16,Ikebukuro Center# Ikebukuro 5min walk#池袋中心地带# 池袋车站步行5分#无限制wifi#306,,unverified,12379,2590,yes,9.0,0,no,no,Booking (review>=8 filter),https://www.booking.com/hotel/jp/ikebukuro-center-ikebukuro-5min-walk-chi-dai-zhong-xin-di-dai-chi-d-toshima-cit2.html?checkin=2026-11-15&checkout=2026-11-16&group_adults=2&no_rooms=1&selected_currency=JPY
2026-11-15,Sun,2026-11-16,Super Hotel Ikebukuro-Eki Kitaguchi,Double Room with Small Double Bed,unverified,12418,2598,yes,8.2,841,no,no,Booking (review>=8 filter),https://www.booking.com/hotel/jp/super-hotel-inn-ikebukuroeki-kitaguchi.html?checkin=2026-11-15&checkout=2026-11-16&group_adults=2&no_rooms=1&selected_currency=JPY
2026-11-15,Sun,2026-11-16,R&B Hotel Otsuka Eki Kitaguchi - Vacation STAY 40488v,,private,12429,2600,yes,,0,yes,no,Booking (hotel/apartment filter),https://www.booking.com/hotel/jp/r-b-otsuka-eki-kitaguchi-vacation-stay-40488v.html?checkin=2026-11-15&checkout=2026-11-16&group_adults=2&no_rooms=1&selected_currency=JPY
2026-11-15,Sun,2026-11-16,Ikebukuro Central Hotel,Standard Double Room,private,12545,2624,yes,5.8,225,yes,no,Booking (hotel/apartment filter),https://www.booking.com/hotel/jp/chi-dai-sentoraruhoteru.html?checkin=2026-11-15&checkout=2026-11-16&group_adults=2&no_rooms=1&selected_currency=JPY
2026-11-15,Sun,2026-11-16,ジェミニス池袋303,One-Bedroom Apartment,private,12600,2636,yes,8.5,2,yes,no,Booking (hotel/apartment filter),https://www.booking.com/hotel/jp/zieminisuchi-dai-303.html?checkin=2026-11-15&checkout=2026-11-16&group_adults=2&no_rooms=1&selected_currency=JPY
2026-11-15,Sun,2026-11-16,ジェミニス池袋303,One-Bedroom Apartment,unverified,12600,2636,yes,8.5,2,yes,no,Booking (review>=8 filter),https://www.booking.com/hotel/jp/zieminisuchi-dai-303.html?checkin=2026-11-15&checkout=2026-11-16&group_adults=2&no_rooms=1&selected_currency=JPY
2026-11-15,Sun,2026-11-16,Verde Ikebukuro,One-Bedroom Apartment,private,12756,2669,yes,7.8,60,yes,no,Booking (hotel/apartment filter),https://www.booking.com/hotel/jp/verde-ikebukuro.html?checkin=2026-11-15&checkout=2026-11-16&group_adults=2&no_rooms=1&selected_currency=JPY
2026-11-15,Sun,2026-11-16,Hotel Resol Ikebukuro,Double Room for 2 adults - Smoking,private,12764,2670,yes,7.9,989,yes,no,Booking (hotel/apartment filter),https://www.booking.com/hotel/jp/resol-ikebukuro.html?checkin=2026-11-15&checkout=2026-11-16&group_adults=2&no_rooms=1&selected_currency=JPY
2026-11-15,Sun,2026-11-16,池袋レトロなホテル,Superior Double Room,private,12818,2682,yes,7.8,138,yes,no,Booking (hotel/apartment filter),https://www.booking.com/hotel/jp/aroma-plus.html?checkin=2026-11-15&checkout=2026-11-16&group_adults=2&no_rooms=1&selected_currency=JPY
2026-11-15,Sun,2026-11-16,nestay miriz tokyo ikebukuro,Late Escape Deal,private,12958,2711,yes,8.4,179,no,no,Booking (hotel/apartment filter),https://www.booking.com/hotel/jp/nestay-miriz-tokyo-ikebukuro.html?checkin=2026-11-15&checkout=2026-11-16&group_adults=2&no_rooms=1&selected_currency=JPY
2026-11-15,Sun,2026-11-16,nestay miriz tokyo ikebukuro,Late Escape Deal,unverified,12958,2711,yes,8.4,179,no,no,Booking (review>=8 filter),https://www.booking.com/hotel/jp/nestay-miriz-tokyo-ikebukuro.html?checkin=2026-11-15&checkout=2026-11-16&group_adults=2&no_rooms=1&selected_currency=JPY
2026-11-15,Sun,2026-11-16,Toshima-ku - House - Vacation STAY 17454,,private,12999,2719,yes,,0,yes,no,Booking (hotel/apartment filter),https://www.booking.com/hotel/jp/toshima-ku-house-vacation-stay-17454.html?checkin=2026-11-15&checkout=2026-11-16&group_adults=2&no_rooms=1&selected_currency=JPY
2026-11-15,Sun,2026-11-16,Toyoko Inn Ikebukuro Kita-guchi No.1,plan price (breakfast included),private,13110,2743,yes,8.2,761,yes,yes,Toyoko Inn official site,https://www.toyoko-inn.com/eng/search/detail/00096/
2026-11-15,Sun,2026-11-16,Toyoko Inn Ikebukuro Kita-guchi No.2,plan price (breakfast included),private,13110,2743,yes,8.2,761,yes,yes,Toyoko Inn official site,https://www.toyoko-inn.com/eng/search/detail/00007/
2026-11-15,Sun,2026-11-16,nestay suite tokyo ikebukuro,One-Bedroom Apartment,private,13208,2763,yes,7.5,68,no,no,Booking (hotel/apartment filter),https://www.booking.com/hotel/jp/nestay-suite-tokyo-ikebukuro.html?checkin=2026-11-15&checkout=2026-11-16&group_adults=2&no_rooms=1&selected_currency=JPY
2026-11-15,Sun,2026-11-16,"Ikebukuro 8 min walk, Kanamecho 6 min walk, 25sqm room, 3 guests, Direct access to Shinjuku, Shibuya, Tokyo, Ueno, 3 single beds",One-Bedroom Apartment,private,13271,2776,yes,7.4,5,yes,no,Booking (hotel/apartment filter),https://www.booking.com/hotel/jp/304-8-min-walk-to-ikebukuro-6-min-walk-to-kanamecho-station25m-max-2-people-dire.html?checkin=2026-11-15&checkout=2026-11-16&group_adults=2&no_rooms=1&selected_currency=JPY
2026-11-15,Sun,2026-11-16,"Ikebukuro 8 min walk, Kanamecho 6 min walk, 25sqm room, 2 guests, Direct access to Shinjuku, Shibuya, Tokyo, Ueno, 2 single beds",,private,13271,2776,yes,1.0,0,yes,no,Booking (hotel/apartment filter),https://www.booking.com/hotel/jp/103-8-min-walk-to-ikebukuro-6-min-walk-to-kanamecho-station25m-max-2-people-dire.html?checkin=2026-11-15&checkout=2026-11-16&group_adults=2&no_rooms=1&selected_currency=JPY
2026-11-15,Sun,2026-11-16,R&B Hotel Otsuka Eki Kitaguchi - Vacation STAY 14227v,,private,13273,2777,yes,10.0,0,yes,yes,Booking (hotel/apartment filter),https://www.booking.com/hotel/jp/r-b-otsuka-eki-kitaguchi-vacation-stay-14227v.html?checkin=2026-11-15&checkout=2026-11-16&group_adults=2&no_rooms=1&selected_currency=JPY
2026-11-15,Sun,2026-11-16,R&B Hotel Otsuka Eki Kitaguchi - Vacation STAY 14227v,,unverified,13273,2777,yes,10.0,0,yes,yes,Booking (review>=8 filter),https://www.booking.com/hotel/jp/r-b-otsuka-eki-kitaguchi-vacation-stay-14227v.html?checkin=2026-11-15&checkout=2026-11-16&group_adults=2&no_rooms=1&selected_currency=JPY
2026-11-15,Sun,2026-11-16,SUPER HOTEL Ikebukuro West Natural Hot Spring,Room Selected at Check-In,unverified,13335,2790,yes,8.7,1349,no,yes,Booking (review>=8 filter),https://www.booking.com/hotel/jp/super-hotel-jr-ikebukuro-nishiguchi.html?checkin=2026-11-15&checkout=2026-11-16&group_adults=2&no_rooms=1&selected_currency=JPY
2026-11-15,Sun,2026-11-16,ルチル池袋東京,Late Escape Deal,unverified,13340,2791,yes,8.3,187,no,no,Booking (review>=8 filter),https://www.booking.com/hotel/jp/rutile-ikebukuro.html?checkin=2026-11-15&checkout=2026-11-16&group_adults=2&no_rooms=1&selected_currency=JPY
2026-11-15,Sun,2026-11-16,Reimi Mondo703,Two-Bedroom Apartment,private,13342,2791,yes,8.0,3,no,no,Booking (hotel/apartment filter),https://www.booking.com/hotel/jp/reimi-mondo703.html?checkin=2026-11-15&checkout=2026-11-16&group_adults=2&no_rooms=1&selected_currency=JPY
2026-11-15,Sun,2026-11-16,Reimi Mondo703,Two-Bedroom Apartment,unverified,13342,2791,yes,8.0,3,no,no,Booking (review>=8 filter),https://www.booking.com/hotel/jp/reimi-mondo703.html?checkin=2026-11-15&checkout=2026-11-16&group_adults=2&no_rooms=1&selected_currency=JPY
2026-11-15,Sun,2026-11-16,NEST BASE Ikebukuro 302,Apartment,private,13351,2793,yes,7.6,5,yes,no,Booking (hotel/apartment filter),https://www.booking.com/hotel/jp/kopogang-qi-302.html?checkin=2026-11-15&checkout=2026-11-16&group_adults=2&no_rooms=1&selected_currency=JPY
2026-11-15,Sun,2026-11-16,Hananogo Ikebukuro - Vacation STAY 16098v,Studio,private,13394,2802,no,7.8,7,yes,no,Booking (hotel/apartment filter),https://www.booking.com/hotel/jp/hananogo-ikebukuro-vacation-stay-16098v.html?checkin=2026-11-15&checkout=2026-11-16&group_adults=2&no_rooms=1&selected_currency=JPY
2026-11-15,Sun,2026-11-16,Hananogo Ikebukuro - Vacation STAY 16116v,,private,13426,2809,no,1.0,0,yes,no,Booking (hotel/apartment filter),https://www.booking.com/hotel/jp/hananogo-ikebukuro-vacation-stay-16116v.html?checkin=2026-11-15&checkout=2026-11-16&group_adults=2&no_rooms=1&selected_currency=JPY
2026-11-15,Sun,2026-11-16,タスキスマート池袋一号館Tasuki Smart Ikebukuro1,Apartment,private,13431,2810,no,8.7,186,no,no,Booking (hotel/apartment filter),https://www.booking.com/hotel/jp/japan-house-ikebukuro-1.html?checkin=2026-11-15&checkout=2026-11-16&group_adults=2&no_rooms=1&selected_currency=JPY
2026-11-15,Sun,2026-11-16,タスキスマート池袋一号館Tasuki Smart Ikebukuro1,Apartment,unverified,13431,2810,no,8.7,186,no,no,Booking (review>=8 filter),https://www.booking.com/hotel/jp/japan-house-ikebukuro-1.html?checkin=2026-11-15&checkout=2026-11-16&group_adults=2&no_rooms=1&selected_currency=JPY
2026-11-15,Sun,2026-11-16,3-20-9 - Vacation STAY 92310v,,private,13441,2812,no,,0,yes,no,Booking (hotel/apartment filter),https://www.booking.com/hotel/jp/3-20-9-vacation-stay-92310v.html?checkin=2026-11-15&checkout=2026-11-16&group_adults=2&no_rooms=1&selected_currency=JPY
2026-11-15,Sun,2026-11-16,APA Hotel Yamanote Otsuka Ekimae Tower,Standard Double Room - Non-Smoking,private,13455,2815,no,8.5,8714,yes,no,Booking (hotel/apartment filter),https://www.booking.com/hotel/jp/apa-yamanote-otsuka-eki-tower.html?checkin=2026-11-15&checkout=2026-11-16&group_adults=2&no_rooms=1&selected_currency=JPY
2026-11-15,Sun,2026-11-16,HOTEL PAL Otsuka -Adult Only-,Standard Double Room (Check-in after 19:00),unverified,13455,2815,no,9.2,97,yes,no,Booking (review>=8 filter),https://www.booking.com/hotel/jp/pal.html?checkin=2026-11-15&checkout=2026-11-16&group_adults=2&no_rooms=1&selected_currency=JPY
2026-11-15,Sun,2026-11-16,APA Hotel Yamanote Otsuka Ekimae Tower,Standard Double Room - Non-Smoking,unverified,13455,2815,no,8.5,8714,yes,no,Booking (review>=8 filter),https://www.booking.com/hotel/jp/apa-yamanote-otsuka-eki-tower.html?checkin=2026-11-15&checkout=2026-11-16&group_adults=2&no_rooms=1&selected_currency=JPY
2026-11-15,Sun,2026-11-16,ARstay IKEBUKURO TOKYO,,unverified,13471,2818,no,8.0,0,yes,no,Booking (review>=8 filter),https://www.booking.com/hotel/jp/arstay-ikebukuro-li-dao-qu.html?checkin=2026-11-15&checkout=2026-11-16&group_adults=2&no_rooms=1&selected_currency=JPY
2026-11-15,Sun,2026-11-16,Ikebukuro Warmハウス306,One-Bedroom Apartment,private,13492,2823,no,8.9,17,no,no,Booking (hotel/apartment filter),https://www.booking.com/hotel/jp/ikebukuro-warmhausu306.html?checkin=2026-11-15&checkout=2026-11-16&group_adults=2&no_rooms=1&selected_currency=JPY
2026-11-15,Sun,2026-11-16,Ikebukuro Warmハウス306,One-Bedroom Apartment,unverified,13492,2823,no,8.9,17,no,no,Booking (review>=8 filter),https://www.booking.com/hotel/jp/ikebukuro-warmhausu306.html?checkin=2026-11-15&checkout=2026-11-16&group_adults=2&no_rooms=1&selected_currency=JPY
2026-11-15,Sun,2026-11-16,The underz suite residence Ikebukuro by Tranova,One-Bedroom Apartment,private,13516,2828,no,7.9,22,yes,no,Booking (hotel/apartment filter),https://www.booking.com/hotel/jp/the-underz-suite-residence-ikebukuro.html?checkin=2026-11-15&checkout=2026-11-16&group_adults=2&no_rooms=1&selected_currency=JPY
2026-11-15,Sun,2026-11-16,Hotel Suntargas Otsuka,Single Room -Smoking,private,13636,2853,no,7.6,128,yes,no,Booking (hotel/apartment filter),https://www.booking.com/hotel/jp/suntargas-otsuka.html?checkin=2026-11-15&checkout=2026-11-16&group_adults=2&no_rooms=1&selected_currency=JPY
2026-11-15,Sun,2026-11-16,NEST BASE Ikebukuro 202,,private,13645,2855,no,,0,yes,no,Booking (hotel/apartment filter),https://www.booking.com/hotel/jp/nest-base-ikebukuro-202.html?checkin=2026-11-15&checkout=2026-11-16&group_adults=2&no_rooms=1&selected_currency=JPY
2026-11-15,Sun,2026-11-16,NEST BASE Ikebukuro 201,,private,13645,2855,no,,0,yes,no,Booking (hotel/apartment filter),https://www.booking.com/hotel/jp/nest-base-ikebukuro-201.html?checkin=2026-11-15&checkout=2026-11-16&group_adults=2&no_rooms=1&selected_currency=JPY
2026-11-15,Sun,2026-11-16,R&B Hotel Otsuka Eki Kitaguchi - Vacation STAY 14229v,,private,13727,2872,no,,0,yes,yes,Booking (hotel/apartment filter),https://www.booking.com/hotel/jp/r-b-otsuka-eki-kitaguchi-vacation-stay-14229v.html?checkin=2026-11-15&checkout=2026-11-16&group_adults=2&no_rooms=1&selected_currency=JPY
2026-11-15,Sun,2026-11-16,RENTO Ikebukuro 101,Double Room,unverified,13745,2875,no,9.8,4,no,no,Booking (review>=8 filter),https://www.booking.com/hotel/jp/rent-ikebukuro.html?checkin=2026-11-15&checkout=2026-11-16&group_adults=2&no_rooms=1&selected_currency=JPY
2026-11-15,Sun,2026-11-16,NEST BASE Ikebukuro 301,,private,13785,2884,no,7.0,0,yes,no,Booking (hotel/apartment filter),https://www.booking.com/hotel/jp/kopogang-qi-301.html?checkin=2026-11-15&checkout=2026-11-16&group_adults=2&no_rooms=1&selected_currency=JPY
2026-11-15,Sun,2026-11-16,Shiratori306 B036,New to Booking.com,private,13785,2884,no,8.3,3,yes,no,Booking (hotel/apartment filter),https://www.booking.com/hotel/jp/b036po-wei-sanbai-niao-306a.html?checkin=2026-11-15&checkout=2026-11-16&group_adults=2&no_rooms=1&selected_currency=JPY
2026-11-15,Sun,2026-11-16,Shiratori306 B036,New to Booking.com,unverified,13785,2884,no,8.3,3,yes,no,Booking (review>=8 filter),https://www.booking.com/hotel/jp/b036po-wei-sanbai-niao-306a.html?checkin=2026-11-15&checkout=2026-11-16&group_adults=2&no_rooms=1&selected_currency=JPY
2026-11-15,Sun,2026-11-16,Super Hotel Ikebukuro-Eki Kitaguchi,Double Room with Small Double Bed,private,13798,2887,no,8.2,841,no,no,Booking (hotel/apartment filter),https://www.booking.com/hotel/jp/super-hotel-inn-ikebukuroeki-kitaguchi.html?checkin=2026-11-15&checkout=2026-11-16&group_adults=2&no_rooms=1&selected_currency=JPY
2026-11-15,Sun,2026-11-16,Toyoko Inn Ikebukuro Kita-guchi No.1,plan price (breakfast included),private,13800,2887,no,8.2,761,yes,yes,Toyoko Inn official site,https://www.toyoko-inn.com/eng/search/detail/00096/
2026-11-15,Sun,2026-11-16,Toyoko Inn Ikebukuro Kita-guchi No.2,plan price (breakfast included),private,13800,2887,no,8.2,761,yes,yes,Toyoko Inn official site,https://www.toyoko-inn.com/eng/search/detail/00007/
2026-11-15,Sun,2026-11-16,KOKO HOTEL Ikebukuro,Small Double Room - Non-Smoking,private,13804,2888,no,8.6,1616,yes,no,Booking (hotel/apartment filter),https://www.booking.com/hotel/jp/wing-international-select-ikebukuro.html?checkin=2026-11-15&checkout=2026-11-16&group_adults=2&no_rooms=1&selected_currency=JPY
2026-11-15,Sun,2026-11-16,KOKO HOTEL Ikebukuro,Small Double Room - Non-Smoking,unverified,13804,2888,no,8.6,1616,yes,no,Booking (review>=8 filter),https://www.booking.com/hotel/jp/wing-international-select-ikebukuro.html?checkin=2026-11-15&checkout=2026-11-16&group_adults=2&no_rooms=1&selected_currency=JPY
2026-11-15,Sun,2026-11-16,"Ikebukuro 8 min walk, Kanamecho 6 min walk, 25sqm room, 2 guests, Direct access to Shinjuku, Shibuya, Tokyo, Ueno, 1 double bed",One-Bedroom Apartment,private,13813,2890,no,6.7,15,yes,no,Booking (hotel/apartment filter),https://www.booking.com/hotel/jp/8-min-walk-to-ikebukuro-6-min-walk-to-yanagibashi-station25m-max-2-people-direct.html?checkin=2026-11-15&checkout=2026-11-16&group_adults=2&no_rooms=1&selected_currency=JPY
2026-11-15,Sun,2026-11-16,Ikebukuro 8min walk#kebukuro center#Living room#bidet toilet#池袋中心#池袋车站步行8分钟#有客厅#卧室#智能马桶#干湿分离202,,private,13909,2910,no,,0,no,no,Booking (hotel/apartment filter),https://www.booking.com/hotel/jp/chi-dai-zhong-xin-chi-dai-che-zhan-bu-xing-7fen-zhong-ke-ting-wo-shi-zhi-neng-ma.html?checkin=2026-11-15&checkout=2026-11-16&group_adults=2&no_rooms=1&selected_currency=JPY
2026-11-15,Sun,2026-11-16,Hotel Route-Inn Tokyo Ikebukuro,Double Room with Small Double Bed Non-Smoking,private,14000,2929,no,7.9,344,yes,yes,Booking (hotel/apartment filter),https://www.booking.com/hotel/jp/ark-hotel-tokyo.html?checkin=2026-11-15&checkout=2026-11-16&group_adults=2&no_rooms=1&selected_currency=JPY
2026-11-15,Sun,2026-11-16,桜の川 池袋駅7分 2-4人丨7 minutes from Ikebukuro Station 2-4 people,Late Escape Deal,unverified,14051,2939,no,8.2,46,no,no,Booking (review>=8 filter),https://www.booking.com/hotel/jp/ikebukuro-8min-modern-stay.html?checkin=2026-11-15&checkout=2026-11-16&group_adults=2&no_rooms=1&selected_currency=JPY
2026-11-15,Sun,2026-11-16,池袋 Energy CA0 a9,One-Bedroom Apartment,private,14285,2988,no,7.4,19,no,no,Booking (hotel/apartment filter),https://www.booking.com/hotel/jp/chi-dai-energy-ca0-a9.html?checkin=2026-11-15&checkout=2026-11-16&group_adults=2&no_rooms=1&selected_currency=JPY
2026-11-15,Sun,2026-11-16,Ikebukuro IVY House Ao6,One-Bedroom Apartment,private,14285,2988,no,6.3,17,no,no,Booking (hotel/apartment filter),https://www.booking.com/hotel/jp/ikebukuro-ivy-house-ao6.html?checkin=2026-11-15&checkout=2026-11-16&group_adults=2&no_rooms=1&selected_currency=JPY
2026-11-15,Sun,2026-11-16,Ikebukuro Cozy ハウス5,One-Bedroom Apartment,private,14285,2988,no,6.7,13,no,no,Booking (hotel/apartment filter),https://www.booking.com/hotel/jp/ikebukuro-cozy-hausu5.html?checkin=2026-11-15&checkout=2026-11-16&group_adults=2&no_rooms=1&selected_currency=JPY
2026-11-15,Sun,2026-11-16,Asta Hotel,Double Room,private,14352,3002,no,7.9,754,yes,no,Booking (hotel/apartment filter),https://www.booking.com/hotel/jp/asutahoteru.html?checkin=2026-11-15&checkout=2026-11-16&group_adults=2&no_rooms=1&selected_currency=JPY
2026-11-15,Sun,2026-11-16,ASTA HOTEL - Vacation STAY 87220v,,private,14362,3005,no,,0,yes,no,Booking (hotel/apartment filter),https://www.booking.com/hotel/jp/asta-vacation-stay-87220v.html?checkin=2026-11-15&checkout=2026-11-16&group_adults=2&no_rooms=1&selected_currency=JPY
2026-11-15,Sun,2026-11-16,ASTA HOTEL - Vacation STAY 87206v,,private,14362,3005,no,,0,yes,no,Booking (hotel/apartment filter),https://www.booking.com/hotel/jp/asta-vacation-stay-87206v.html?checkin=2026-11-15&checkout=2026-11-16&group_adults=2&no_rooms=1&selected_currency=JPY
2026-11-15,Sun,2026-11-16,APA Hotel Ikebukuro Eki Kitaguchi,Double Room - Non-Smoking,private,14400,3012,no,7.9,1496,yes,no,Booking (hotel/apartment filter),https://www.booking.com/hotel/jp/apa-ikebukuro-kitaguchi.html?checkin=2026-11-15&checkout=2026-11-16&group_adults=2&no_rooms=1&selected_currency=JPY
2026-11-15,Sun,2026-11-16,BUSHIDO Ikebukuro -Tokyo,One-Bedroom Apartment,private,14625,3060,no,8.9,7,yes,no,Booking (hotel/apartment filter),https://www.booking.com/hotel/jp/ri-ben-rasisawogan-zirugu-min-jia-yin-rejia-wodai-qie-ri.html?checkin=2026-11-15&checkout=2026-11-16&group_adults=2&no_rooms=1&selected_currency=JPY
2026-11-15,Sun,2026-11-16,BUSHIDO Ikebukuro -Tokyo,One-Bedroom Apartment,unverified,14625,3060,no,8.9,7,yes,no,Booking (review>=8 filter),https://www.booking.com/hotel/jp/ri-ben-rasisawogan-zirugu-min-jia-yin-rejia-wodai-qie-ri.html?checkin=2026-11-15&checkout=2026-11-16&group_adults=2&no_rooms=1&selected_currency=JPY
2026-11-15,Sun,2026-11-16,"32A Ikebukuro, 2 bedrooms and 1 living room, 7 mins to ST Max 4P 池袋 全新装修 两室一厅 交通中心 车站7分钟 最大4人 直达新宿 涉谷 表参道 品川 池袋 上野 代代木 银座 原宿",Two-Bedroom Apartment,private,14727,3081,no,7.7,32,yes,no,Booking (hotel/apartment filter),https://www.booking.com/hotel/jp/32b-ikebukuro-2-bedrooms-and-1-living-room-7-mins-to-st-max-4p-chi-dai-quan-xin.html?checkin=2026-11-15&checkout=2026-11-16&group_adults=2&no_rooms=1&selected_currency=JPY
2026-11-15,Sun,2026-11-16,Laluna Higashiikebukuro,One-Bedroom Apartment,private,14760,3088,no,8.1,85,yes,no,Booking (hotel/apartment filter),https://www.booking.com/hotel/jp/laluna-higashiikebukuro-dong-jing-du.html?checkin=2026-11-15&checkout=2026-11-16&group_adults=2&no_rooms=1&selected_currency=JPY
2026-11-15,Sun,2026-11-16,Laluna Higashiikebukuro,One-Bedroom Apartment,unverified,14760,3088,no,8.1,85,yes,no,Booking (review>=8 filter),https://www.booking.com/hotel/jp/laluna-higashiikebukuro-dong-jing-du.html?checkin=2026-11-15&checkout=2026-11-16&group_adults=2&no_rooms=1&selected_currency=JPY
2026-11-15,Sun,2026-11-16,SUPER HOTEL Ikebukuro West Natural Hot Spring,Room Selected at Check-In,private,14817,3100,no,8.7,1349,no,yes,Booking (hotel/apartment filter),https://www.booking.com/hotel/jp/super-hotel-jr-ikebukuro-nishiguchi.html?checkin=2026-11-15&checkout=2026-11-16&group_adults=2&no_rooms=1&selected_currency=JPY
2026-11-15,Sun,2026-11-16,Home Story in Tokyo JR山手線大塚駅Otsuka &東京屋語,Late Escape Deal,private,14909,3119,no,9.0,6,yes,no,Booking (hotel/apartment filter),https://www.booking.com/hotel/jp/tokyo-house-asakusa.html?checkin=2026-11-15&checkout=2026-11-16&group_adults=2&no_rooms=1&selected_currency=JPY
2026-11-15,Sun,2026-11-16,Home Story in Tokyo JR山手線大塚駅Otsuka &東京屋語,Late Escape Deal,unverified,14909,3119,no,9.0,6,yes,no,Booking (review>=8 filter),https://www.booking.com/hotel/jp/tokyo-house-asakusa.html?checkin=2026-11-15&checkout=2026-11-16&group_adults=2&no_rooms=1&selected_currency=JPY
2026-11-15,Sun,2026-11-16,HOTEL APERTO (Adult Only),Check-in after 9pm - Standard Double Room,private,14973,3132,no,8.7,1297,yes,no,Booking (hotel/apartment filter),https://www.booking.com/hotel/jp/aperto.html?checkin=2026-11-15&checkout=2026-11-16&group_adults=2&no_rooms=1&selected_currency=JPY
2026-11-15,Sun,2026-11-16,HOTEL APERTO (Adult Only),Check-in after 9pm - Standard Double Room,unverified,14973,3132,no,8.7,1297,yes,no,Booking (review>=8 filter),https://www.booking.com/hotel/jp/aperto.html?checkin=2026-11-15&checkout=2026-11-16&group_adults=2&no_rooms=1&selected_currency=JPY
2026-11-15,Sun,2026-11-16,Shiratori307 B037,New to Booking.com,private,15265,3193,no,,0,yes,no,Booking (hotel/apartment filter),https://www.booking.com/hotel/jp/b037po-wei-sanbai-niao-307a.html?checkin=2026-11-15&checkout=2026-11-16&group_adults=2&no_rooms=1&selected_currency=JPY
2026-11-15,Sun,2026-11-16,Shiratori307 B037,New to Booking.com,unverified,15265,3193,no,,0,yes,no,Booking (review>=8 filter),https://www.booking.com/hotel/jp/b037po-wei-sanbai-niao-307a.html?checkin=2026-11-15&checkout=2026-11-16&group_adults=2&no_rooms=1&selected_currency=JPY
2026-11-15,Sun,2026-11-16,Swan Park Ikebukuro,One-Bedroom Apartment,private,15309,3203,no,8.2,33,no,no,Booking (hotel/apartment filter),https://www.booking.com/hotel/jp/suwanpakuchi-dai.html?checkin=2026-11-15&checkout=2026-11-16&group_adults=2&no_rooms=1&selected_currency=JPY
2026-11-15,Sun,2026-11-16,Swan Park Ikebukuro,One-Bedroom Apartment,unverified,15309,3203,no,8.2,33,no,no,Booking (review>=8 filter),https://www.booking.com/hotel/jp/suwanpakuchi-dai.html?checkin=2026-11-15&checkout=2026-11-16&group_adults=2&no_rooms=1&selected_currency=JPY
2026-11-15,Sun,2026-11-16,Keio Presso Inn Ikebukuro,Double Room with Small Double Bed - Non-Smoking,private,15310,3203,no,8.5,1433,yes,no,Booking (hotel/apartment filter),https://www.booking.com/hotel/jp/keio-presson-inn-ikebukuro.html?checkin=2026-11-15&checkout=2026-11-16&group_adults=2&no_rooms=1&selected_currency=JPY
2026-11-15,Sun,2026-11-16,Keio Presso Inn Ikebukuro,Double Room with Small Double Bed - Non-Smoking,unverified,15310,3203,no,8.5,1433,yes,no,Booking (review>=8 filter),https://www.booking.com/hotel/jp/keio-presson-inn-ikebukuro.html?checkin=2026-11-15&checkout=2026-11-16&group_adults=2&no_rooms=1&selected_currency=JPY
2026-11-15,Sun,2026-11-16,Centurion Hotel Ikebukuro Station,Standard Semi-Double Room - Non Smoking,private,15393,3220,no,8.1,1745,yes,no,Booking (hotel/apartment filter),https://www.booking.com/hotel/jp/centurion-ikebukuro.html?checkin=2026-11-15&checkout=2026-11-16&group_adults=2&no_rooms=1&selected_currency=JPY
2026-11-15,Sun,2026-11-16,Centurion Hotel Ikebukuro Station,Standard Semi-Double Room - Non Smoking,unverified,15393,3220,no,8.1,1745,yes,no,Booking (review>=8 filter),https://www.booking.com/hotel/jp/centurion-ikebukuro.html?checkin=2026-11-15&checkout=2026-11-16&group_adults=2&no_rooms=1&selected_currency=JPY
2026-11-15,Sun,2026-11-16,Ikebukuro Area 2F5 NishiikeApartment,,private,15455,3233,no,10.0,0,yes,no,Booking (hotel/apartment filter),https://www.booking.com/hotel/jp/ikebukuro-area-2f5-nishiikeapartment.html?checkin=2026-11-15&checkout=2026-11-16&group_adults=2&no_rooms=1&selected_currency=JPY
2026-11-15,Sun,2026-11-16,Ikebukuro Area 2F5 NishiikeApartment,,unverified,15455,3233,no,10.0,0,yes,no,Booking (review>=8 filter),https://www.booking.com/hotel/jp/ikebukuro-area-2f5-nishiikeapartment.html?checkin=2026-11-15&checkout=2026-11-16&group_adults=2&no_rooms=1&selected_currency=JPY
2026-11-15,Sun,2026-11-16,ザ・ジェミニス池袋101,One-Bedroom Apartment,private,15508,3244,no,5.5,2,yes,no,Booking (hotel/apartment filter),https://www.booking.com/hotel/jp/zazieminisuchi-dai-101.html?checkin=2026-11-15&checkout=2026-11-16&group_adults=2&no_rooms=1&selected_currency=JPY
2026-11-15,Sun,2026-11-16,Tokyo Ikebukuro House,One-Bedroom Apartment,private,15545,3252,no,8.3,3,no,no,Booking (hotel/apartment filter),https://www.booking.com/hotel/jp/tokyo-ikebukuro-house.html?checkin=2026-11-15&checkout=2026-11-16&group_adults=2&no_rooms=1&selected_currency=JPY
2026-11-15,Sun,2026-11-16,XW-Ikebukuro 903-TS0492,Two-Bedroom Apartment,private,15545,3252,no,9.3,9,yes,no,Booking (hotel/apartment filter),https://www.booking.com/hotel/jp/xw-ikebukuro-903.html?checkin=2026-11-15&checkout=2026-11-16&group_adults=2&no_rooms=1&selected_currency=JPY
2026-11-15,Sun,2026-11-16,Tokyo Ikebukuro House,One-Bedroom Apartment,unverified,15545,3252,no,8.3,3,no,no,Booking (review>=8 filter),https://www.booking.com/hotel/jp/tokyo-ikebukuro-house.html?checkin=2026-11-15&checkout=2026-11-16&group_adults=2&no_rooms=1&selected_currency=JPY
2026-11-15,Sun,2026-11-16,XW-Ikebukuro 903-TS0492,Two-Bedroom Apartment,unverified,15545,3252,no,9.3,9,yes,no,Booking (review>=8 filter),https://www.booking.com/hotel/jp/xw-ikebukuro-903.html?checkin=2026-11-15&checkout=2026-11-16&group_adults=2&no_rooms=1&selected_currency=JPY
2026-11-15,Sun,2026-11-16,Super Hotel Tokyo Otsuka,Double Room,private,15887,3324,no,8.8,750,no,yes,Booking (hotel/apartment filter),https://www.booking.com/hotel/jp/super-tokyo-otsuka.html?checkin=2026-11-15&checkout=2026-11-16&group_adults=2&no_rooms=1&selected_currency=JPY
2026-11-15,Sun,2026-11-16,Super Hotel Tokyo Otsuka,Double Room,unverified,15887,3324,no,8.8,750,no,yes,Booking (review>=8 filter),https://www.booking.com/hotel/jp/super-tokyo-otsuka.html?checkin=2026-11-15&checkout=2026-11-16&group_adults=2&no_rooms=1&selected_currency=JPY
2026-11-15,Sun,2026-11-16,Ikebukuro center#池袋中心#高级阳光公寓车站步行5分#高速wifi1208,One-Bedroom Apartment,private,16073,3362,no,8.5,7,no,no,Booking (hotel/apartment filter),https://www.booking.com/hotel/jp/ikebukuro-center-chi-dai-zhong-xin-gao-ji-yang-guang-gong-yu-che-zh-toshima-city.html?checkin=2026-11-15&checkout=2026-11-16&group_adults=2&no_rooms=1&selected_currency=JPY
2026-11-15,Sun,2026-11-16,Ikebukuro center#池袋中心#高级阳光公寓车站步行5分#高速wifi1208,One-Bedroom Apartment,unverified,16073,3362,no,8.5,7,no,no,Booking (review>=8 filter),https://www.booking.com/hotel/jp/ikebukuro-center-chi-dai-zhong-xin-gao-ji-yang-guang-gong-yu-che-zh-toshima-city.html?checkin=2026-11-15&checkout=2026-11-16&group_adults=2&no_rooms=1&selected_currency=JPY
2026-11-15,Sun,2026-11-16,The Abe Ikebukuro,One-Bedroom Apartment,private,16200,3389,no,8.2,15,no,no,Booking (hotel/apartment filter),https://www.booking.com/hotel/jp/the-abe-ikebukuro.html?checkin=2026-11-15&checkout=2026-11-16&group_adults=2&no_rooms=1&selected_currency=JPY
2026-11-15,Sun,2026-11-16,The Abe Ikebukuro,One-Bedroom Apartment,unverified,16200,3389,no,8.2,15,no,no,Booking (review>=8 filter),https://www.booking.com/hotel/jp/the-abe-ikebukuro.html?checkin=2026-11-15&checkout=2026-11-16&group_adults=2&no_rooms=1&selected_currency=JPY
2026-11-15,Sun,2026-11-16,HOTEL LiVEMAX Ikebukuro Ekimae,Double Room with Small Double Bed - Smoking,private,16261,3402,no,6.8,152,yes,no,Booking (hotel/apartment filter),https://www.booking.com/hotel/jp/hoteruribumatukusuchi-dai-yi-qian.html?checkin=2026-11-15&checkout=2026-11-16&group_adults=2&no_rooms=1&selected_currency=JPY
2026-11-15,Sun,2026-11-16,the Jeminith Ikebukuro 501,,private,16364,3423,no,,0,yes,no,Booking (hotel/apartment filter),https://www.booking.com/hotel/jp/jeminith-ikebukuro-tokyo.html?checkin=2026-11-15&checkout=2026-11-16&group_adults=2&no_rooms=1&selected_currency=JPY
2026-11-15,Sun,2026-11-16,Stay in TOKYO Ikebukuro Convenient for Shopping & Long Stays!,One-Bedroom Apartment,private,16364,3423,no,7.6,6,yes,no,Booking (hotel/apartment filter),https://www.booking.com/hotel/jp/geminis-ikebukuro-double-room-for-2-8min-walk-from-ikebukuro-station.html?checkin=2026-11-15&checkout=2026-11-16&group_adults=2&no_rooms=1&selected_currency=JPY
2026-11-15,Sun,2026-11-16,HOTEL VARKIN Ikebukuro Nishiguchi,Economy Double Room,unverified,16568,3466,no,8.3,780,no,no,Booking (review>=8 filter),https://www.booking.com/hotel/jp/varkin-chi-dai-xi-kou.html?checkin=2026-11-15&checkout=2026-11-16&group_adults=2&no_rooms=1&selected_currency=JPY
2026-11-15,Sun,2026-11-16,Wellsquareism Ikebukuro East,One-Bedroom Apartment,private,16947,3545,no,8.7,41,yes,no,Booking (hotel/apartment filter),https://www.booking.com/hotel/jp/well-square-ikebukuro-east.html?checkin=2026-11-15&checkout=2026-11-16&group_adults=2&no_rooms=1&selected_currency=JPY
2026-11-15,Sun,2026-11-16,Wellsquareism Ikebukuro East,One-Bedroom Apartment,unverified,16947,3545,no,8.7,41,yes,no,Booking (review>=8 filter),https://www.booking.com/hotel/jp/well-square-ikebukuro-east.html?checkin=2026-11-15&checkout=2026-11-16&group_adults=2&no_rooms=1&selected_currency=JPY
2026-11-15,Sun,2026-11-16,Ikebukuro Grand Hotel,Superior Double Room,private,17000,3556,no,5.3,9,yes,no,Booking (hotel/apartment filter),https://www.booking.com/hotel/jp/ikebukuro-grand-hotel.html?checkin=2026-11-15&checkout=2026-11-16&group_adults=2&no_rooms=1&selected_currency=JPY
2026-11-15,Sun,2026-11-16,HOTEL LiVEMAX Tokyo-Otsuka Ekimae,Single Room with Small Double Bed - Smoking,private,17074,3572,no,7.2,169,yes,no,Booking (hotel/apartment filter),https://www.booking.com/hotel/jp/livemax-tokyo-otsuka-ekimae.html?checkin=2026-11-15&checkout=2026-11-16&group_adults=2&no_rooms=1&selected_currency=JPY
2026-11-15,Sun,2026-11-16,Maison Highway Ikebukuro,One-Bedroom Apartment,private,17084,3574,no,9.0,5,yes,no,Booking (hotel/apartment filter),https://www.booking.com/hotel/jp/maison-highway-ikebukuro.html?checkin=2026-11-15&checkout=2026-11-16&group_adults=2&no_rooms=1&selected_currency=JPY
2026-11-15,Sun,2026-11-16,Maison Highway Ikebukuro,One-Bedroom Apartment,unverified,17084,3574,no,9.0,5,yes,no,Booking (review>=8 filter),https://www.booking.com/hotel/jp/maison-highway-ikebukuro.html?checkin=2026-11-15&checkout=2026-11-16&group_adults=2&no_rooms=1&selected_currency=JPY
2026-11-15,Sun,2026-11-16,今和Hotel,One-Bedroom Apartment,private,17182,3594,no,8.7,95,no,no,Booking (hotel/apartment filter),https://www.booking.com/hotel/jp/jin-he-dong-jing-du.html?checkin=2026-11-15&checkout=2026-11-16&group_adults=2&no_rooms=1&selected_currency=JPY
2026-11-15,Sun,2026-11-16,今和Hotel,One-Bedroom Apartment,unverified,17182,3594,no,8.7,95,no,no,Booking (review>=8 filter),https://www.booking.com/hotel/jp/jin-he-dong-jing-du.html?checkin=2026-11-15&checkout=2026-11-16&group_adults=2&no_rooms=1&selected_currency=JPY
2026-11-15,Sun,2026-11-16,池袋Apila,Family Room with Private Bathroom,unverified,17186,3595,no,9.2,116,no,no,Booking (review>=8 filter),https://www.booking.com/hotel/jp/chi-dai-apila.html?checkin=2026-11-15&checkout=2026-11-16&group_adults=2&no_rooms=1&selected_currency=JPY
2026-11-15,Sun,2026-11-16,Ikebukuro Royal Hotel,New to Booking.com,private,17273,3614,no,7.7,3,yes,no,Booking (hotel/apartment filter),https://www.booking.com/hotel/jp/ikebukuroroyalhotel.html?checkin=2026-11-15&checkout=2026-11-16&group_adults=2&no_rooms=1&selected_currency=JPY
2026-11-15,Sun,2026-11-16,Exquisite business hotel Bella,Double Room with Private Bathroom,unverified,17663,3695,no,8.4,220,yes,no,Booking (review>=8 filter),https://www.booking.com/hotel/jp/bella-toshima-city1.html?checkin=2026-11-15&checkout=2026-11-16&group_adults=2&no_rooms=1&selected_currency=JPY
2026-11-15,Sun,2026-11-16,Super Hotel Premier Ikebukuro Natural Hot Spring,Room Selected at Check-In,private,18115,3790,no,8.8,1985,no,no,Booking (hotel/apartment filter),https://www.booking.com/hotel/jp/supahoterupremierchi-dai-tian-ran-wen-quan.html?checkin=2026-11-15&checkout=2026-11-16&group_adults=2&no_rooms=1&selected_currency=JPY
2026-11-15,Sun,2026-11-16,Super Hotel Premier Ikebukuro Natural Hot Spring,Room Selected at Check-In,unverified,18115,3790,no,8.8,1985,no,no,Booking (review>=8 filter),https://www.booking.com/hotel/jp/supahoterupremierchi-dai-tian-ran-wen-quan.html?checkin=2026-11-15&checkout=2026-11-16&group_adults=2&no_rooms=1&selected_currency=JPY
2026-11-15,Sun,2026-11-16,HOTEL VARKIN Ikebukuro Nishiguchi,Economy Double Room,private,18409,3851,no,8.3,780,no,no,Booking (hotel/apartment filter),https://www.booking.com/hotel/jp/varkin-chi-dai-xi-kou.html?checkin=2026-11-15&checkout=2026-11-16&group_adults=2&no_rooms=1&selected_currency=JPY
2026-11-15,Sun,2026-11-16,R&B Hotel Otsuka Eki Kitaguchi - Vacation STAY 40484v,Studio,private,18413,3852,no,8.3,113,yes,no,Booking (hotel/apartment filter),https://www.booking.com/hotel/jp/r-b-otsuka-eki-kitaguchi-vacation-stay-40484v.html?checkin=2026-11-15&checkout=2026-11-16&group_adults=2&no_rooms=1&selected_currency=JPY
2026-11-15,Sun,2026-11-16,R&B Hotel Otsuka Eki Kitaguchi - Vacation STAY 40484v,Studio,unverified,18413,3852,no,8.3,113,yes,no,Booking (review>=8 filter),https://www.booking.com/hotel/jp/r-b-otsuka-eki-kitaguchi-vacation-stay-40484v.html?checkin=2026-11-15&checkout=2026-11-16&group_adults=2&no_rooms=1&selected_currency=JPY
2026-11-15,Sun,2026-11-16,フクロウ庵101,Apartment,private,18595,3890,no,9.0,5,yes,no,Booking (hotel/apartment filter),https://www.booking.com/hotel/jp/kopogang-qi-101.html?checkin=2026-11-15&checkout=2026-11-16&group_adults=2&no_rooms=1&selected_currency=JPY
2026-11-15,Sun,2026-11-16,フクロウ庵101,Apartment,unverified,18595,3890,no,9.0,5,yes,no,Booking (review>=8 filter),https://www.booking.com/hotel/jp/kopogang-qi-101.html?checkin=2026-11-15&checkout=2026-11-16&group_adults=2&no_rooms=1&selected_currency=JPY
2026-11-15,Sun,2026-11-16,Ruma Inn Ikebukuro,Three-Bedroom Apartment,private,18900,3954,no,7.1,71,no,no,Booking (hotel/apartment filter),https://www.booking.com/hotel/jp/ruma-inn-ikebukuro.html?checkin=2026-11-15&checkout=2026-11-16&group_adults=2&no_rooms=1&selected_currency=JPY
2026-11-15,Sun,2026-11-16,HOTEL VARKIN ANNEX,Standard Double Room,unverified,18901,3954,no,8.6,741,no,no,Booking (review>=8 filter),https://www.booking.com/hotel/jp/varkin-annex.html?checkin=2026-11-15&checkout=2026-11-16&group_adults=2&no_rooms=1&selected_currency=JPY
2026-11-15,Sun,2026-11-16,Toyoko Inn Tokyo Ikebukuro Kita-guchi No.1,Single Room - Smoking,private,19091,3994,no,8.2,761,yes,no,Booking (hotel/apartment filter),https://www.booking.com/hotel/jp/toyoko-inn-tokyo-ikebukuro-kita-guchi-1.html?checkin=2026-11-15&checkout=2026-11-16&group_adults=2&no_rooms=1&selected_currency=JPY
2026-11-15,Sun,2026-11-16,Toyoko Inn Tokyo Ikebukuro Kita-guchi No.1,Single Room - Smoking,unverified,19091,3994,no,8.2,761,yes,no,Booking (review>=8 filter),https://www.booking.com/hotel/jp/toyoko-inn-tokyo-ikebukuro-kita-guchi-1.html?checkin=2026-11-15&checkout=2026-11-16&group_adults=2&no_rooms=1&selected_currency=JPY
2026-11-15,Sun,2026-11-16,"10min walk Ikebukuro Sta JR , 10min Shinjuku Sta, Wi-Fi, PocketWiFi",Economy Double Room,unverified,19227,4022,no,8.0,73,yes,no,Booking (review>=8 filter),https://www.booking.com/hotel/jp/ikebukuro-li-dao-qu.html?checkin=2026-11-15&checkout=2026-11-16&group_adults=2&no_rooms=1&selected_currency=JPY
2026-11-15,Sun,2026-11-16,R&B Hotel Otsuka Eki Kitaguchi - Vacation STAY 40485v,Studio,private,19333,4044,no,8.5,29,yes,no,Booking (hotel/apartment filter),https://www.booking.com/hotel/jp/r-b-otsuka-eki-kitaguchi-vacation-stay-40485v.html?checkin=2026-11-15&checkout=2026-11-16&group_adults=2&no_rooms=1&selected_currency=JPY
2026-11-15,Sun,2026-11-16,3-20-9 - Vacation STAY 92290v,,private,19333,4044,no,,0,yes,no,Booking (hotel/apartment filter),https://www.booking.com/hotel/jp/3-20-9-vacation-stay-92290v.html?checkin=2026-11-15&checkout=2026-11-16&group_adults=2&no_rooms=1&selected_currency=JPY
2026-11-15,Sun,2026-11-16,3-20-9 - Vacation STAY 92282v,,private,19333,4044,no,4.0,0,yes,no,Booking (hotel/apartment filter),https://www.booking.com/hotel/jp/3-20-9-vacation-stay-92282v.html?checkin=2026-11-15&checkout=2026-11-16&group_adults=2&no_rooms=1&selected_currency=JPY
2026-11-15,Sun,2026-11-16,R&B Hotel Otsuka Eki Kitaguchi - Vacation STAY 40485v,Studio,unverified,19333,4044,no,8.5,29,yes,no,Booking (review>=8 filter),https://www.booking.com/hotel/jp/r-b-otsuka-eki-kitaguchi-vacation-stay-40485v.html?checkin=2026-11-15&checkout=2026-11-16&group_adults=2&no_rooms=1&selected_currency=JPY
2026-11-15,Sun,2026-11-16,the b ikebukuro,Standard Double Room with Shower - Non-Smoking,private,19406,4060,no,7.9,947,no,no,Booking (hotel/apartment filter),https://www.booking.com/hotel/jp/the-b-ikebukro.html?checkin=2026-11-15&checkout=2026-11-16&group_adults=2&no_rooms=1&selected_currency=JPY
2026-11-15,Sun,2026-11-16,Hotel VARKIN,Standard Queen Room,private,19440,4067,no,7.7,773,yes,no,Booking (hotel/apartment filter),https://www.booking.com/hotel/jp/varkin-hotel.html?checkin=2026-11-15&checkout=2026-11-16&group_adults=2&no_rooms=1&selected_currency=JPY
2026-11-15,Sun,2026-11-16,Petit Bali Ikebukuro,Economy Double Room - Smoking,private,19473,4074,no,8.4,281,yes,no,Booking (hotel/apartment filter),https://www.booking.com/hotel/jp/hoteruputeibarichi-dai-dian-dong-jing.html?checkin=2026-11-15&checkout=2026-11-16&group_adults=2&no_rooms=1&selected_currency=JPY
2026-11-15,Sun,2026-11-16,Petit Bali Ikebukuro,Economy Double Room - Smoking,unverified,19473,4074,no,8.4,281,yes,no,Booking (review>=8 filter),https://www.booking.com/hotel/jp/hoteruputeibarichi-dai-dian-dong-jing.html?checkin=2026-11-15&checkout=2026-11-16&group_adults=2&no_rooms=1&selected_currency=JPY
2026-11-15,Sun,2026-11-16,R&B Hotel Otsuka Eki Kitaguchi - Vacation STAY 14221v,Studio,private,19636,4108,no,8.2,18,yes,no,Booking (hotel/apartment filter),https://www.booking.com/hotel/jp/r-b-otsuka-eki-kitaguchi-vacation-stay-14221v.html?checkin=2026-11-15&checkout=2026-11-16&group_adults=2&no_rooms=1&selected_currency=JPY
2026-11-15,Sun,2026-11-16,R&B Hotel Otsuka Eki Kitaguchi - Vacation STAY 14221v,Studio,unverified,19636,4108,no,8.2,18,yes,no,Booking (review>=8 filter),https://www.booking.com/hotel/jp/r-b-otsuka-eki-kitaguchi-vacation-stay-14221v.html?checkin=2026-11-15&checkout=2026-11-16&group_adults=2&no_rooms=1&selected_currency=JPY
2026-11-15,Sun,2026-11-16,Frt池袋2丁目,One-Bedroom Apartment,private,19882,4159,no,7.5,2,yes,no,Booking (hotel/apartment filter),https://www.booking.com/hotel/jp/frtchi-dai-2ding-mu-906.html?checkin=2026-11-15&checkout=2026-11-16&group_adults=2&no_rooms=1&selected_currency=JPY
2026-11-15,Sun,2026-11-16,Hotel Grand City,Double Room with Small Double Bed - Non-Smoking,private,20000,4184,no,7.9,2100,yes,no,Booking (hotel/apartment filter),https://www.booking.com/hotel/jp/grand-city-tokyo.html?checkin=2026-11-15&checkout=2026-11-16&group_adults=2&no_rooms=1&selected_currency=JPY
2026-11-15,Sun,2026-11-16,"YFhouse池袋ikebukuro-Direct to Ginza, Tokyo Dome, and the Harry Potter Studio Tour Tokyo",Studio with Balcony,private,20000,4184,no,9.1,8,yes,no,Booking (hotel/apartment filter),https://www.booking.com/hotel/jp/yfhousechi-dai-ikebukuro.html?checkin=2026-11-15&checkout=2026-11-16&group_adults=2&no_rooms=1&selected_currency=JPY
2026-11-15,Sun,2026-11-16,"YFhouse池袋ikebukuro-Direct to Ginza, Tokyo Dome, and the Harry Potter Studio Tour Tokyo",Studio with Balcony,unverified,20000,4184,no,9.1,8,yes,no,Booking (review>=8 filter),https://www.booking.com/hotel/jp/yfhousechi-dai-ikebukuro.html?checkin=2026-11-15&checkout=2026-11-16&group_adults=2&no_rooms=1&selected_currency=JPY
2026-11-15,Sun,2026-11-16,R&B Hotel Otsuka Eki Kitaguchi - Vacation STAY 14225v,Studio,private,20545,4298,no,7.0,2,yes,no,Booking (hotel/apartment filter),https://www.booking.com/hotel/jp/r-b-otsuka-eki-kitaguchi-vacation-stay-14225v.html?checkin=2026-11-15&checkout=2026-11-16&group_adults=2&no_rooms=1&selected_currency=JPY
2026-11-15,Sun,2026-11-16,桜の川70-36池袋駅8分钟 1DK套房 max5人房 宽敞安静 ikeburuko,Late Escape Deal,private,20618,4313,no,9.0,33,no,no,Booking (hotel/apartment filter),https://www.booking.com/hotel/jp/chi-dai-yi-8fen-zhong-1dktao-fang-4ren-fang-kuan-chang-an-jing-ikeburuko.html?checkin=2026-11-15&checkout=2026-11-16&group_adults=2&no_rooms=1&selected_currency=JPY
2026-11-15,Sun,2026-11-16,桜の川70-36池袋駅8分钟 1DK套房 max5人房 宽敞安静 ikeburuko,Late Escape Deal,unverified,20618,4313,no,9.0,33,no,no,Booking (review>=8 filter),https://www.booking.com/hotel/jp/chi-dai-yi-8fen-zhong-1dktao-fang-4ren-fang-kuan-chang-an-jing-ikeburuko.html?checkin=2026-11-15&checkout=2026-11-16&group_adults=2&no_rooms=1&selected_currency=JPY
2026-11-15,Sun,2026-11-16,アンドステイ池袋4丁目502,One-Bedroom Apartment,private,20727,4336,no,7.7,4,yes,no,Booking (hotel/apartment filter),https://www.booking.com/hotel/jp/andosuteichi-dai-4ding-mu.html?checkin=2026-11-15&checkout=2026-11-16&group_adults=2&no_rooms=1&selected_currency=JPY
2026-11-15,Sun,2026-11-16,Ikebukuro Yamase Building #GR1,Apartment,private,21000,4393,no,6.6,11,yes,no,Booking (hotel/apartment filter),https://www.booking.com/hotel/jp/ikebukuro-yamase-building-gr.html?checkin=2026-11-15&checkout=2026-11-16&group_adults=2&no_rooms=1&selected_currency=JPY
2026-11-15,Sun,2026-11-16,HOTEL VARKIN ANNEX,Standard Double Room,private,21001,4393,no,8.6,741,no,no,Booking (hotel/apartment filter),https://www.booking.com/hotel/jp/varkin-annex.html?checkin=2026-11-15&checkout=2026-11-16&group_adults=2&no_rooms=1&selected_currency=JPY
2026-11-15,Sun,2026-11-16,COCOYO Hotel Otsuka,Economy Twin Room,private,21273,4450,no,8.6,440,yes,no,Booking (hotel/apartment filter),https://www.booking.com/hotel/jp/cocoyo.html?checkin=2026-11-15&checkout=2026-11-16&group_adults=2&no_rooms=1&selected_currency=JPY
2026-11-15,Sun,2026-11-16,COCOYO Hotel Otsuka,Economy Twin Room,unverified,21273,4450,no,8.6,440,yes,no,Booking (review>=8 filter),https://www.booking.com/hotel/jp/cocoyo.html?checkin=2026-11-15&checkout=2026-11-16&group_adults=2&no_rooms=1&selected_currency=JPY
2026-11-15,Sun,2026-11-16,"8Minutes Walk to IkebukuroStation, CentralTokyo and VeryConvenient Max5People",One-Bedroom Apartment,private,21281,4452,no,8.0,2,yes,no,Booking (hotel/apartment filter),https://www.booking.com/hotel/jp/ikebukuro-forest-room.html?checkin=2026-11-15&checkout=2026-11-16&group_adults=2&no_rooms=1&selected_currency=JPY
2026-11-15,Sun,2026-11-16,"8Minutes Walk to IkebukuroStation, CentralTokyo and VeryConvenient Max5People",One-Bedroom Apartment,unverified,21281,4452,no,8.0,2,yes,no,Booking (review>=8 filter),https://www.booking.com/hotel/jp/ikebukuro-forest-room.html?checkin=2026-11-15&checkout=2026-11-16&group_adults=2&no_rooms=1&selected_currency=JPY
2026-11-15,Sun,2026-11-16,Sakura Bella Ikebukuro,Double Room,unverified,21588,4516,no,8.1,606,yes,no,Booking (review>=8 filter),https://www.booking.com/hotel/jp/bella.html?checkin=2026-11-15&checkout=2026-11-16&group_adults=2&no_rooms=1&selected_currency=JPY
2026-11-15,Sun,2026-11-16,北池袋戸建,Apartment,private,21600,4519,no,7.9,18,no,no,Booking (hotel/apartment filter),https://www.booking.com/hotel/jp/qing-chuan-hu-jian.html?checkin=2026-11-15&checkout=2026-11-16&group_adults=2&no_rooms=1&selected_currency=JPY
2026-11-15,Sun,2026-11-16,Tokyu Stay Ikebukuro,Moderate double Room - Non Smoking,private,21795,4560,no,8.7,1137,no,no,Booking (hotel/apartment filter),https://www.booking.com/hotel/jp/tokyu-stay-ikebukuro.html?checkin=2026-11-15&checkout=2026-11-16&group_adults=2&no_rooms=1&selected_currency=JPY
2026-11-15,Sun,2026-11-16,Tokyu Stay Ikebukuro,Moderate double Room - Non Smoking,unverified,21795,4560,no,8.7,1137,no,no,Booking (review>=8 filter),https://www.booking.com/hotel/jp/tokyu-stay-ikebukuro.html?checkin=2026-11-15&checkout=2026-11-16&group_adults=2&no_rooms=1&selected_currency=JPY
2026-11-15,Sun,2026-11-16,Ciel東池袋,New to Booking.com,private,22196,4643,no,8.5,16,no,no,Booking (hotel/apartment filter),https://www.booking.com/hotel/jp/cieldong-chi-dai.html?checkin=2026-11-15&checkout=2026-11-16&group_adults=2&no_rooms=1&selected_currency=JPY
2026-11-15,Sun,2026-11-16,Ciel東池袋,New to Booking.com,unverified,22196,4643,no,8.5,16,no,no,Booking (review>=8 filter),https://www.booking.com/hotel/jp/cieldong-chi-dai.html?checkin=2026-11-15&checkout=2026-11-16&group_adults=2&no_rooms=1&selected_currency=JPY
2026-11-15,Sun,2026-11-16,Jr山手線池袋駅徒步6分全新装修两居室公寓,Two-Bedroom Apartment,private,22817,4773,no,8.0,2,no,no,Booking (hotel/apartment filter),https://www.booking.com/hotel/jp/jrshan-shou-xian-chi-dai-yi-tu-bu-6fen-quan-xin-zhuang-xiu-liang-ju-shi-gong-yu.html?checkin=2026-11-15&checkout=2026-11-16&group_adults=2&no_rooms=1&selected_currency=JPY
2026-11-15,Sun,2026-11-16,Jr山手線池袋駅徒步6分全新装修两居室公寓,Two-Bedroom Apartment,unverified,22817,4773,no,8.0,2,no,no,Booking (review>=8 filter),https://www.booking.com/hotel/jp/jrshan-shou-xian-chi-dai-yi-tu-bu-6fen-quan-xin-zhuang-xiu-liang-ju-shi-gong-yu.html?checkin=2026-11-15&checkout=2026-11-16&group_adults=2&no_rooms=1&selected_currency=JPY
2026-11-15,Sun,2026-11-16,ASTA HOTEL - Vacation STAY 87210v,,private,23568,4930,no,,0,yes,no,Booking (hotel/apartment filter),https://www.booking.com/hotel/jp/asta-vacation-stay-87210v.html?checkin=2026-11-15&checkout=2026-11-16&group_adults=2&no_rooms=1&selected_currency=JPY
2026-11-15,Sun,2026-11-16,ASTA HOTEL - Vacation STAY 87171v,,private,23568,4930,no,,0,yes,no,Booking (hotel/apartment filter),https://www.booking.com/hotel/jp/asta-vacation-stay-87171v.html?checkin=2026-11-15&checkout=2026-11-16&group_adults=2&no_rooms=1&selected_currency=JPY
2026-11-15,Sun,2026-11-16,Reimi Mondo401-8720,Suite,private,23636,4945,no,7.4,14,no,no,Booking (hotel/apartment filter),https://www.booking.com/hotel/jp/reimi-mondo-401.html?checkin=2026-11-15&checkout=2026-11-16&group_adults=2&no_rooms=1&selected_currency=JPY
2026-11-15,Sun,2026-11-16,Reimi Mondo201,Deluxe Suite,private,23636,4945,no,8.2,7,no,no,Booking (hotel/apartment filter),https://www.booking.com/hotel/jp/reimi-mondo-tokyo1.html?checkin=2026-11-15&checkout=2026-11-16&group_adults=2&no_rooms=1&selected_currency=JPY
2026-11-15,Sun,2026-11-16,Reimi Mondo401-7897,Deluxe Suite,private,23636,4945,no,7.7,3,no,no,Booking (hotel/apartment filter),https://www.booking.com/hotel/jp/reimi-mondo-tokyo2.html?checkin=2026-11-15&checkout=2026-11-16&group_adults=2&no_rooms=1&selected_currency=JPY
2026-11-15,Sun,2026-11-16,Reimi Mondo201,Deluxe Suite,unverified,23636,4945,no,8.2,7,no,no,Booking (review>=8 filter),https://www.booking.com/hotel/jp/reimi-mondo-tokyo1.html?checkin=2026-11-15&checkout=2026-11-16&group_adults=2&no_rooms=1&selected_currency=JPY
2026-11-15,Sun,2026-11-16,Ikebukuro 2Room D3,Two-Bedroom Apartment,private,23809,4981,no,8.7,7,no,no,Booking (hotel/apartment filter),https://www.booking.com/hotel/jp/ikebukuro-2room-d3.html?checkin=2026-11-15&checkout=2026-11-16&group_adults=2&no_rooms=1&selected_currency=JPY
2026-11-15,Sun,2026-11-16,Ikebukuro 2Room D3,Two-Bedroom Apartment,unverified,23809,4981,no,8.7,7,no,no,Booking (review>=8 filter),https://www.booking.com/hotel/jp/ikebukuro-2room-d3.html?checkin=2026-11-15&checkout=2026-11-16&group_adults=2&no_rooms=1&selected_currency=JPY
2026-11-15,Sun,2026-11-16,Sunshine City Prince Hotel Ikebukuro Tokyo,Economy Twin Room - Non-Smoking 10-16th Floor,private,23895,4999,no,8.5,3151,yes,no,Booking (hotel/apartment filter),https://www.booking.com/hotel/jp/sunshine-city-prince.html?checkin=2026-11-15&checkout=2026-11-16&group_adults=2&no_rooms=1&selected_currency=JPY
2026-11-15,Sun,2026-11-16,Sunshine City Prince Hotel Ikebukuro Tokyo,Economy Twin Room - Non-Smoking 10-16th Floor,unverified,23895,4999,no,8.5,3151,yes,no,Booking (review>=8 filter),https://www.booking.com/hotel/jp/sunshine-city-prince.html?checkin=2026-11-15&checkout=2026-11-16&group_adults=2&no_rooms=1&selected_currency=JPY
2026-11-15,Sun,2026-11-16,Ostay Ikebukuro Dairaku Hotel Apartment,One-Bedroom Apartment,private,24321,5088,no,8.9,29,no,no,Booking (hotel/apartment filter),https://www.booking.com/hotel/jp/ostay-ikebukuro-dairaku-apartment-toshima-city1.html?checkin=2026-11-15&checkout=2026-11-16&group_adults=2&no_rooms=1&selected_currency=JPY
2026-11-15,Sun,2026-11-16,Ostay Ikebukuro Dairaku Hotel Apartment,One-Bedroom Apartment,unverified,24321,5088,no,8.9,29,no,no,Booking (review>=8 filter),https://www.booking.com/hotel/jp/ostay-ikebukuro-dairaku-apartment-toshima-city1.html?checkin=2026-11-15&checkout=2026-11-16&group_adults=2&no_rooms=1&selected_currency=JPY
2026-11-15,Sun,2026-11-16,DEL style Ikebukuro Higashiguchi by Daiwa Roynet Hotel,Standard Double Room (2 Adults) - Non-Smoking,private,24909,5211,no,8.8,367,yes,no,Booking (hotel/apartment filter),https://www.booking.com/hotel/jp/daiwaroinetutohoteruchi-dai-dong-kou.html?checkin=2026-11-15&checkout=2026-11-16&group_adults=2&no_rooms=1&selected_currency=JPY
2026-11-15,Sun,2026-11-16,DEL style Ikebukuro Higashiguchi by Daiwa Roynet Hotel,Standard Double Room (2 Adults) - Non-Smoking,unverified,24909,5211,no,8.8,367,yes,no,Booking (review>=8 filter),https://www.booking.com/hotel/jp/daiwaroinetutohoteruchi-dai-dong-kou.html?checkin=2026-11-15&checkout=2026-11-16&group_adults=2&no_rooms=1&selected_currency=JPY
2026-11-15,Sun,2026-11-16,Daiichi Inn Ikebukuro,Economy Triple Room,private,25148,5261,no,8.6,515,yes,no,Booking (hotel/apartment filter),https://www.booking.com/hotel/jp/daiichi-inn-ikebukuro.html?checkin=2026-11-15&checkout=2026-11-16&group_adults=2&no_rooms=1&selected_currency=JPY
2026-11-15,Sun,2026-11-16,Daiichi Inn Ikebukuro,Economy Triple Room,unverified,25148,5261,no,8.6,515,yes,no,Booking (review>=8 filter),https://www.booking.com/hotel/jp/daiichi-inn-ikebukuro.html?checkin=2026-11-15&checkout=2026-11-16&group_adults=2&no_rooms=1&selected_currency=JPY
2026-11-15,Sun,2026-11-16,Cosmy-2 IC53,One-Bedroom Apartment,private,25294,5292,no,8.1,8,yes,no,Booking (hotel/apartment filter),https://www.booking.com/hotel/jp/cosmy-2-ic53.html?checkin=2026-11-15&checkout=2026-11-16&group_adults=2&no_rooms=1&selected_currency=JPY
2026-11-15,Sun,2026-11-16,Cosmy-2 IC53,One-Bedroom Apartment,unverified,25294,5292,no,8.1,8,yes,no,Booking (review>=8 filter),https://www.booking.com/hotel/jp/cosmy-2-ic53.html?checkin=2026-11-15&checkout=2026-11-16&group_adults=2&no_rooms=1&selected_currency=JPY
2026-11-15,Sun,2026-11-16,ASTA HOTEL - Vacation STAY 87233v,,private,25410,5316,no,,0,yes,no,Booking (hotel/apartment filter),https://www.booking.com/hotel/jp/asta-vacation-stay-87233v.html?checkin=2026-11-15&checkout=2026-11-16&group_adults=2&no_rooms=1&selected_currency=JPY
2026-11-15,Sun,2026-11-16,BaliAn Resort Forest Ikebukuro,Comfort Double Room - Smoking,unverified,25625,5361,no,9.0,90,yes,no,Booking (review>=8 filter),https://www.booking.com/hotel/jp/hoterubarianrizotohuoresutochi-dai-xi-kou-dian.html?checkin=2026-11-15&checkout=2026-11-16&group_adults=2&no_rooms=1&selected_currency=JPY
2026-11-15,Sun,2026-11-16,Jr山手线大塚站步行1分钟地处商店街的无敌便利,Two-Bedroom Apartment,private,26018,5443,no,8.2,18,no,no,Booking (hotel/apartment filter),https://www.booking.com/hotel/jp/jrshan-shou-xian-da-zhong-zhan-bu-xing-1fen-zhong-di-chu-shang-dian-jie-de-wu-di.html?checkin=2026-11-15&checkout=2026-11-16&group_adults=2&no_rooms=1&selected_currency=JPY
2026-11-15,Sun,2026-11-16,Jr山手线大塚站步行1分钟地处商店街的无敌便利,Two-Bedroom Apartment,unverified,26018,5443,no,8.2,18,no,no,Booking (review>=8 filter),https://www.booking.com/hotel/jp/jrshan-shou-xian-da-zhong-zhan-bu-xing-1fen-zhong-di-chu-shang-dian-jie-de-wu-di.html?checkin=2026-11-15&checkout=2026-11-16&group_adults=2&no_rooms=1&selected_currency=JPY
2026-11-15,Sun,2026-11-16,Dormy Inn Ikebukuro - Natural Hot Spring,Late Escape Deal,private,26273,5496,no,8.7,1808,yes,no,Booking (hotel/apartment filter),https://www.booking.com/hotel/jp/domiinchi-dai.html?checkin=2026-11-15&checkout=2026-11-16&group_adults=2&no_rooms=1&selected_currency=JPY
2026-11-15,Sun,2026-11-16,Dormy Inn Ikebukuro - Natural Hot Spring,Late Escape Deal,unverified,26273,5496,no,8.7,1808,yes,no,Booking (review>=8 filter),https://www.booking.com/hotel/jp/domiinchi-dai.html?checkin=2026-11-15&checkout=2026-11-16&group_adults=2&no_rooms=1&selected_currency=JPY
2026-11-15,Sun,2026-11-16,池袋4丁目貸切一軒家最大七名,Three-Bedroom Apartment,private,27636,5781,no,9.1,6,yes,no,Booking (hotel/apartment filter),https://www.booking.com/hotel/jp/ikebukuro-walking-distance-family-villa-max-7-people-whole-rental-wi-fi.html?checkin=2026-11-15&checkout=2026-11-16&group_adults=2&no_rooms=1&selected_currency=JPY
2026-11-15,Sun,2026-11-16,池袋4丁目貸切一軒家最大七名,Three-Bedroom Apartment,unverified,27636,5781,no,9.1,6,yes,no,Booking (review>=8 filter),https://www.booking.com/hotel/jp/ikebukuro-walking-distance-family-villa-max-7-people-whole-rental-wi-fi.html?checkin=2026-11-15&checkout=2026-11-16&group_adults=2&no_rooms=1&selected_currency=JPY
2026-11-15,Sun,2026-11-16,ASTA HOTEL - Vacation STAY 87287v,,private,27979,5853,no,,0,yes,no,Booking (hotel/apartment filter),https://www.booking.com/hotel/jp/asta-vacation-stay-87287v.html?checkin=2026-11-15&checkout=2026-11-16&group_adults=2&no_rooms=1&selected_currency=JPY
2026-11-15,Sun,2026-11-16,"2 Minutes Walk to Ikebukuro Station, Central Tokyo and Very Convenient",One-Bedroom Apartment,private,27982,5854,no,9.6,16,no,no,Booking (hotel/apartment filter),https://www.booking.com/hotel/jp/2-min-walk-to-ikebukuro-station.html?checkin=2026-11-15&checkout=2026-11-16&group_adults=2&no_rooms=1&selected_currency=JPY
2026-11-15,Sun,2026-11-16,"2 Minutes Walk to Ikebukuro Station, Central Tokyo and Very Convenient",One-Bedroom Apartment,unverified,27982,5854,no,9.6,16,no,no,Booking (review>=8 filter),https://www.booking.com/hotel/jp/2-min-walk-to-ikebukuro-station.html?checkin=2026-11-15&checkout=2026-11-16&group_adults=2&no_rooms=1&selected_currency=JPY
2026-11-15,Sun,2026-11-16,OMO5 Tokyo Otsuka by Hoshino Resorts,YAGURA Room,private,28473,5957,no,8.8,1371,no,no,Booking (hotel/apartment filter),https://www.booking.com/hotel/jp/xing-ye-rizoto-omo5-da-zhong.html?checkin=2026-11-15&checkout=2026-11-16&group_adults=2&no_rooms=1&selected_currency=JPY
2026-11-15,Sun,2026-11-16,OMO5 Tokyo Otsuka by Hoshino Resorts,YAGURA Room,unverified,28473,5957,no,8.8,1371,no,no,Booking (review>=8 filter),https://www.booking.com/hotel/jp/xing-ye-rizoto-omo5-da-zhong.html?checkin=2026-11-15&checkout=2026-11-16&group_adults=2&no_rooms=1&selected_currency=JPY
2026-11-15,Sun,2026-11-16,池袋大型交通生活便利1f,,private,28636,5991,no,,0,no,no,Booking (hotel/apartment filter),https://www.booking.com/hotel/jp/chi-dai-da-xing-jiao-tong-sheng-huo-bian-li-2f.html?checkin=2026-11-15&checkout=2026-11-16&group_adults=2&no_rooms=1&selected_currency=JPY
2026-11-15,Sun,2026-11-16,Tokyo Ikebukuro Garden Villa Hotel,,private,29455,6162,no,,0,no,no,Booking (hotel/apartment filter),https://www.booking.com/hotel/jp/tokyo-ikebukuro-garden-villa.html?checkin=2026-11-15&checkout=2026-11-16&group_adults=2&no_rooms=1&selected_currency=JPY
2026-11-15,Sun,2026-11-16,ASTA HOTEL - Vacation STAY 87298v,,private,30565,6394,no,,0,yes,no,Booking (hotel/apartment filter),https://www.booking.com/hotel/jp/asta-vacation-stay-87298v.html?checkin=2026-11-15&checkout=2026-11-16&group_adults=2&no_rooms=1&selected_currency=JPY
2026-11-15,Sun,2026-11-16,Ikebukuro 3-Chome Stay,,private,30600,6402,no,10.0,0,no,no,Booking (hotel/apartment filter),https://www.booking.com/hotel/jp/chi-dai-3ding-mu-stay.html?checkin=2026-11-15&checkout=2026-11-16&group_adults=2&no_rooms=1&selected_currency=JPY
2026-11-15,Sun,2026-11-16,Ikebukuro 3-Chome Stay,,unverified,30600,6402,no,10.0,0,no,no,Booking (review>=8 filter),https://www.booking.com/hotel/jp/chi-dai-3ding-mu-stay.html?checkin=2026-11-15&checkout=2026-11-16&group_adults=2&no_rooms=1&selected_currency=JPY
2026-11-15,Sun,2026-11-16,新宿 涉谷 原宿可多线直达 有Wifi 山手线大站池袋车站一戸建,,unverified,31091,6504,no,10.0,0,no,no,Booking (review>=8 filter),https://www.booking.com/hotel/jp/xin-su-she-gu-yuan-su-ke-duo-xian-zhi-da-you-wifi-shan-shou-xian-da-zhan-chi-dai.html?checkin=2026-11-15&checkout=2026-11-16&group_adults=2&no_rooms=1&selected_currency=JPY
2026-11-15,Sun,2026-11-16,Y's INN Ikefukuro 109T,Villa,unverified,31371,6563,no,8.3,3,yes,no,Booking (review>=8 filter),https://www.booking.com/hotel/jp/chi-dai-chi-dai-yi-madetu-bu-11fen-xin-su-shibui-gu-qian-cao-yin-zuo-qiu-xie-yua.html?checkin=2026-11-15&checkout=2026-11-16&group_adults=2&no_rooms=1&selected_currency=JPY
2026-11-15,Sun,2026-11-16,悠悠之家 池袋商业区 7分钟步行到池袋车站 3层独栋别墅 全新 3房2厅厨卫齐全 免费车库 奈飞影院,Three-Bedroom Villa,unverified,31818,6656,no,9.5,2,no,no,Booking (review>=8 filter),https://www.booking.com/hotel/jp/you-you-zhi-jia-chi-dai-shang-ye-qu-7fen-zhong-bu-xing-dao-chi-dai-che-zhan-3cen.html?checkin=2026-11-15&checkout=2026-11-16&group_adults=2&no_rooms=1&selected_currency=JPY
2026-11-15,Sun,2026-11-16,桜の川65 池袋駅C6口 8分 2-10人丨Ikebukuro JR Line C6 Exit 8 minutes 2-10 people,Late Escape Deal,private,32073,6710,no,9.5,27,no,no,Booking (hotel/apartment filter),https://www.booking.com/hotel/jp/ying-nochuan-65-ikebukuro-area.html?checkin=2026-11-15&checkout=2026-11-16&group_adults=2&no_rooms=1&selected_currency=JPY
2026-11-15,Sun,2026-11-16,桜の川65 池袋駅C6口 8分 2-10人丨Ikebukuro JR Line C6 Exit 8 minutes 2-10 people,Late Escape Deal,unverified,32073,6710,no,9.5,27,no,no,Booking (review>=8 filter),https://www.booking.com/hotel/jp/ying-nochuan-65-ikebukuro-area.html?checkin=2026-11-15&checkout=2026-11-16&group_adults=2&no_rooms=1&selected_currency=JPY
2026-11-15,Sun,2026-11-16,Oasis IKEBUKURO,Late Escape Deal,unverified,33840,7079,no,8.0,2,no,no,Booking (review>=8 filter),https://www.booking.com/hotel/jp/oasis-ikebukuro.html?checkin=2026-11-15&checkout=2026-11-16&group_adults=2&no_rooms=1&selected_currency=JPY
2026-11-15,Sun,2026-11-16,Hotel Metropolitan Tokyo Ikebukuro,Standard Queen Room - Non-Smoking,private,35044,7331,no,8.8,3049,yes,no,Booking (hotel/apartment filter),https://www.booking.com/hotel/jp/metropolitan-tokyo.html?checkin=2026-11-15&checkout=2026-11-16&group_adults=2&no_rooms=1&selected_currency=JPY
2026-11-15,Sun,2026-11-16,Hotel Metropolitan Tokyo Ikebukuro,Standard Queen Room - Non-Smoking,unverified,35044,7331,no,8.8,3049,yes,no,Booking (review>=8 filter),https://www.booking.com/hotel/jp/metropolitan-tokyo.html?checkin=2026-11-15&checkout=2026-11-16&group_adults=2&no_rooms=1&selected_currency=JPY
2026-11-15,Sun,2026-11-16,Yume No Yado Irodori 127t,Villa,unverified,35648,7458,no,,0,yes,no,Booking (review>=8 filter),https://www.booking.com/hotel/jp/127t-meng-nosu-cai-ri-3ldkyi-xuan-jia-dai-qie-chi-dai-yi-tu-bu-10fen-siyotupingu.html?checkin=2026-11-15&checkout=2026-11-16&group_adults=2&no_rooms=1&selected_currency=JPY
2026-11-15,Sun,2026-11-16,Hotel Bellclassic Tokyo,Comfort Single Room - Non-Smoking,private,38182,7988,no,8.9,43,yes,no,Booking (hotel/apartment filter),https://www.booking.com/hotel/jp/bellclassic.html?checkin=2026-11-15&checkout=2026-11-16&group_adults=2&no_rooms=1&selected_currency=JPY
2026-11-15,Sun,2026-11-16,Hotel Bellclassic Tokyo,Comfort Single Room - Non-Smoking,unverified,38182,7988,no,8.9,43,yes,no,Booking (review>=8 filter),https://www.booking.com/hotel/jp/bellclassic.html?checkin=2026-11-15&checkout=2026-11-16&group_adults=2&no_rooms=1&selected_currency=JPY
2026-11-15,Sun,2026-11-16,Corpo Okazaki 302 - Vacation STAY 20120,,private,40562,8486,no,,0,yes,no,Booking (hotel/apartment filter),https://www.booking.com/hotel/jp/corpo-okazaki-302-vacation-stay-20120.html?checkin=2026-11-15&checkout=2026-11-16&group_adults=2&no_rooms=1&selected_currency=JPY
2026-11-15,Sun,2026-11-16,"F2 Ikebukuro Business District hotel, 9 mins to ST Max 4P 池袋商务区 全新装修 交通中心 车站9分钟 最大4人 直达新宿 涉谷 表参道 品川 池袋 上野 代代木 银座 原宿",,private,40909,8558,no,,0,no,no,Booking (hotel/apartment filter),https://www.booking.com/hotel/jp/f2-ikebukuro-business-district-9-mins-to-st-max-4p-chi-dai-shang-wu-qu-quan-xin.html?checkin=2026-11-15&checkout=2026-11-16&group_adults=2&no_rooms=1&selected_currency=JPY
2026-11-15,Sun,2026-11-16,"9-min walk to Ikebukuro Station, 1-min walk to Kanamecho Station Max 8 guests 70 sqm Free parking Direct access to Shinjuku, Shibuya, Ueno",Two-Bedroom Apartment,unverified,42085,8804,no,8.8,6,no,no,Booking (review>=8 filter),https://www.booking.com/hotel/jp/9-min-walk-to-ikebukuro-station-1-min-walk-to-kanamecho-station-max-8-guests-70.html?checkin=2026-11-15&checkout=2026-11-16&group_adults=2&no_rooms=1&selected_currency=JPY
2026-11-15,Sun,2026-11-16,MINE HOME Higashi Ikebukuro 117t,Villa,unverified,46969,9826,no,9.4,6,yes,no,Booking (review>=8 filter),https://www.booking.com/hotel/jp/mhdong-chi-dai-yi-xuan-jia-dai-qie-da-zhong-yi-tu-bu-10fen-kituzusupesu-da-kinar.html?checkin=2026-11-15&checkout=2026-11-16&group_adults=2&no_rooms=1&selected_currency=JPY
2026-11-15,Sun,2026-11-16,hotel hisoca ikebukuro,King Room,private,48491,10144,no,9.3,327,yes,no,Booking (hotel/apartment filter),https://www.booking.com/hotel/jp/hisoca.html?checkin=2026-11-15&checkout=2026-11-16&group_adults=2&no_rooms=1&selected_currency=JPY
2026-11-15,Sun,2026-11-16,hotel hisoca ikebukuro,King Room,unverified,48491,10144,no,9.3,327,yes,no,Booking (review>=8 filter),https://www.booking.com/hotel/jp/hisoca.html?checkin=2026-11-15&checkout=2026-11-16&group_adults=2&no_rooms=1&selected_currency=JPY
2026-11-15,Sun,2026-11-16,Ikebukuro 3 Chome,Villa,unverified,56445,11808,no,9.5,2,yes,no,Booking (review>=8 filter),https://www.booking.com/hotel/jp/ikebukuro-3-chome.html?checkin=2026-11-15&checkout=2026-11-16&group_adults=2&no_rooms=1&selected_currency=JPY
2026-11-15,Sun,2026-11-16,Corpo Okazaki - Vacation STAY 20516,,unverified,56492,11818,no,8.0,0,yes,no,Booking (review>=8 filter),https://www.booking.com/hotel/jp/corpo-okazaki-vacation-stay-20516.html?checkin=2026-11-15&checkout=2026-11-16&group_adults=2&no_rooms=1&selected_currency=JPY
2026-11-15,Sun,2026-11-16,Felizstay Ikebukuro,New to Booking.com,unverified,59023,12348,no,,0,yes,no,Booking (review>=8 filter),https://www.booking.com/hotel/jp/felizstay-ikebukuro.html?checkin=2026-11-15&checkout=2026-11-16&group_adults=2&no_rooms=1&selected_currency=JPY
2026-11-15,Sun,2026-11-16,MIMARU Tokyo Ikebukuro,One-Bedroom Loft Bed Apartment,unverified,61855,12940,no,9.1,1045,yes,no,Booking (review>=8 filter),https://www.booking.com/hotel/jp/mimarudong-jing-chi-dai.html?checkin=2026-11-15&checkout=2026-11-16&group_adults=2&no_rooms=1&selected_currency=JPY
2026-11-15,Sun,2026-11-16,8路線使用可能！アクセス抜群/池袋駅より徒歩5分/最大11名/Wi-Fi完備/まるごと3LDK,Three-Bedroom Apartment,unverified,144953,30324,no,8.6,39,yes,no,Booking (review>=8 filter),https://www.booking.com/hotel/jp/8lu-xian-shi-yong-ke-neng-akusesuba-qun-chi-dai-yi-yoritu-bu-5fen-zui-da-11ming.html?checkin=2026-11-15&checkout=2026-11-16&group_adults=2&no_rooms=1&selected_currency=JPY
